schedule_date,season,week,home_team,home_score,away_score,away_team,team_favorite_id,spread_favorite,over_under_line
9/7/2006,2006,1,Pittsburgh Steelers,28,17,Miami Dolphins,PIT,-1.5,34.5
9/10/2006,2006,1,Arizona Cardinals,34,27,San Francisco 49ers,ARI,-9.5,44
9/10/2006,2006,1,Carolina Panthers,6,20,Atlanta Falcons,CAR,-4.5,39
9/10/2006,2006,1,Cleveland Browns,14,19,New Orleans Saints,CLE,-3,36
9/10/2006,2006,1,Detroit Lions,6,9,Seattle Seahawks,SEA,-6,44
9/10/2006,2006,1,Green Bay Packers,0,26,Chicago Bears,CHI,-3.5,35
9/10/2006,2006,1,Houston Texans,10,24,Philadelphia Eagles,PHI,-6,37
9/10/2006,2006,1,Jacksonville Jaguars,24,17,Dallas Cowboys,DAL,-2.5,36.5
9/10/2006,2006,1,Kansas City Chiefs,10,23,Cincinnati Bengals,CIN,-1.5,49.5
9/10/2006,2006,1,New England Patriots,19,17,Buffalo Bills,NE,-10,41
9/10/2006,2006,1,New York Giants,21,26,Indianapolis Colts,IND,-3,47.5
9/10/2006,2006,1,St. Louis Rams,18,10,Denver Broncos,DEN,-3.5,46
9/10/2006,2006,1,Tampa Bay Buccaneers,0,27,Baltimore Ravens,TB,-3,33
9/10/2006,2006,1,Tennessee Titans,16,23,New York Jets,TEN,-2.5,35
9/11/2006,2006,1,Oakland Raiders,0,27,San Diego Chargers,LAC,-3,41.5
9/11/2006,2006,1,Washington Redskins,16,19,Minnesota Vikings,WAS,-4,35.5
9/17/2006,2006,2,Atlanta Falcons,14,3,Tampa Bay Buccaneers,ATL,-4.5,36
9/17/2006,2006,2,Baltimore Ravens,28,6,Oakland Raiders,BAL,-13,34
9/17/2006,2006,2,Chicago Bears,34,7,Detroit Lions,CHI,-7,32
9/17/2006,2006,2,Cincinnati Bengals,34,17,Cleveland Browns,CIN,-10.5,40.5
9/17/2006,2006,2,Dallas Cowboys,27,10,Washington Redskins,DAL,-7,37
9/17/2006,2006,2,Denver Broncos,9,6,Kansas City Chiefs,DEN,-11,38
9/17/2006,2006,2,Green Bay Packers,27,34,New Orleans Saints,NO,-1,40.5
9/17/2006,2006,2,Indianapolis Colts,43,24,Houston Texans,IND,-12.5,47
9/17/2006,2006,2,Miami Dolphins,6,16,Buffalo Bills,MIA,-6.5,37
9/17/2006,2006,2,Minnesota Vikings,16,13,Carolina Panthers,MIN,-2,37.5
9/17/2006,2006,2,New York Jets,17,24,New England Patriots,NE,-6,38.5
9/17/2006,2006,2,Philadelphia Eagles,24,30,New York Giants,PHI,-3,42
9/17/2006,2006,2,San Diego Chargers,40,7,Tennessee Titans,LAC,-12,38.5
9/17/2006,2006,2,San Francisco 49ers,20,13,St. Louis Rams,LAR,-3,44.5
9/17/2006,2006,2,Seattle Seahawks,21,10,Arizona Cardinals,SEA,-7,48
9/18/2006,2006,2,Jacksonville Jaguars,9,0,Pittsburgh Steelers,PIT,-2.5,36.5
9/24/2006,2006,3,Arizona Cardinals,14,16,St. Louis Rams,ARI,-5.5,45
9/24/2006,2006,3,Buffalo Bills,20,28,New York Jets,BUF,-6,33
9/24/2006,2006,3,Cleveland Browns,14,15,Baltimore Ravens,BAL,-6.5,33
9/24/2006,2006,3,Detroit Lions,24,31,Green Bay Packers,DET,-6.5,41
9/24/2006,2006,3,Houston Texans,15,31,Washington Redskins,WAS,-3.5,37.5
9/24/2006,2006,3,Indianapolis Colts,21,14,Jacksonville Jaguars,IND,-6.5,41.5
9/24/2006,2006,3,Miami Dolphins,13,10,Tennessee Titans,MIA,-10.5,36
9/24/2006,2006,3,Minnesota Vikings,16,19,Chicago Bears,CHI,-3.5,35
9/24/2006,2006,3,New England Patriots,7,17,Denver Broncos,NE,-6.5,38.5
9/24/2006,2006,3,Pittsburgh Steelers,20,28,Cincinnati Bengals,PIT,-2,42
9/24/2006,2006,3,San Francisco 49ers,24,38,Philadelphia Eagles,PHI,-6,42.5
9/24/2006,2006,3,Seattle Seahawks,42,30,New York Giants,SEA,-4,43
9/24/2006,2006,3,Tampa Bay Buccaneers,24,26,Carolina Panthers,CAR,-3,33.5
9/25/2006,2006,3,New Orleans Saints,23,3,Atlanta Falcons,ATL,-4,45
10/1/2006,2006,4,Atlanta Falcons,32,10,Arizona Cardinals,ATL,-7.5,42
10/1/2006,2006,4,Baltimore Ravens,16,13,San Diego Chargers,LAC,-1,33.5
10/1/2006,2006,4,Buffalo Bills,17,12,Minnesota Vikings,BUF,-1,34.5
10/1/2006,2006,4,Carolina Panthers,21,18,New Orleans Saints,CAR,-7.5,41
10/1/2006,2006,4,Chicago Bears,37,6,Seattle Seahawks,CHI,-3.5,37
10/1/2006,2006,4,Cincinnati Bengals,13,38,New England Patriots,CIN,-6,46
10/1/2006,2006,4,Houston Texans,17,15,Miami Dolphins,MIA,-4,40
10/1/2006,2006,4,Kansas City Chiefs,41,0,San Francisco 49ers,KC,-7,39.5
10/1/2006,2006,4,New York Jets,28,31,Indianapolis Colts,IND,-8,46
10/1/2006,2006,4,Oakland Raiders,21,24,Cleveland Browns,CLE,-2.5,33.5
10/1/2006,2006,4,St. Louis Rams,41,34,Detroit Lions,LAR,-5,42.5
10/1/2006,2006,4,Tennessee Titans,14,45,Dallas Cowboys,DAL,-9.5,37
10/1/2006,2006,4,Washington Redskins,36,30,Jacksonville Jaguars,JAX,-3,34
10/2/2006,2006,4,Philadelphia Eagles,31,9,Green Bay Packers,PHI,-11.5,49.5
10/8/2006,2006,5,Arizona Cardinals,20,23,Kansas City Chiefs,KC,-3.5,40
10/8/2006,2006,5,Carolina Panthers,20,12,Cleveland Browns,CAR,-7.5,38
10/8/2006,2006,5,Chicago Bears,40,7,Buffalo Bills,CHI,-9.5,34.5
10/8/2006,2006,5,Green Bay Packers,20,23,St. Louis Rams,LAR,-2.5,46.5
10/8/2006,2006,5,Indianapolis Colts,14,13,Tennessee Titans,IND,-18,47.5
10/8/2006,2006,5,Jacksonville Jaguars,41,0,New York Jets,JAX,-7,38
10/8/2006,2006,5,Minnesota Vikings,26,17,Detroit Lions,MIN,-6,41
10/8/2006,2006,5,New England Patriots,20,10,Miami Dolphins,NE,-9.5,36.5
10/8/2006,2006,5,New Orleans Saints,24,21,Tampa Bay Buccaneers,NO,-7,35
10/8/2006,2006,5,New York Giants,19,3,Washington Redskins,NYG,-5.5,45.5
10/8/2006,2006,5,Philadelphia Eagles,38,24,Dallas Cowboys,PHI,-2,43
10/8/2006,2006,5,San Diego Chargers,23,13,Pittsburgh Steelers,LAC,-3,37.5
10/8/2006,2006,5,San Francisco 49ers,34,20,Oakland Raiders,SF,-3.5,39.5
10/9/2006,2006,5,Denver Broncos,13,3,Baltimore Ravens,DEN,-5,33.5
10/15/2006,2006,6,Atlanta Falcons,14,27,New York Giants,ATL,-3,41.5
10/15/2006,2006,6,Baltimore Ravens,21,23,Carolina Panthers,BAL,-3,33
10/15/2006,2006,6,Dallas Cowboys,34,6,Houston Texans,DAL,-13,44
10/15/2006,2006,6,Denver Broncos,13,3,Oakland Raiders,DEN,-16,37
10/15/2006,2006,6,Detroit Lions,20,17,Buffalo Bills,BUF,-1,40.5
10/15/2006,2006,6,New Orleans Saints,27,24,Philadelphia Eagles,PHI,-3,47
10/15/2006,2006,6,New York Jets,20,17,Miami Dolphins,NYJ,-2.5,36.5
10/15/2006,2006,6,Pittsburgh Steelers,45,7,Kansas City Chiefs,PIT,-6.5,36.5
10/15/2006,2006,6,San Francisco 49ers,19,48,San Diego Chargers,LAC,-10,42.5
10/15/2006,2006,6,St. Louis Rams,28,30,Seattle Seahawks,SEA,-3,45
10/15/2006,2006,6,Tampa Bay Buccaneers,14,13,Cincinnati Bengals,CIN,-5,44.5
10/15/2006,2006,6,Washington Redskins,22,25,Tennessee Titans,WAS,-12,39.5
10/16/2006,2006,6,Arizona Cardinals,23,24,Chicago Bears,CHI,-13,40.5
10/22/2006,2006,7,Atlanta Falcons,41,38,Pittsburgh Steelers,PIT,-3,39
10/22/2006,2006,7,Buffalo Bills,6,28,New England Patriots,NE,-5.5,37
10/22/2006,2006,7,Cincinnati Bengals,17,14,Carolina Panthers,CIN,-3,44.5
10/22/2006,2006,7,Cleveland Browns,7,17,Denver Broncos,DEN,-4.5,31
10/22/2006,2006,7,Houston Texans,27,7,Jacksonville Jaguars,JAX,-8,39.5
10/22/2006,2006,7,Indianapolis Colts,36,22,Washington Redskins,IND,-8.5,47
10/22/2006,2006,7,Kansas City Chiefs,30,27,San Diego Chargers,LAC,-5.5,39
10/22/2006,2006,7,Miami Dolphins,24,34,Green Bay Packers,MIA,-5.5,40
10/22/2006,2006,7,New York Jets,31,24,Detroit Lions,NYJ,-3.5,43.5
10/22/2006,2006,7,Oakland Raiders,22,9,Arizona Cardinals,ARI,-3,40
10/22/2006,2006,7,Seattle Seahawks,13,31,Minnesota Vikings,SEA,-7,40.5
10/22/2006,2006,7,Tampa Bay Buccaneers,23,21,Philadelphia Eagles,PHI,-6,43
10/23/2006,2006,7,Dallas Cowboys,22,36,New York Giants,DAL,-3,43.5
10/29/2006,2006,8,Carolina Panthers,14,35,Dallas Cowboys,CAR,-5.5,40.5
10/29/2006,2006,8,Chicago Bears,41,10,San Francisco 49ers,CHI,-16.5,42
10/29/2006,2006,8,Cincinnati Bengals,27,29,Atlanta Falcons,CIN,-4.5,46.5
10/29/2006,2006,8,Cleveland Browns,20,13,New York Jets,CLE,-1.5,37.5
10/29/2006,2006,8,Denver Broncos,31,34,Indianapolis Colts,DEN,-3,39.5
10/29/2006,2006,8,Green Bay Packers,31,14,Arizona Cardinals,GB,-4,45.5
10/29/2006,2006,8,Kansas City Chiefs,35,28,Seattle Seahawks,KC,-5,37
10/29/2006,2006,8,New Orleans Saints,22,35,Baltimore Ravens,NO,-2,37
10/29/2006,2006,8,New York Giants,17,3,Tampa Bay Buccaneers,NYG,-9.5,36
10/29/2006,2006,8,Oakland Raiders,20,13,Pittsburgh Steelers,PIT,-9,38.5
10/29/2006,2006,8,Philadelphia Eagles,6,13,Jacksonville Jaguars,PHI,-8,39
10/29/2006,2006,8,San Diego Chargers,38,24,St. Louis Rams,LAC,-9,46
10/29/2006,2006,8,Tennessee Titans,28,22,Houston Texans,TEN,-3,42
10/30/2006,2006,8,Minnesota Vikings,7,31,New England Patriots,NE,-2.5,39.5
11/5/2006,2006,9,Baltimore Ravens,26,20,Cincinnati Bengals,BAL,-3,41
11/5/2006,2006,9,Buffalo Bills,24,10,Green Bay Packers,BUF,-3,41
11/5/2006,2006,9,Chicago Bears,13,31,Miami Dolphins,CHI,-13.5,37.5
11/5/2006,2006,9,Detroit Lions,30,14,Atlanta Falcons,DET,-5,47
11/5/2006,2006,9,Jacksonville Jaguars,37,7,Tennessee Titans,JAX,-9.5,37
11/5/2006,2006,9,New England Patriots,20,27,Indianapolis Colts,NE,-2.5,47.5
11/5/2006,2006,9,New York Giants,14,10,Houston Texans,NYG,-13,43.5
11/5/2006,2006,9,Pittsburgh Steelers,20,31,Denver Broncos,PIT,-2.5,36.5
11/5/2006,2006,9,San Diego Chargers,32,25,Cleveland Browns,LAC,-13.5,42
11/5/2006,2006,9,San Francisco 49ers,9,3,Minnesota Vikings,MIN,-4,43
11/5/2006,2006,9,St. Louis Rams,17,31,Kansas City Chiefs,LAR,-3,48.5
11/5/2006,2006,9,Tampa Bay Buccaneers,14,31,New Orleans Saints,TB,-1.5,37
11/5/2006,2006,9,Washington Redskins,22,19,Dallas Cowboys,DAL,-3,40.5
11/6/2006,2006,9,Seattle Seahawks,16,0,Oakland Raiders,SEA,-7.5,36
11/12/2006,2006,10,Arizona Cardinals,10,27,Dallas Cowboys,DAL,-6.5,43.5
11/12/2006,2006,10,Atlanta Falcons,13,17,Cleveland Browns,ATL,-7.5,41.5
11/12/2006,2006,10,Cincinnati Bengals,41,49,San Diego Chargers,LAC,-1.5,48
11/12/2006,2006,10,Detroit Lions,13,19,San Francisco 49ers,DET,-6,46.5
11/12/2006,2006,10,Indianapolis Colts,17,16,Buffalo Bills,IND,-12.5,45
11/12/2006,2006,10,Jacksonville Jaguars,10,13,Houston Texans,JAX,-10.5,37.5
11/12/2006,2006,10,Miami Dolphins,13,10,Kansas City Chiefs,MIA,-2,40.5
11/12/2006,2006,10,Minnesota Vikings,17,23,Green Bay Packers,MIN,-5,40.5
11/12/2006,2006,10,New England Patriots,14,17,New York Jets,NE,-10.5,38
11/12/2006,2006,10,New York Giants,20,38,Chicago Bears,NYG,-1,37.5
11/12/2006,2006,10,Oakland Raiders,13,17,Denver Broncos,DEN,-8,33.5
11/12/2006,2006,10,Philadelphia Eagles,27,3,Washington Redskins,PHI,-8,41.5
11/12/2006,2006,10,Pittsburgh Steelers,38,31,New Orleans Saints,PIT,-6.5,45.5
11/12/2006,2006,10,Seattle Seahawks,24,22,St. Louis Rams,SEA,-3,43.5
11/12/2006,2006,10,Tennessee Titans,26,27,Baltimore Ravens,BAL,-7.5,38
11/13/2006,2006,10,Carolina Panthers,24,10,Tampa Bay Buccaneers,CAR,-10,37
11/19/2006,2006,11,Arizona Cardinals,17,10,Detroit Lions,ARI,-2.5,45.5
11/19/2006,2006,11,Baltimore Ravens,24,10,Atlanta Falcons,BAL,-3.5,41.5
11/19/2006,2006,11,Carolina Panthers,15,0,St. Louis Rams,CAR,-6.5,44.5
11/19/2006,2006,11,Cleveland Browns,20,24,Pittsburgh Steelers,PIT,-4,36
11/19/2006,2006,11,Dallas Cowboys,21,14,Indianapolis Colts,IND,-1,49
11/19/2006,2006,11,Denver Broncos,27,35,San Diego Chargers,DEN,-2.5,42.5
11/19/2006,2006,11,Green Bay Packers,0,35,New England Patriots,NE,-6,46
11/19/2006,2006,11,Houston Texans,21,24,Buffalo Bills,HOU,-2.5,36.5
11/19/2006,2006,11,Kansas City Chiefs,17,13,Oakland Raiders,KC,-9,36.5
11/19/2006,2006,11,Miami Dolphins,24,20,Minnesota Vikings,MIA,-3,33.5
11/19/2006,2006,11,New Orleans Saints,16,31,Cincinnati Bengals,NO,-3,52.5
11/19/2006,2006,11,New York Jets,0,10,Chicago Bears,CHI,-5.5,40.5
11/19/2006,2006,11,Philadelphia Eagles,13,31,Tennessee Titans,PHI,-13,43.5
11/19/2006,2006,11,San Francisco 49ers,20,14,Seattle Seahawks,SEA,-3,43.5
11/19/2006,2006,11,Tampa Bay Buccaneers,20,17,Washington Redskins,TB,-3,34
11/20/2006,2006,11,Jacksonville Jaguars,26,10,New York Giants,JAX,-3.5,38.5
11/23/2006,2006,12,Dallas Cowboys,38,10,Tampa Bay Buccaneers,DAL,-11,39
11/23/2006,2006,12,Detroit Lions,10,27,Miami Dolphins,MIA,-2.5,40.5
11/23/2006,2006,12,Kansas City Chiefs,19,10,Denver Broncos,KC,-1,39
11/26/2006,2006,12,Atlanta Falcons,13,31,New Orleans Saints,ATL,-3,48
11/26/2006,2006,12,Baltimore Ravens,27,0,Pittsburgh Steelers,BAL,-3,40.5
11/26/2006,2006,12,Buffalo Bills,27,24,Jacksonville Jaguars,JAX,-3,35
11/26/2006,2006,12,Cleveland Browns,0,30,Cincinnati Bengals,CIN,-3,44
11/26/2006,2006,12,Indianapolis Colts,45,21,Philadelphia Eagles,IND,-9.5,45
11/26/2006,2006,12,Minnesota Vikings,31,26,Arizona Cardinals,MIN,-6,39
11/26/2006,2006,12,New England Patriots,17,13,Chicago Bears,NE,-3.5,38
11/26/2006,2006,12,New York Jets,26,11,Houston Texans,NYJ,-5.5,40
11/26/2006,2006,12,San Diego Chargers,21,14,Oakland Raiders,LAC,-13,43
11/26/2006,2006,12,St. Louis Rams,20,17,San Francisco 49ers,LAR,-4.5,45
11/26/2006,2006,12,Tennessee Titans,24,21,New York Giants,NYG,-3.5,45
11/26/2006,2006,12,Washington Redskins,17,13,Carolina Panthers,CAR,-6,36
11/27/2006,2006,12,Seattle Seahawks,34,24,Green Bay Packers,SEA,-10,42.5
11/30/2006,2006,13,Cincinnati Bengals,13,7,Baltimore Ravens,CIN,-2.5,43.5
12/3/2006,2006,13,Buffalo Bills,21,24,San Diego Chargers,LAC,-5.5,42.5
12/3/2006,2006,13,Chicago Bears,23,13,Minnesota Vikings,CHI,-9,34.5
12/3/2006,2006,13,Cleveland Browns,31,28,Kansas City Chiefs,KC,-5,35.5
12/3/2006,2006,13,Denver Broncos,20,23,Seattle Seahawks,DEN,-4,40.5
12/3/2006,2006,13,Green Bay Packers,10,38,New York Jets,PICK,0,42.5
12/3/2006,2006,13,Miami Dolphins,10,24,Jacksonville Jaguars,PICK,0,35.5
12/3/2006,2006,13,New England Patriots,28,21,Detroit Lions,NE,-13.5,41.5
12/3/2006,2006,13,New Orleans Saints,34,10,San Francisco 49ers,NO,-7,45.5
12/3/2006,2006,13,New York Giants,20,23,Dallas Cowboys,DAL,-3.5,44
12/3/2006,2006,13,Oakland Raiders,14,23,Houston Texans,LVR,-3.5,35.5
12/3/2006,2006,13,Pittsburgh Steelers,20,3,Tampa Bay Buccaneers,PIT,-7,41
12/3/2006,2006,13,St. Louis Rams,20,34,Arizona Cardinals,LAR,-6.5,47
12/3/2006,2006,13,Tennessee Titans,20,17,Indianapolis Colts,IND,-7.5,46.5
12/3/2006,2006,13,Washington Redskins,14,24,Atlanta Falcons,WAS,-1.5,38.5
12/4/2006,2006,13,Philadelphia Eagles,27,24,Carolina Panthers,CAR,-3,37.5
12/7/2006,2006,14,Pittsburgh Steelers,27,7,Cleveland Browns,PIT,-7.5,34.5
12/10/2006,2006,14,Arizona Cardinals,27,21,Seattle Seahawks,SEA,-3.5,45
12/10/2006,2006,14,Carolina Panthers,13,27,New York Giants,NYG,-2.5,39
12/10/2006,2006,14,Cincinnati Bengals,27,10,Oakland Raiders,CIN,-10.5,39.5
12/10/2006,2006,14,Dallas Cowboys,17,42,New Orleans Saints,DAL,-6.5,48
12/10/2006,2006,14,Detroit Lions,20,30,Minnesota Vikings,DET,-1,40
12/10/2006,2006,14,Houston Texans,20,26,Tennessee Titans,HOU,-1.5,42
12/10/2006,2006,14,Jacksonville Jaguars,44,17,Indianapolis Colts,IND,-1,44
12/10/2006,2006,14,Kansas City Chiefs,10,20,Baltimore Ravens,KC,-3,37.5
12/10/2006,2006,14,Miami Dolphins,21,0,New England Patriots,NE,-3,37
12/10/2006,2006,14,New York Jets,13,31,Buffalo Bills,NYJ,-3.5,37.5
12/10/2006,2006,14,San Diego Chargers,48,20,Denver Broncos,LAC,-7,41
12/10/2006,2006,14,San Francisco 49ers,19,30,Green Bay Packers,SF,-4,43.5
12/10/2006,2006,14,Tampa Bay Buccaneers,6,17,Atlanta Falcons,ATL,-3,38
12/10/2006,2006,14,Washington Redskins,19,21,Philadelphia Eagles,PHI,-2,40.5
12/11/2006,2006,14,St. Louis Rams,27,42,Chicago Bears,CHI,-6.5,41.5
12/14/2006,2006,15,Seattle Seahawks,14,24,San Francisco 49ers,SEA,-10,38
12/16/2006,2006,15,Atlanta Falcons,28,38,Dallas Cowboys,DAL,-3.5,44.5
12/17/2006,2006,15,Arizona Cardinals,20,37,Denver Broncos,DEN,-2.5,44
12/17/2006,2006,15,Baltimore Ravens,27,17,Cleveland Browns,BAL,-12,34.5
12/17/2006,2006,15,Buffalo Bills,21,0,Miami Dolphins,BUF,-1,34.5
12/17/2006,2006,15,Carolina Panthers,3,37,Pittsburgh Steelers,PIT,-2.5,39
12/17/2006,2006,15,Chicago Bears,34,31,Tampa Bay Buccaneers,CHI,-13.5,35
12/17/2006,2006,15,Green Bay Packers,17,9,Detroit Lions,GB,-6,45
12/17/2006,2006,15,Minnesota Vikings,13,26,New York Jets,MIN,-3,40.5
12/17/2006,2006,15,New England Patriots,40,7,Houston Texans,NE,-12.5,37.5
12/17/2006,2006,15,New Orleans Saints,10,16,Washington Redskins,NO,-9.5,47
12/17/2006,2006,15,New York Giants,22,36,Philadelphia Eagles,NYG,-6,45
12/17/2006,2006,15,Oakland Raiders,0,20,St. Louis Rams,LVR,-2,39.5
12/17/2006,2006,15,San Diego Chargers,20,9,Kansas City Chiefs,LAC,-9,47
12/17/2006,2006,15,Tennessee Titans,24,17,Jacksonville Jaguars,JAX,-3.5,41
12/18/2006,2006,15,Indianapolis Colts,34,16,Cincinnati Bengals,IND,-3.5,55
12/21/2006,2006,16,Green Bay Packers,9,7,Minnesota Vikings,GB,-4,38.5
12/23/2006,2006,16,Oakland Raiders,9,20,Kansas City Chiefs,KC,-7,35.5
12/24/2006,2006,16,Atlanta Falcons,3,10,Carolina Panthers,ATL,-6,41
12/24/2006,2006,16,Buffalo Bills,29,30,Tennessee Titans,BUF,-5.5,38
12/24/2006,2006,16,Cleveland Browns,7,22,Tampa Bay Buccaneers,CLE,-3,37.5
12/24/2006,2006,16,Denver Broncos,24,23,Cincinnati Bengals,DEN,-3,44.5
12/24/2006,2006,16,Detroit Lions,21,26,Chicago Bears,CHI,-6,41.5
12/24/2006,2006,16,Houston Texans,27,24,Indianapolis Colts,IND,-9.5,47
12/24/2006,2006,16,Jacksonville Jaguars,21,24,New England Patriots,JAX,-3,37
12/24/2006,2006,16,New York Giants,7,30,New Orleans Saints,NYG,-3,47.5
12/24/2006,2006,16,Pittsburgh Steelers,7,31,Baltimore Ravens,PIT,-4,37
12/24/2006,2006,16,San Francisco 49ers,20,26,Arizona Cardinals,SF,-4,45
12/24/2006,2006,16,Seattle Seahawks,17,20,San Diego Chargers,LAC,-4.5,45
12/24/2006,2006,16,St. Louis Rams,37,31,Washington Redskins,LAR,-2,43
12/25/2006,2006,16,Dallas Cowboys,7,23,Philadelphia Eagles,DAL,-7,48.5
12/25/2006,2006,16,Miami Dolphins,10,13,New York Jets,MIA,-3,36.5
12/30/2006,2006,17,Washington Redskins,28,34,New York Giants,NYG,-2,43
12/31/2006,2006,17,Baltimore Ravens,19,7,Buffalo Bills,BAL,-9,37.5
12/31/2006,2006,17,Chicago Bears,7,26,Green Bay Packers,CHI,-2.5,37
12/31/2006,2006,17,Cincinnati Bengals,17,23,Pittsburgh Steelers,CIN,-6,44.5
12/31/2006,2006,17,Dallas Cowboys,31,39,Detroit Lions,DAL,-14,46
12/31/2006,2006,17,Denver Broncos,23,26,San Francisco 49ers,DEN,-10,39
12/31/2006,2006,17,Houston Texans,14,6,Cleveland Browns,HOU,-6,37.5
12/31/2006,2006,17,Indianapolis Colts,27,22,Miami Dolphins,IND,-9,43.5
12/31/2006,2006,17,Kansas City Chiefs,35,30,Jacksonville Jaguars,KC,-2.5,37
12/31/2006,2006,17,Minnesota Vikings,21,41,St. Louis Rams,LAR,-2.5,44
12/31/2006,2006,17,New Orleans Saints,21,31,Carolina Panthers,CAR,-2,38.5
12/31/2006,2006,17,New York Jets,23,3,Oakland Raiders,NYJ,-10.5,34.5
12/31/2006,2006,17,Philadelphia Eagles,24,17,Atlanta Falcons,PHI,-8.5,43
12/31/2006,2006,17,San Diego Chargers,27,20,Arizona Cardinals,LAC,-14,44
12/31/2006,2006,17,Tampa Bay Buccaneers,7,23,Seattle Seahawks,TB,-3,38
12/31/2006,2006,17,Tennessee Titans,23,40,New England Patriots,TEN,-3,41.5
1/6/2007,2006,Wildcard,Indianapolis Colts,23,8,Kansas City Chiefs,IND,-6.5,51
1/6/2007,2006,Wildcard,Seattle Seahawks,21,20,Dallas Cowboys,SEA,-2,48.5
1/7/2007,2006,Wildcard,New England Patriots,37,16,New York Jets,NE,-9,38.5
1/7/2007,2006,Wildcard,Philadelphia Eagles,23,20,New York Giants,PHI,-6,46.5
1/13/2007,2006,Division,Baltimore Ravens,6,15,Indianapolis Colts,BAL,-4,41
1/13/2007,2006,Division,New Orleans Saints,27,24,Philadelphia Eagles,NO,-4.5,48.5
1/14/2007,2006,Division,Chicago Bears,27,24,Seattle Seahawks,CHI,-8.5,37.5
1/14/2007,2006,Division,San Diego Chargers,21,24,New England Patriots,LAC,-5,46.5
1/21/2007,2006,Conference,Chicago Bears,39,14,New Orleans Saints,CHI,-3,43
1/21/2007,2006,Conference,Indianapolis Colts,38,34,New England Patriots,IND,-3,47
2/4/2007,2006,Superbowl,Indianapolis Colts,29,17,Chicago Bears,IND,-7,47
9/6/2007,2007,1,Indianapolis Colts,41,10,New Orleans Saints,IND,-5.5,53.5
9/9/2007,2007,1,Buffalo Bills,14,15,Denver Broncos,DEN,-3,37
9/9/2007,2007,1,Cleveland Browns,7,34,Pittsburgh Steelers,PIT,-4.5,36.5
9/9/2007,2007,1,Dallas Cowboys,45,35,New York Giants,DAL,-6.5,44.5
9/9/2007,2007,1,Green Bay Packers,16,13,Philadelphia Eagles,PHI,-3,42.5
9/9/2007,2007,1,Houston Texans,20,3,Kansas City Chiefs,HOU,-3,38
9/9/2007,2007,1,Jacksonville Jaguars,10,13,Tennessee Titans,JAX,-7,38
9/9/2007,2007,1,Minnesota Vikings,24,3,Atlanta Falcons,MIN,-3,35.5
9/9/2007,2007,1,New York Jets,14,38,New England Patriots,NE,-6.5,41
9/9/2007,2007,1,Oakland Raiders,21,36,Detroit Lions,LVR,-2.5,39.5
9/9/2007,2007,1,San Diego Chargers,14,3,Chicago Bears,LAC,-6,42.5
9/9/2007,2007,1,Seattle Seahawks,20,6,Tampa Bay Buccaneers,SEA,-6,41
9/9/2007,2007,1,St. Louis Rams,13,27,Carolina Panthers,LAR,-1,43
9/9/2007,2007,1,Washington Redskins,16,13,Miami Dolphins,WAS,-3,34.5
9/10/2007,2007,1,Cincinnati Bengals,27,20,Baltimore Ravens,CIN,-2.5,40
9/10/2007,2007,1,San Francisco 49ers,20,17,Arizona Cardinals,SF,-3,46.5
9/16/2007,2007,2,Arizona Cardinals,23,20,Seattle Seahawks,SEA,-2.5,42.5
9/16/2007,2007,2,Baltimore Ravens,20,13,New York Jets,BAL,-10,33
9/16/2007,2007,2,Carolina Panthers,21,34,Houston Texans,CAR,-6.5,38.5
9/16/2007,2007,2,Chicago Bears,20,10,Kansas City Chiefs,CHI,-12,34.5
9/16/2007,2007,2,Cleveland Browns,51,45,Cincinnati Bengals,CIN,-7,41.5
9/16/2007,2007,2,Denver Broncos,23,20,Oakland Raiders,DEN,-10,37
9/16/2007,2007,2,Detroit Lions,20,17,Minnesota Vikings,DET,-3,42.5
9/16/2007,2007,2,Jacksonville Jaguars,13,7,Atlanta Falcons,JAX,-10,34.5
9/16/2007,2007,2,Miami Dolphins,20,37,Dallas Cowboys,DAL,-3.5,40.5
9/16/2007,2007,2,New England Patriots,38,14,San Diego Chargers,NE,-3.5,46
9/16/2007,2007,2,New York Giants,13,35,Green Bay Packers,NYG,-2.5,39
9/16/2007,2007,2,Pittsburgh Steelers,26,3,Buffalo Bills,PIT,-10,39
9/16/2007,2007,2,St. Louis Rams,16,17,San Francisco 49ers,LAR,-3,44
9/16/2007,2007,2,Tampa Bay Buccaneers,31,14,New Orleans Saints,NO,-4,41.5
9/16/2007,2007,2,Tennessee Titans,20,22,Indianapolis Colts,IND,-7,46
9/17/2007,2007,2,Philadelphia Eagles,12,20,Washington Redskins,PHI,-7,38.5
9/23/2007,2007,3,Atlanta Falcons,20,27,Carolina Panthers,CAR,-4,38.5
9/23/2007,2007,3,Baltimore Ravens,26,23,Arizona Cardinals,BAL,-7,35.5
9/23/2007,2007,3,Chicago Bears,10,34,Dallas Cowboys,CHI,-3,41.5
9/23/2007,2007,3,Denver Broncos,14,23,Jacksonville Jaguars,DEN,-3,36
9/23/2007,2007,3,Green Bay Packers,31,24,San Diego Chargers,LAC,-5.5,42.5
9/23/2007,2007,3,Houston Texans,24,30,Indianapolis Colts,IND,-6.5,46.5
9/23/2007,2007,3,Kansas City Chiefs,13,10,Minnesota Vikings,KC,-3,34
9/23/2007,2007,3,New England Patriots,38,7,Buffalo Bills,NE,-16.5,41
9/23/2007,2007,3,New York Jets,31,28,Miami Dolphins,NYJ,-3,36.5
9/23/2007,2007,3,Oakland Raiders,26,24,Cleveland Browns,LVR,-3,41.5
9/23/2007,2007,3,Philadelphia Eagles,56,21,Detroit Lions,PHI,-5,44
9/23/2007,2007,3,Pittsburgh Steelers,37,16,San Francisco 49ers,PIT,-9.5,38
9/23/2007,2007,3,Seattle Seahawks,24,21,Cincinnati Bengals,SEA,-3,49.5
9/23/2007,2007,3,Tampa Bay Buccaneers,24,3,St. Louis Rams,TB,-3.5,38.5
9/23/2007,2007,3,Washington Redskins,17,24,New York Giants,WAS,-3.5,42.5
9/24/2007,2007,3,New Orleans Saints,14,31,Tennessee Titans,NO,-4.5,46.5
9/30/2007,2007,4,Arizona Cardinals,21,14,Pittsburgh Steelers,PIT,-5,42.5
9/30/2007,2007,4,Atlanta Falcons,26,16,Houston Texans,HOU,-2.5,39.5
9/30/2007,2007,4,Buffalo Bills,17,14,New York Jets,NYJ,-3,37
9/30/2007,2007,4,Carolina Panthers,7,20,Tampa Bay Buccaneers,CAR,-3,39.5
9/30/2007,2007,4,Cleveland Browns,27,13,Baltimore Ravens,BAL,-4.5,40
9/30/2007,2007,4,Dallas Cowboys,35,7,St. Louis Rams,DAL,-13,47
9/30/2007,2007,4,Detroit Lions,37,27,Chicago Bears,CHI,-2.5,46
9/30/2007,2007,4,Indianapolis Colts,38,20,Denver Broncos,IND,-10,46.5
9/30/2007,2007,4,Miami Dolphins,17,35,Oakland Raiders,MIA,-3.5,40
9/30/2007,2007,4,Minnesota Vikings,16,23,Green Bay Packers,GB,-1,38
9/30/2007,2007,4,New York Giants,16,3,Philadelphia Eagles,PHI,-2.5,47
9/30/2007,2007,4,San Diego Chargers,16,30,Kansas City Chiefs,LAC,-12,38.5
9/30/2007,2007,4,San Francisco 49ers,3,23,Seattle Seahawks,SEA,-1,40.5
10/1/2007,2007,4,Cincinnati Bengals,13,34,New England Patriots,NE,-7.5,54
10/7/2007,2007,5,Denver Broncos,3,41,San Diego Chargers,LAC,-1,43.5
10/7/2007,2007,5,Green Bay Packers,20,27,Chicago Bears,GB,-3.5,40.5
10/7/2007,2007,5,Houston Texans,22,19,Miami Dolphins,HOU,-5.5,43.5
10/7/2007,2007,5,Indianapolis Colts,33,14,Tampa Bay Buccaneers,IND,-9,45
10/7/2007,2007,5,Kansas City Chiefs,7,17,Jacksonville Jaguars,JAX,-2,35
10/7/2007,2007,5,New England Patriots,34,17,Cleveland Browns,NE,-15.5,48
10/7/2007,2007,5,New Orleans Saints,13,16,Carolina Panthers,NO,-4,44
10/7/2007,2007,5,New York Giants,35,24,New York Jets,NYG,-4,40.5
10/7/2007,2007,5,Pittsburgh Steelers,21,0,Seattle Seahawks,PIT,-5,41.5
10/7/2007,2007,5,San Francisco 49ers,7,9,Baltimore Ravens,BAL,-3,34.5
10/7/2007,2007,5,St. Louis Rams,31,34,Arizona Cardinals,ARI,-3.5,41
10/7/2007,2007,5,Tennessee Titans,20,13,Atlanta Falcons,TEN,-7.5,41
10/7/2007,2007,5,Washington Redskins,34,3,Detroit Lions,WAS,-4,44.5
10/8/2007,2007,5,Buffalo Bills,24,25,Dallas Cowboys,DAL,-11,45
10/14/2007,2007,6,Arizona Cardinals,10,25,Carolina Panthers,ARI,-6,38.5
10/14/2007,2007,6,Baltimore Ravens,22,3,St. Louis Rams,BAL,-9,36.5
10/14/2007,2007,6,Chicago Bears,31,34,Minnesota Vikings,CHI,-4.5,35.5
10/14/2007,2007,6,Cleveland Browns,41,31,Miami Dolphins,CLE,-4,45
10/14/2007,2007,6,Dallas Cowboys,27,48,New England Patriots,NE,-5,53
10/14/2007,2007,6,Green Bay Packers,17,14,Washington Redskins,GB,-3,40.5
10/14/2007,2007,6,Jacksonville Jaguars,37,17,Houston Texans,JAX,-7,37.5
10/14/2007,2007,6,Kansas City Chiefs,27,20,Cincinnati Bengals,CIN,-2.5,44
10/14/2007,2007,6,New York Jets,9,16,Philadelphia Eagles,PHI,-4.5,43.5
10/14/2007,2007,6,San Diego Chargers,28,14,Oakland Raiders,LAC,-9.5,44
10/14/2007,2007,6,Seattle Seahawks,17,28,New Orleans Saints,SEA,-6.5,43
10/14/2007,2007,6,Tampa Bay Buccaneers,13,10,Tennessee Titans,TB,-2.5,37
10/15/2007,2007,6,Atlanta Falcons,10,31,New York Giants,NYG,-5.5,44
10/21/2007,2007,7,Buffalo Bills,19,14,Baltimore Ravens,BAL,-3,33.5
10/21/2007,2007,7,Cincinnati Bengals,38,31,New York Jets,CIN,-6,48.5
10/21/2007,2007,7,Dallas Cowboys,24,14,Minnesota Vikings,DAL,-9.5,46.5
10/21/2007,2007,7,Denver Broncos,31,28,Pittsburgh Steelers,PIT,-4.5,38.5
10/21/2007,2007,7,Detroit Lions,23,16,Tampa Bay Buccaneers,DET,-2.5,44
10/21/2007,2007,7,Houston Texans,36,38,Tennessee Titans,HOU,-2,38
10/21/2007,2007,7,Miami Dolphins,28,49,New England Patriots,NE,-15.5,49.5
10/21/2007,2007,7,New Orleans Saints,22,16,Atlanta Falcons,NO,-7.5,42
10/21/2007,2007,7,New York Giants,33,15,San Francisco 49ers,NYG,-9.5,39
10/21/2007,2007,7,Oakland Raiders,10,12,Kansas City Chiefs,LVR,-1.5,38
10/21/2007,2007,7,Philadelphia Eagles,16,19,Chicago Bears,PHI,-5.5,43
10/21/2007,2007,7,Seattle Seahawks,33,6,St. Louis Rams,SEA,-7.5,39.5
10/21/2007,2007,7,Washington Redskins,21,19,Arizona Cardinals,WAS,-8,36
10/22/2007,2007,7,Jacksonville Jaguars,7,29,Indianapolis Colts,IND,-3,45.5
10/28/2007,2007,8,Carolina Panthers,7,31,Indianapolis Colts,IND,-6.5,44
10/28/2007,2007,8,Chicago Bears,7,16,Detroit Lions,CHI,-6,45.5
10/28/2007,2007,8,Cincinnati Bengals,13,24,Pittsburgh Steelers,PIT,-4,48.5
10/28/2007,2007,8,Miami Dolphins,10,13,New York Giants,NYG,-10,48
10/28/2007,2007,8,Minnesota Vikings,16,23,Philadelphia Eagles,PHI,-1,37.5
10/28/2007,2007,8,New England Patriots,52,7,Washington Redskins,NE,-14.5,46.5
10/28/2007,2007,8,New York Jets,3,13,Buffalo Bills,NYJ,-3,38.5
10/28/2007,2007,8,San Diego Chargers,35,10,Houston Texans,LAC,-10,45.5
10/28/2007,2007,8,San Francisco 49ers,10,31,New Orleans Saints,NO,-1.5,40
10/28/2007,2007,8,St. Louis Rams,20,27,Cleveland Browns,CLE,-3,46.5
10/28/2007,2007,8,Tampa Bay Buccaneers,23,24,Jacksonville Jaguars,TB,-3.5,32
10/28/2007,2007,8,Tennessee Titans,13,9,Oakland Raiders,TEN,-7,39
10/29/2007,2007,8,Denver Broncos,13,19,Green Bay Packers,DEN,-3,43.5
11/4/2007,2007,9,Atlanta Falcons,20,16,San Francisco 49ers,ATL,-3.5,37
11/4/2007,2007,9,Buffalo Bills,33,21,Cincinnati Bengals,CIN,-1,44
11/4/2007,2007,9,Cleveland Browns,33,30,Seattle Seahawks,CLE,-1.5,47
11/4/2007,2007,9,Detroit Lions,44,7,Denver Broncos,DET,-3,46.5
11/4/2007,2007,9,Indianapolis Colts,20,24,New England Patriots,NE,-5,56.5
11/4/2007,2007,9,Kansas City Chiefs,22,33,Green Bay Packers,KC,-2.5,37.5
11/4/2007,2007,9,Minnesota Vikings,35,17,San Diego Chargers,LAC,-7,42
11/4/2007,2007,9,New Orleans Saints,41,24,Jacksonville Jaguars,NO,-3,40
11/4/2007,2007,9,New York Jets,20,23,Washington Redskins,WAS,-3.5,36
11/4/2007,2007,9,Oakland Raiders,17,24,Houston Texans,LVR,-3,41
11/4/2007,2007,9,Philadelphia Eagles,17,38,Dallas Cowboys,DAL,-3,46.5
11/4/2007,2007,9,Tampa Bay Buccaneers,17,10,Arizona Cardinals,TB,-3.5,39
11/4/2007,2007,9,Tennessee Titans,20,7,Carolina Panthers,TEN,-5.5,35.5
11/5/2007,2007,9,Pittsburgh Steelers,38,7,Baltimore Ravens,PIT,-9.5,36
11/11/2007,2007,10,Arizona Cardinals,31,21,Detroit Lions,ARI,-2,45
11/11/2007,2007,10,Baltimore Ravens,7,21,Cincinnati Bengals,BAL,-3,44.5
11/11/2007,2007,10,Carolina Panthers,13,20,Atlanta Falcons,CAR,-4,35.5
11/11/2007,2007,10,Green Bay Packers,34,0,Minnesota Vikings,GB,-6,40.5
11/11/2007,2007,10,Kansas City Chiefs,11,27,Denver Broncos,KC,-2.5,37
11/11/2007,2007,10,Miami Dolphins,10,13,Buffalo Bills,BUF,-2.5,40.5
11/11/2007,2007,10,New Orleans Saints,29,37,St. Louis Rams,NO,-10.5,47
11/11/2007,2007,10,New York Giants,20,31,Dallas Cowboys,DAL,-1.5,48
11/11/2007,2007,10,Oakland Raiders,6,17,Chicago Bears,CHI,-3.5,38
11/11/2007,2007,10,Pittsburgh Steelers,31,28,Cleveland Browns,PIT,-9.5,47.5
11/11/2007,2007,10,San Diego Chargers,23,21,Indianapolis Colts,IND,-3.5,47.5
11/11/2007,2007,10,Tennessee Titans,13,28,Jacksonville Jaguars,TEN,-3.5,36
11/11/2007,2007,10,Washington Redskins,25,33,Philadelphia Eagles,WAS,-2.5,37.5
11/12/2007,2007,10,Seattle Seahawks,24,0,San Francisco 49ers,SEA,-9,37.5
11/18/2007,2007,11,Atlanta Falcons,7,31,Tampa Bay Buccaneers,TB,-3,35.5
11/18/2007,2007,11,Baltimore Ravens,30,33,Cleveland Browns,CLE,-2,44
11/18/2007,2007,11,Buffalo Bills,10,56,New England Patriots,NE,-16,46.5
11/18/2007,2007,11,Cincinnati Bengals,27,35,Arizona Cardinals,CIN,-3.5,49.5
11/18/2007,2007,11,Dallas Cowboys,28,23,Washington Redskins,DAL,-11,47
11/18/2007,2007,11,Detroit Lions,10,16,New York Giants,NYG,-2.5,48
11/18/2007,2007,11,Green Bay Packers,31,17,Carolina Panthers,GB,-10,37.5
11/18/2007,2007,11,Houston Texans,23,10,New Orleans Saints,HOU,-1,50.5
11/18/2007,2007,11,Indianapolis Colts,13,10,Kansas City Chiefs,IND,-14.5,41.5
11/18/2007,2007,11,Jacksonville Jaguars,24,17,San Diego Chargers,JAX,-3,40.5
11/18/2007,2007,11,Minnesota Vikings,29,22,Oakland Raiders,MIN,-4.5,35.5
11/18/2007,2007,11,New York Jets,19,16,Pittsburgh Steelers,PIT,-9.5,40.5
11/18/2007,2007,11,Philadelphia Eagles,17,7,Miami Dolphins,PHI,-9.5,40
11/18/2007,2007,11,San Francisco 49ers,9,13,St. Louis Rams,LAR,-3,39.5
11/18/2007,2007,11,Seattle Seahawks,30,23,Chicago Bears,SEA,-5.5,37.5
11/19/2007,2007,11,Denver Broncos,34,20,Tennessee Titans,PICK,0,38.5
11/22/2007,2007,12,Atlanta Falcons,13,31,Indianapolis Colts,IND,-14,42.5
11/22/2007,2007,12,Dallas Cowboys,34,3,New York Jets,DAL,-14.5,47.5
11/22/2007,2007,12,Detroit Lions,26,37,Green Bay Packers,GB,-3,47
11/25/2007,2007,12,Arizona Cardinals,31,37,San Francisco 49ers,ARI,-10.5,38
11/25/2007,2007,12,Carolina Panthers,6,31,New Orleans Saints,NO,-3,42
11/25/2007,2007,12,Chicago Bears,37,34,Denver Broncos,CHI,-1,41.5
11/25/2007,2007,12,Cincinnati Bengals,35,6,Tennessee Titans,TEN,-1,47
11/25/2007,2007,12,Cleveland Browns,27,17,Houston Texans,CLE,-3,52
11/25/2007,2007,12,Jacksonville Jaguars,36,14,Buffalo Bills,JAX,-9,37
11/25/2007,2007,12,Kansas City Chiefs,17,20,Oakland Raiders,KC,-4,34.5
11/25/2007,2007,12,New England Patriots,31,28,Philadelphia Eagles,NE,-24.5,51.5
11/25/2007,2007,12,New York Giants,17,41,Minnesota Vikings,NYG,-7.5,40
11/25/2007,2007,12,San Diego Chargers,32,14,Baltimore Ravens,LAC,-9,38.5
11/25/2007,2007,12,St. Louis Rams,19,24,Seattle Seahawks,SEA,-3,46
11/25/2007,2007,12,Tampa Bay Buccaneers,19,13,Washington Redskins,TB,-3,38.5
11/26/2007,2007,12,Pittsburgh Steelers,3,0,Miami Dolphins,PIT,-16,38.5
11/29/2007,2007,13,Dallas Cowboys,37,27,Green Bay Packers,DAL,-6.5,52.5
12/2/2007,2007,13,Arizona Cardinals,27,21,Cleveland Browns,PICK,0,52
12/2/2007,2007,13,Carolina Panthers,31,14,San Francisco 49ers,CAR,-3,35
12/2/2007,2007,13,Chicago Bears,16,21,New York Giants,NYG,-1,39
12/2/2007,2007,13,Indianapolis Colts,28,25,Jacksonville Jaguars,IND,-7,45
12/2/2007,2007,13,Kansas City Chiefs,10,24,San Diego Chargers,LAC,-6,37.5
12/2/2007,2007,13,Miami Dolphins,13,40,New York Jets,MIA,-1,37.5
12/2/2007,2007,13,Minnesota Vikings,42,10,Detroit Lions,MIN,-4.5,44.5
12/2/2007,2007,13,New Orleans Saints,23,27,Tampa Bay Buccaneers,NO,-3,42
12/2/2007,2007,13,Oakland Raiders,34,20,Denver Broncos,DEN,-3,41.5
12/2/2007,2007,13,Philadelphia Eagles,24,28,Seattle Seahawks,PHI,-3,39
12/2/2007,2007,13,Pittsburgh Steelers,24,10,Cincinnati Bengals,PIT,-7,38
12/2/2007,2007,13,St. Louis Rams,28,16,Atlanta Falcons,LAR,-3,40
12/2/2007,2007,13,Tennessee Titans,28,20,Houston Texans,TEN,-3.5,40
12/2/2007,2007,13,Washington Redskins,16,17,Buffalo Bills,WAS,-6.5,37.5
12/3/2007,2007,13,Baltimore Ravens,24,27,New England Patriots,NE,-18.5,46.5
12/6/2007,2007,14,Washington Redskins,24,16,Chicago Bears,WAS,-3,40
12/9/2007,2007,14,Baltimore Ravens,20,44,Indianapolis Colts,IND,-9,42
12/9/2007,2007,14,Buffalo Bills,38,17,Miami Dolphins,BUF,-7,34
12/9/2007,2007,14,Cincinnati Bengals,19,10,St. Louis Rams,CIN,-10,45.5
12/9/2007,2007,14,Denver Broncos,41,7,Kansas City Chiefs,DEN,-7.5,37.5
12/9/2007,2007,14,Detroit Lions,27,28,Dallas Cowboys,DAL,-10.5,50.5
12/9/2007,2007,14,Green Bay Packers,38,7,Oakland Raiders,GB,-10,40.5
12/9/2007,2007,14,Houston Texans,28,14,Tampa Bay Buccaneers,TB,-2.5,40
12/9/2007,2007,14,Jacksonville Jaguars,37,6,Carolina Panthers,JAX,-10.5,39
12/9/2007,2007,14,New England Patriots,34,13,Pittsburgh Steelers,NE,-10.5,49.5
12/9/2007,2007,14,New York Jets,18,24,Cleveland Browns,CLE,-3.5,47.5
12/9/2007,2007,14,Philadelphia Eagles,13,16,New York Giants,PHI,-3,42
12/9/2007,2007,14,San Francisco 49ers,7,27,Minnesota Vikings,MIN,-8.5,39.5
12/9/2007,2007,14,Seattle Seahawks,42,21,Arizona Cardinals,SEA,-7.5,44.5
12/9/2007,2007,14,Tennessee Titans,17,23,San Diego Chargers,LAC,-1,40
12/10/2007,2007,14,Atlanta Falcons,14,34,New Orleans Saints,NO,-4.5,44
12/13/2007,2007,15,Houston Texans,31,13,Denver Broncos,DEN,-2.5,47.5
12/15/2007,2007,15,San Francisco 49ers,20,13,Cincinnati Bengals,CIN,-8.5,43
12/16/2007,2007,15,Carolina Panthers,13,10,Seattle Seahawks,SEA,-8,37
12/16/2007,2007,15,Cleveland Browns,8,0,Buffalo Bills,CLE,-5,37
12/16/2007,2007,15,Dallas Cowboys,6,10,Philadelphia Eagles,DAL,-10,49
12/16/2007,2007,15,Kansas City Chiefs,17,26,Tennessee Titans,TEN,-3.5,34.5
12/16/2007,2007,15,Miami Dolphins,22,16,Baltimore Ravens,BAL,-3,37.5
12/16/2007,2007,15,New England Patriots,20,10,New York Jets,NE,-20.5,41
12/16/2007,2007,15,New Orleans Saints,31,24,Arizona Cardinals,NO,-3.5,49.5
12/16/2007,2007,15,New York Giants,10,22,Washington Redskins,NYG,-6.5,36.5
12/16/2007,2007,15,Oakland Raiders,14,21,Indianapolis Colts,IND,-10,45
12/16/2007,2007,15,Pittsburgh Steelers,22,29,Jacksonville Jaguars,PIT,-3,34.5
12/16/2007,2007,15,San Diego Chargers,51,14,Detroit Lions,LAC,-9.5,46
12/16/2007,2007,15,St. Louis Rams,14,33,Green Bay Packers,GB,-7,47
12/16/2007,2007,15,Tampa Bay Buccaneers,37,3,Atlanta Falcons,TB,-12.5,37.5
12/17/2007,2007,15,Minnesota Vikings,20,13,Chicago Bears,MIN,-10.5,43.5
12/20/2007,2007,16,St. Louis Rams,24,41,Pittsburgh Steelers,PIT,-8,43
12/22/2007,2007,16,Carolina Panthers,13,20,Dallas Cowboys,DAL,-10.5,42.5
12/23/2007,2007,16,Arizona Cardinals,30,27,Atlanta Falcons,ARI,-10.5,43.5
12/23/2007,2007,16,Buffalo Bills,21,38,New York Giants,NYG,-3,32
12/23/2007,2007,16,Chicago Bears,35,7,Green Bay Packers,GB,-7.5,32
12/23/2007,2007,16,Cincinnati Bengals,19,14,Cleveland Browns,CLE,-3,47.5
12/23/2007,2007,16,Detroit Lions,25,20,Kansas City Chiefs,DET,-5,43.5
12/23/2007,2007,16,Indianapolis Colts,38,15,Houston Texans,IND,-6.5,45
12/23/2007,2007,16,Jacksonville Jaguars,49,11,Oakland Raiders,JAX,-13.5,39.5
12/23/2007,2007,16,Minnesota Vikings,21,32,Washington Redskins,MIN,-6.5,40.5
12/23/2007,2007,16,New England Patriots,28,7,Miami Dolphins,NE,-22.5,45.5
12/23/2007,2007,16,New Orleans Saints,23,38,Philadelphia Eagles,NO,-3,48
12/23/2007,2007,16,San Francisco 49ers,21,19,Tampa Bay Buccaneers,TB,-7,37
12/23/2007,2007,16,Seattle Seahawks,27,6,Baltimore Ravens,SEA,-13.5,39
12/23/2007,2007,16,Tennessee Titans,10,6,New York Jets,TEN,-9,37.5
12/24/2007,2007,16,San Diego Chargers,23,3,Denver Broncos,LAC,-8.5,47
12/29/2007,2007,17,New York Giants,35,38,New England Patriots,NE,-13.5,46.5
12/30/2007,2007,17,Arizona Cardinals,48,19,St. Louis Rams,ARI,-6,49
12/30/2007,2007,17,Atlanta Falcons,44,41,Seattle Seahawks,SEA,-2,38.5
12/30/2007,2007,17,Baltimore Ravens,27,21,Pittsburgh Steelers,PIT,-3,35.5
12/30/2007,2007,17,Chicago Bears,33,25,New Orleans Saints,CHI,-1,42
12/30/2007,2007,17,Cleveland Browns,20,7,San Francisco 49ers,CLE,-11.5,41
12/30/2007,2007,17,Denver Broncos,22,19,Minnesota Vikings,MIN,-3,40.5
12/30/2007,2007,17,Green Bay Packers,34,13,Detroit Lions,GB,-3,38.5
12/30/2007,2007,17,Houston Texans,42,28,Jacksonville Jaguars,HOU,-7,42
12/30/2007,2007,17,Indianapolis Colts,10,16,Tennessee Titans,TEN,-4.5,41
12/30/2007,2007,17,Miami Dolphins,25,38,Cincinnati Bengals,CIN,-3,45
12/30/2007,2007,17,New York Jets,13,10,Kansas City Chiefs,NYJ,-4.5,35
12/30/2007,2007,17,Oakland Raiders,17,30,San Diego Chargers,LAC,-9,42.5
12/30/2007,2007,17,Philadelphia Eagles,17,9,Buffalo Bills,PHI,-9,39
12/30/2007,2007,17,Tampa Bay Buccaneers,23,31,Carolina Panthers,CAR,-2.5,36
12/30/2007,2007,17,Washington Redskins,27,6,Dallas Cowboys,WAS,-9,39.5
1/5/2008,2007,Wildcard,Pittsburgh Steelers,29,31,Jacksonville Jaguars,JAX,-2.5,40
1/5/2008,2007,Wildcard,Seattle Seahawks,35,14,Washington Redskins,SEA,-3.5,38.5
1/6/2008,2007,Wildcard,San Diego Chargers,17,6,Tennessee Titans,LAC,-10,39
1/6/2008,2007,Wildcard,Tampa Bay Buccaneers,14,24,New York Giants,TB,-3,39.5
1/12/2008,2007,Division,Green Bay Packers,42,20,Seattle Seahawks,GB,-7.5,44
1/12/2008,2007,Division,New England Patriots,31,20,Jacksonville Jaguars,NE,-13.5,51.5
1/13/2008,2007,Division,Dallas Cowboys,17,21,New York Giants,DAL,-7,47.5
1/13/2008,2007,Division,Indianapolis Colts,24,28,San Diego Chargers,IND,-11,47
1/20/2008,2007,Conference,Green Bay Packers,20,23,New York Giants,GB,-7.5,41.5
1/20/2008,2007,Conference,New England Patriots,21,12,San Diego Chargers,NE,-14,48
2/3/2008,2007,Superbowl,New England Patriots,14,17,New York Giants,NE,-12,55
9/4/2008,2008,1,New York Giants,16,7,Washington Redskins,NYG,-4.5,41.5
9/7/2008,2008,1,Atlanta Falcons,34,21,Detroit Lions,DET,-3,41
9/7/2008,2008,1,Baltimore Ravens,17,10,Cincinnati Bengals,CIN,-2,37.5
9/7/2008,2008,1,Buffalo Bills,34,10,Seattle Seahawks,BUF,-1,38.5
9/7/2008,2008,1,Cleveland Browns,10,28,Dallas Cowboys,DAL,-6,48.5
9/7/2008,2008,1,Indianapolis Colts,13,29,Chicago Bears,IND,-10,44
9/7/2008,2008,1,Miami Dolphins,14,20,New York Jets,NYJ,-3,36
9/7/2008,2008,1,New England Patriots,17,10,Kansas City Chiefs,NE,-16,43.5
9/7/2008,2008,1,New Orleans Saints,24,20,Tampa Bay Buccaneers,NO,-3,42.5
9/7/2008,2008,1,Philadelphia Eagles,38,3,St. Louis Rams,PHI,-8,44
9/7/2008,2008,1,Pittsburgh Steelers,38,17,Houston Texans,PIT,-6.5,43
9/7/2008,2008,1,San Diego Chargers,24,26,Carolina Panthers,LAC,-9.5,41
9/7/2008,2008,1,San Francisco 49ers,13,23,Arizona Cardinals,ARI,-2.5,42
9/7/2008,2008,1,Tennessee Titans,17,10,Jacksonville Jaguars,JAX,-3,36.5
9/8/2008,2008,1,Green Bay Packers,24,19,Minnesota Vikings,GB,-2.5,37.5
9/8/2008,2008,1,Oakland Raiders,14,41,Denver Broncos,DEN,-3,40.5
9/14/2008,2008,2,Arizona Cardinals,31,10,Miami Dolphins,ARI,-6.5,40.5
9/14/2008,2008,2,Carolina Panthers,20,17,Chicago Bears,CAR,-3,37.5
9/14/2008,2008,2,Cincinnati Bengals,7,24,Tennessee Titans,CIN,-1,37
9/14/2008,2008,2,Cleveland Browns,6,10,Pittsburgh Steelers,PIT,-6.5,43.5
9/14/2008,2008,2,Denver Broncos,39,38,San Diego Chargers,DEN,-1,46.5
9/14/2008,2008,2,Detroit Lions,25,48,Green Bay Packers,GB,-3,47
9/14/2008,2008,2,Jacksonville Jaguars,16,20,Buffalo Bills,JAX,-4,37
9/14/2008,2008,2,Kansas City Chiefs,8,23,Oakland Raiders,KC,-3.5,36
9/14/2008,2008,2,Minnesota Vikings,15,18,Indianapolis Colts,IND,-1,43.5
9/14/2008,2008,2,New York Jets,10,19,New England Patriots,NYJ,-1,37
9/14/2008,2008,2,Seattle Seahawks,30,33,San Francisco 49ers,SEA,-6.5,38
9/14/2008,2008,2,St. Louis Rams,13,41,New York Giants,NYG,-8,43.5
9/14/2008,2008,2,Tampa Bay Buccaneers,24,9,Atlanta Falcons,TB,-7,37.5
9/14/2008,2008,2,Washington Redskins,29,24,New Orleans Saints,WAS,-1,43.5
9/15/2008,2008,2,Dallas Cowboys,41,37,Philadelphia Eagles,DAL,-6.5,46.5
9/21/2008,2008,3,Atlanta Falcons,38,14,Kansas City Chiefs,ATL,-6.5,37
9/21/2008,2008,3,Baltimore Ravens,28,10,Cleveland Browns,BAL,-2.5,37
9/21/2008,2008,3,Buffalo Bills,24,23,Oakland Raiders,BUF,-10,37.5
9/21/2008,2008,3,Chicago Bears,24,27,Tampa Bay Buccaneers,CHI,-3,35
9/21/2008,2008,3,Denver Broncos,34,32,New Orleans Saints,DEN,-5.5,52
9/21/2008,2008,3,Green Bay Packers,16,27,Dallas Cowboys,DAL,-3,51
9/21/2008,2008,3,Indianapolis Colts,21,23,Jacksonville Jaguars,IND,-4,42
9/21/2008,2008,3,Minnesota Vikings,20,10,Carolina Panthers,MIN,-3,37.5
9/21/2008,2008,3,New England Patriots,13,38,Miami Dolphins,NE,-12.5,37
9/21/2008,2008,3,New York Giants,26,23,Cincinnati Bengals,NYG,-13,42.5
9/21/2008,2008,3,Philadelphia Eagles,15,6,Pittsburgh Steelers,PHI,-3.5,45
9/21/2008,2008,3,San Francisco 49ers,31,13,Detroit Lions,SF,-5,47
9/21/2008,2008,3,Seattle Seahawks,37,13,St. Louis Rams,SEA,-8,44.5
9/21/2008,2008,3,Tennessee Titans,31,12,Houston Texans,TEN,-5,40
9/21/2008,2008,3,Washington Redskins,24,17,Arizona Cardinals,WAS,-3,43.5
9/22/2008,2008,3,San Diego Chargers,48,29,New York Jets,LAC,-8,46.5
9/28/2008,2008,4,Carolina Panthers,24,9,Atlanta Falcons,CAR,-7,39
9/28/2008,2008,4,Chicago Bears,24,20,Philadelphia Eagles,PHI,-3,39
9/28/2008,2008,4,Cincinnati Bengals,12,20,Cleveland Browns,CIN,-1,42
9/28/2008,2008,4,Dallas Cowboys,24,26,Washington Redskins,DAL,-10,47
9/28/2008,2008,4,Jacksonville Jaguars,30,27,Houston Texans,JAX,-6.5,43
9/28/2008,2008,4,Kansas City Chiefs,33,19,Denver Broncos,DEN,-9,47
9/28/2008,2008,4,New Orleans Saints,31,17,San Francisco 49ers,NO,-4,48.5
9/28/2008,2008,4,New York Jets,56,35,Arizona Cardinals,NYJ,-1.5,43.5
9/28/2008,2008,4,Oakland Raiders,18,28,San Diego Chargers,LAC,-8,45.5
9/28/2008,2008,4,St. Louis Rams,14,31,Buffalo Bills,BUF,-8.5,43.5
9/28/2008,2008,4,Tampa Bay Buccaneers,30,21,Green Bay Packers,TB,-2,43
9/28/2008,2008,4,Tennessee Titans,30,17,Minnesota Vikings,TEN,-3,35
9/29/2008,2008,4,Pittsburgh Steelers,23,20,Baltimore Ravens,PIT,-6,34.5
10/5/2008,2008,5,Arizona Cardinals,41,17,Buffalo Bills,ARI,-2.5,44.5
10/5/2008,2008,5,Baltimore Ravens,10,13,Tennessee Titans,TEN,-1,33.5
10/5/2008,2008,5,Carolina Panthers,34,0,Kansas City Chiefs,CAR,-10,38
10/5/2008,2008,5,Dallas Cowboys,31,22,Cincinnati Bengals,DAL,-16,46
10/5/2008,2008,5,Denver Broncos,16,13,Tampa Bay Buccaneers,DEN,-4,47
10/5/2008,2008,5,Detroit Lions,7,34,Chicago Bears,CHI,-3,45.5
10/5/2008,2008,5,Green Bay Packers,24,27,Atlanta Falcons,GB,-5,42.5
10/5/2008,2008,5,Houston Texans,27,31,Indianapolis Colts,IND,-4.5,48.5
10/5/2008,2008,5,Jacksonville Jaguars,21,26,Pittsburgh Steelers,JAX,-5,37
10/5/2008,2008,5,Miami Dolphins,17,10,San Diego Chargers,LAC,-6,44.5
10/5/2008,2008,5,New York Giants,44,6,Seattle Seahawks,NYG,-6.5,43.5
10/5/2008,2008,5,Philadelphia Eagles,17,23,Washington Redskins,PHI,-6.5,42
10/5/2008,2008,5,San Francisco 49ers,21,30,New England Patriots,NE,-3,41
10/6/2008,2008,5,New Orleans Saints,27,30,Minnesota Vikings,NO,-3,47
10/12/2008,2008,6,Arizona Cardinals,30,24,Dallas Cowboys,DAL,-5,53
10/12/2008,2008,6,Atlanta Falcons,22,20,Chicago Bears,CHI,-3,43.5
10/12/2008,2008,6,Denver Broncos,17,24,Jacksonville Jaguars,DEN,-3,48
10/12/2008,2008,6,Houston Texans,29,28,Miami Dolphins,HOU,-3,44.5
10/12/2008,2008,6,Indianapolis Colts,31,3,Baltimore Ravens,IND,-4,38.5
10/12/2008,2008,6,Minnesota Vikings,12,10,Detroit Lions,MIN,-13,45.5
10/12/2008,2008,6,New Orleans Saints,34,3,Oakland Raiders,NO,-7,47.5
10/12/2008,2008,6,New York Jets,26,14,Cincinnati Bengals,NYJ,-8,42.5
10/12/2008,2008,6,San Diego Chargers,30,10,New England Patriots,LAC,-6,44
10/12/2008,2008,6,San Francisco 49ers,26,40,Philadelphia Eagles,PHI,-5,41.5
10/12/2008,2008,6,Seattle Seahawks,17,27,Green Bay Packers,SEA,-1,44.5
10/12/2008,2008,6,Tampa Bay Buccaneers,27,3,Carolina Panthers,TB,-1,36.5
10/12/2008,2008,6,Washington Redskins,17,19,St. Louis Rams,WAS,-13.5,44
10/13/2008,2008,6,Cleveland Browns,35,14,New York Giants,NYG,-8,43.5
10/19/2008,2008,7,Buffalo Bills,23,14,San Diego Chargers,BUF,-1,45
10/19/2008,2008,7,Carolina Panthers,30,7,New Orleans Saints,CAR,-3,44.5
10/19/2008,2008,7,Chicago Bears,48,41,Minnesota Vikings,CHI,-3,38
10/19/2008,2008,7,Cincinnati Bengals,10,38,Pittsburgh Steelers,PIT,-8.5,37
10/19/2008,2008,7,Green Bay Packers,34,14,Indianapolis Colts,IND,-2.5,47
10/19/2008,2008,7,Houston Texans,28,21,Detroit Lions,HOU,-11.5,47.5
10/19/2008,2008,7,Kansas City Chiefs,10,34,Tennessee Titans,TEN,-9,35
10/19/2008,2008,7,Miami Dolphins,13,27,Baltimore Ravens,MIA,-3,35
10/19/2008,2008,7,New York Giants,29,17,San Francisco 49ers,NYG,-10,47
10/19/2008,2008,7,Oakland Raiders,16,13,New York Jets,NYJ,-3,41
10/19/2008,2008,7,St. Louis Rams,34,14,Dallas Cowboys,DAL,-8,45
10/19/2008,2008,7,Tampa Bay Buccaneers,20,10,Seattle Seahawks,TB,-11.5,40.5
10/19/2008,2008,7,Washington Redskins,14,11,Cleveland Browns,WAS,-7,42
10/20/2008,2008,7,New England Patriots,41,7,Denver Broncos,NE,-3,48
10/26/2008,2008,8,Baltimore Ravens,29,10,Oakland Raiders,BAL,-8,34.5
10/26/2008,2008,8,Carolina Panthers,27,23,Arizona Cardinals,CAR,-5.5,43
10/26/2008,2008,8,Dallas Cowboys,13,9,Tampa Bay Buccaneers,DAL,-1.5,40.5
10/26/2008,2008,8,Detroit Lions,17,25,Washington Redskins,WAS,-7,42
10/26/2008,2008,8,Houston Texans,35,6,Cincinnati Bengals,HOU,-9,45.5
10/26/2008,2008,8,Jacksonville Jaguars,17,23,Cleveland Browns,JAX,-7,42
10/26/2008,2008,8,Miami Dolphins,25,16,Buffalo Bills,MIA,-1,41.5
10/26/2008,2008,8,New England Patriots,23,16,St. Louis Rams,NE,-9,41
10/26/2008,2008,8,New Orleans Saints,37,32,San Diego Chargers,LAC,-3,45.5
10/26/2008,2008,8,New York Jets,28,24,Kansas City Chiefs,NYJ,-14,41
10/26/2008,2008,8,Philadelphia Eagles,27,14,Atlanta Falcons,PHI,-9.5,45
10/26/2008,2008,8,Pittsburgh Steelers,14,21,New York Giants,PIT,-3,41
10/26/2008,2008,8,San Francisco 49ers,13,34,Seattle Seahawks,SF,-5.5,41.5
10/27/2008,2008,8,Tennessee Titans,31,21,Indianapolis Colts,TEN,-4,41.5
11/2/2008,2008,9,Buffalo Bills,17,26,New York Jets,BUF,-5,43
11/2/2008,2008,9,Chicago Bears,27,23,Detroit Lions,CHI,-12.5,43.5
11/2/2008,2008,9,Cincinnati Bengals,21,19,Jacksonville Jaguars,JAX,-7.5,40
11/2/2008,2008,9,Cleveland Browns,27,37,Baltimore Ravens,CLE,-2.5,36.5
11/2/2008,2008,9,Denver Broncos,17,26,Miami Dolphins,DEN,-4,50
11/2/2008,2008,9,Indianapolis Colts,18,15,New England Patriots,IND,-6.5,44
11/2/2008,2008,9,Kansas City Chiefs,27,30,Tampa Bay Buccaneers,TB,-9.5,36.5
11/2/2008,2008,9,Minnesota Vikings,28,21,Houston Texans,MIN,-5.5,47
11/2/2008,2008,9,New York Giants,35,14,Dallas Cowboys,NYG,-8.5,42
11/2/2008,2008,9,Oakland Raiders,0,24,Atlanta Falcons,ATL,-3,41.5
11/2/2008,2008,9,Seattle Seahawks,7,26,Philadelphia Eagles,PHI,-6.5,43
11/2/2008,2008,9,St. Louis Rams,13,34,Arizona Cardinals,ARI,-3,50
11/2/2008,2008,9,Tennessee Titans,19,16,Green Bay Packers,TEN,-3.5,41
11/3/2008,2008,9,Washington Redskins,6,23,Pittsburgh Steelers,WAS,-2.5,37
11/6/2008,2008,10,Cleveland Browns,30,34,Denver Broncos,CLE,-3,47
11/9/2008,2008,10,Atlanta Falcons,34,20,New Orleans Saints,ATL,-1.5,51
11/9/2008,2008,10,Chicago Bears,14,21,Tennessee Titans,TEN,-3,37
11/9/2008,2008,10,Detroit Lions,14,38,Jacksonville Jaguars,JAX,-5,43
11/9/2008,2008,10,Houston Texans,13,41,Baltimore Ravens,HOU,-2.5,44
11/9/2008,2008,10,Miami Dolphins,21,19,Seattle Seahawks,MIA,-7.5,42
11/9/2008,2008,10,Minnesota Vikings,28,27,Green Bay Packers,MIN,-2.5,44.5
11/9/2008,2008,10,New England Patriots,20,10,Buffalo Bills,NE,-3.5,41
11/9/2008,2008,10,New York Jets,47,3,St. Louis Rams,NYJ,-9.5,43.5
11/9/2008,2008,10,Oakland Raiders,6,17,Carolina Panthers,CAR,-9.5,37.5
11/9/2008,2008,10,Philadelphia Eagles,31,36,New York Giants,PHI,-1.5,42.5
11/9/2008,2008,10,Pittsburgh Steelers,20,24,Indianapolis Colts,PIT,-3.5,39
11/9/2008,2008,10,San Diego Chargers,20,19,Kansas City Chiefs,LAC,-14.5,47.5
11/10/2008,2008,10,Arizona Cardinals,29,24,San Francisco 49ers,ARI,-9.5,47.5
11/13/2008,2008,11,New England Patriots,31,34,New York Jets,NE,-3.5,42.5
11/16/2008,2008,11,Atlanta Falcons,20,24,Denver Broncos,ATL,-6.5,52
11/16/2008,2008,11,Carolina Panthers,31,22,Detroit Lions,CAR,-14,40.5
11/16/2008,2008,11,Cincinnati Bengals,13,13,Philadelphia Eagles,PHI,-9,41
11/16/2008,2008,11,Green Bay Packers,37,3,Chicago Bears,GB,-3.5,43
11/16/2008,2008,11,Indianapolis Colts,33,27,Houston Texans,IND,-8,50.5
11/16/2008,2008,11,Jacksonville Jaguars,14,24,Tennessee Titans,TEN,-3,40
11/16/2008,2008,11,Kansas City Chiefs,20,30,New Orleans Saints,NO,-6,51
11/16/2008,2008,11,Miami Dolphins,17,15,Oakland Raiders,MIA,-10,37.5
11/16/2008,2008,11,New York Giants,30,10,Baltimore Ravens,NYG,-7,40
11/16/2008,2008,11,Pittsburgh Steelers,11,10,San Diego Chargers,PIT,-4.5,40.5
11/16/2008,2008,11,San Francisco 49ers,35,16,St. Louis Rams,SF,-7,43.5
11/16/2008,2008,11,Seattle Seahawks,20,26,Arizona Cardinals,ARI,-3,48
11/16/2008,2008,11,Tampa Bay Buccaneers,19,13,Minnesota Vikings,TB,-5.5,38.5
11/16/2008,2008,11,Washington Redskins,10,14,Dallas Cowboys,DAL,-2,43
11/17/2008,2008,11,Buffalo Bills,27,29,Cleveland Browns,BUF,-5,40
11/20/2008,2008,12,Pittsburgh Steelers,27,10,Cincinnati Bengals,PIT,-11.5,34.5
11/23/2008,2008,12,Arizona Cardinals,29,37,New York Giants,NYG,-3,48.5
11/23/2008,2008,12,Atlanta Falcons,45,28,Carolina Panthers,ATL,-1,41.5
11/23/2008,2008,12,Baltimore Ravens,36,7,Philadelphia Eagles,BAL,-2,39.5
11/23/2008,2008,12,Cleveland Browns,6,16,Houston Texans,CLE,-3,49.5
11/23/2008,2008,12,Dallas Cowboys,35,22,San Francisco 49ers,DAL,-9.5,45.5
11/23/2008,2008,12,Denver Broncos,10,31,Oakland Raiders,DEN,-9,43.5
11/23/2008,2008,12,Detroit Lions,20,38,Tampa Bay Buccaneers,TB,-8,42.5
11/23/2008,2008,12,Jacksonville Jaguars,12,30,Minnesota Vikings,JAX,-2.5,41.5
11/23/2008,2008,12,Kansas City Chiefs,31,54,Buffalo Bills,BUF,-3,43.5
11/23/2008,2008,12,Miami Dolphins,28,48,New England Patriots,NE,-2,42.5
11/23/2008,2008,12,San Diego Chargers,20,23,Indianapolis Colts,LAC,-3,49
11/23/2008,2008,12,Seattle Seahawks,17,20,Washington Redskins,WAS,-3,40
11/23/2008,2008,12,St. Louis Rams,3,27,Chicago Bears,CHI,-7,44.5
11/23/2008,2008,12,Tennessee Titans,13,34,New York Jets,TEN,-5.5,41
11/24/2008,2008,12,New Orleans Saints,51,29,Green Bay Packers,NO,-1,52
11/27/2008,2008,13,Dallas Cowboys,34,9,Seattle Seahawks,DAL,-12,46.5
11/27/2008,2008,13,Detroit Lions,10,47,Tennessee Titans,TEN,-11,44
11/27/2008,2008,13,Philadelphia Eagles,48,20,Arizona Cardinals,PHI,-3,49
11/30/2008,2008,13,Buffalo Bills,3,10,San Francisco 49ers,BUF,-6.5,43
11/30/2008,2008,13,Cincinnati Bengals,3,34,Baltimore Ravens,BAL,-7,36
11/30/2008,2008,13,Cleveland Browns,6,10,Indianapolis Colts,IND,-4,44
11/30/2008,2008,13,Green Bay Packers,31,35,Carolina Panthers,GB,-3,41.5
11/30/2008,2008,13,Minnesota Vikings,34,14,Chicago Bears,MIN,-5,42.5
11/30/2008,2008,13,New England Patriots,10,33,Pittsburgh Steelers,NE,-2.5,40
11/30/2008,2008,13,New York Jets,17,34,Denver Broncos,NYJ,-8,48
11/30/2008,2008,13,Oakland Raiders,13,20,Kansas City Chiefs,LVR,-3.5,41.5
11/30/2008,2008,13,San Diego Chargers,16,22,Atlanta Falcons,LAC,-6.5,48
11/30/2008,2008,13,St. Louis Rams,12,16,Miami Dolphins,MIA,-7,44.5
11/30/2008,2008,13,Tampa Bay Buccaneers,23,20,New Orleans Saints,TB,-3.5,43.5
11/30/2008,2008,13,Washington Redskins,7,23,New York Giants,NYG,-4,41
12/1/2008,2008,13,Houston Texans,30,17,Jacksonville Jaguars,HOU,-3,48.5
12/4/2008,2008,14,San Diego Chargers,34,7,Oakland Raiders,LAC,-9,41
12/7/2008,2008,14,Arizona Cardinals,34,10,St. Louis Rams,ARI,-14.5,48.5
12/7/2008,2008,14,Baltimore Ravens,24,10,Washington Redskins,BAL,-6.5,35
12/7/2008,2008,14,Buffalo Bills,3,16,Miami Dolphins,BUF,-2,42.5
12/7/2008,2008,14,Chicago Bears,23,10,Jacksonville Jaguars,CHI,-6.5,40
12/7/2008,2008,14,Denver Broncos,24,17,Kansas City Chiefs,DEN,-9,49
12/7/2008,2008,14,Detroit Lions,16,20,Minnesota Vikings,MIN,-10.5,45.5
12/7/2008,2008,14,Green Bay Packers,21,24,Houston Texans,GB,-7,47.5
12/7/2008,2008,14,Indianapolis Colts,35,3,Cincinnati Bengals,IND,-13.5,41.5
12/7/2008,2008,14,New Orleans Saints,29,25,Atlanta Falcons,NO,-3,51.5
12/7/2008,2008,14,New York Giants,14,20,Philadelphia Eagles,NYG,-7,40.5
12/7/2008,2008,14,Pittsburgh Steelers,20,13,Dallas Cowboys,PIT,-4,38.5
12/7/2008,2008,14,San Francisco 49ers,24,14,New York Jets,NYJ,-5,45.5
12/7/2008,2008,14,Seattle Seahawks,21,24,New England Patriots,NE,-7.5,43
12/7/2008,2008,14,Tennessee Titans,28,9,Cleveland Browns,TEN,-13.5,36.5
12/8/2008,2008,14,Carolina Panthers,38,23,Tampa Bay Buccaneers,CAR,-3,38.5
12/11/2008,2008,15,Chicago Bears,27,24,New Orleans Saints,CHI,-3,46
12/14/2008,2008,15,Arizona Cardinals,14,35,Minnesota Vikings,ARI,-3.5,46.5
12/14/2008,2008,15,Atlanta Falcons,13,10,Tampa Bay Buccaneers,ATL,-4.5,43.5
12/14/2008,2008,15,Baltimore Ravens,9,13,Pittsburgh Steelers,BAL,-3,34
12/14/2008,2008,15,Carolina Panthers,30,10,Denver Broncos,CAR,-7.5,48
12/14/2008,2008,15,Cincinnati Bengals,20,13,Washington Redskins,WAS,-6.5,36.5
12/14/2008,2008,15,Dallas Cowboys,20,8,New York Giants,DAL,-3,46
12/14/2008,2008,15,Houston Texans,13,12,Tennessee Titans,TEN,-3,45
12/14/2008,2008,15,Indianapolis Colts,31,21,Detroit Lions,IND,-17,45
12/14/2008,2008,15,Jacksonville Jaguars,20,16,Green Bay Packers,GB,-2.5,46
12/14/2008,2008,15,Kansas City Chiefs,21,22,San Diego Chargers,LAC,-5.5,41
12/14/2008,2008,15,Miami Dolphins,14,9,San Francisco 49ers,MIA,-5.5,41
12/14/2008,2008,15,New York Jets,31,27,Buffalo Bills,NYJ,-8,41
12/14/2008,2008,15,Oakland Raiders,26,49,New England Patriots,NE,-7,39.5
12/14/2008,2008,15,St. Louis Rams,20,23,Seattle Seahawks,SEA,-2.5,42
12/15/2008,2008,15,Philadelphia Eagles,30,10,Cleveland Browns,PHI,-16,40
12/18/2008,2008,16,Jacksonville Jaguars,24,31,Indianapolis Colts,IND,-6,44
12/20/2008,2008,16,Dallas Cowboys,24,33,Baltimore Ravens,DAL,-5.5,39
12/21/2008,2008,16,Cleveland Browns,0,14,Cincinnati Bengals,CLE,-2,31.5
12/21/2008,2008,16,Denver Broncos,23,30,Buffalo Bills,DEN,-6.5,46.5
12/21/2008,2008,16,Detroit Lions,7,42,New Orleans Saints,NO,-7,50.5
12/21/2008,2008,16,Kansas City Chiefs,31,38,Miami Dolphins,MIA,-3.5,37.5
12/21/2008,2008,16,Minnesota Vikings,17,24,Atlanta Falcons,MIN,-3,43.5
12/21/2008,2008,16,New England Patriots,47,7,Arizona Cardinals,NE,-8,41
12/21/2008,2008,16,New York Giants,34,28,Carolina Panthers,NYG,-4,38
12/21/2008,2008,16,Oakland Raiders,27,16,Houston Texans,HOU,-7,43
12/21/2008,2008,16,Seattle Seahawks,13,3,New York Jets,NYJ,-3.5,41
12/21/2008,2008,16,St. Louis Rams,16,17,San Francisco 49ers,SF,-3.5,42
12/21/2008,2008,16,Tampa Bay Buccaneers,24,41,San Diego Chargers,TB,-4.5,42.5
12/21/2008,2008,16,Tennessee Titans,31,14,Pittsburgh Steelers,PIT,-3,34
12/21/2008,2008,16,Washington Redskins,10,3,Philadelphia Eagles,PHI,-6,37.5
12/22/2008,2008,16,Chicago Bears,20,17,Green Bay Packers,CHI,-4,40
12/28/2008,2008,17,Arizona Cardinals,34,21,Seattle Seahawks,ARI,-7,47
12/28/2008,2008,17,Atlanta Falcons,31,27,St. Louis Rams,ATL,-14,44.5
12/28/2008,2008,17,Baltimore Ravens,27,7,Jacksonville Jaguars,BAL,-10.5,37.5
12/28/2008,2008,17,Buffalo Bills,0,13,New England Patriots,NE,-5.5,34.5
12/28/2008,2008,17,Cincinnati Bengals,16,6,Kansas City Chiefs,CIN,-1.5,40
12/28/2008,2008,17,Green Bay Packers,31,21,Detroit Lions,GB,-11,41.5
12/28/2008,2008,17,Houston Texans,31,24,Chicago Bears,HOU,-3,46
12/28/2008,2008,17,Indianapolis Colts,23,0,Tennessee Titans,TEN,-3,39.5
12/28/2008,2008,17,Minnesota Vikings,20,19,New York Giants,MIN,-7,41
12/28/2008,2008,17,New Orleans Saints,31,33,Carolina Panthers,CAR,-1.5,51.5
12/28/2008,2008,17,New York Jets,17,24,Miami Dolphins,NYJ,-2.5,43
12/28/2008,2008,17,Philadelphia Eagles,44,6,Dallas Cowboys,PHI,-2,40.5
12/28/2008,2008,17,Pittsburgh Steelers,31,0,Cleveland Browns,PIT,-11.5,33
12/28/2008,2008,17,San Diego Chargers,52,21,Denver Broncos,LAC,-7,50.5
12/28/2008,2008,17,San Francisco 49ers,27,24,Washington Redskins,SF,-3,37
12/28/2008,2008,17,Tampa Bay Buccaneers,24,31,Oakland Raiders,TB,-10.5,39.5
1/3/2009,2008,Wildcard,Arizona Cardinals,30,24,Atlanta Falcons,ARI,-2,52
1/3/2009,2008,Wildcard,San Diego Chargers,23,17,Indianapolis Colts,IND,-2.5,50
1/4/2009,2008,Wildcard,Miami Dolphins,9,27,Baltimore Ravens,BAL,-3.5,38
1/4/2009,2008,Wildcard,Minnesota Vikings,14,26,Philadelphia Eagles,PHI,-3.5,41
1/10/2009,2008,Division,Carolina Panthers,13,33,Arizona Cardinals,CAR,-10,49.5
1/10/2009,2008,Division,Tennessee Titans,10,13,Baltimore Ravens,TEN,-3,33.5
1/11/2009,2008,Division,New York Giants,11,23,Philadelphia Eagles,NYG,-4,39
1/11/2009,2008,Division,Pittsburgh Steelers,35,24,San Diego Chargers,PIT,-6.5,38.5
1/18/2009,2008,Conference,Arizona Cardinals,32,25,Philadelphia Eagles,PHI,-3.5,47
1/18/2009,2008,Conference,Pittsburgh Steelers,23,14,Baltimore Ravens,PIT,-6,35.5
2/1/2009,2008,Superbowl,Arizona Cardinals,23,27,Pittsburgh Steelers,PIT,-7,46
9/10/2009,2009,1,Pittsburgh Steelers,13,10,Tennessee Titans,PIT,-6.5,35
9/13/2009,2009,1,Arizona Cardinals,16,20,San Francisco 49ers,ARI,-4.5,45
9/13/2009,2009,1,Atlanta Falcons,19,7,Miami Dolphins,ATL,-4,44.5
9/13/2009,2009,1,Baltimore Ravens,38,24,Kansas City Chiefs,BAL,-13,36.5
9/13/2009,2009,1,Carolina Panthers,10,38,Philadelphia Eagles,PHI,-2.5,43.5
9/13/2009,2009,1,Cincinnati Bengals,7,12,Denver Broncos,CIN,-5,41
9/13/2009,2009,1,Cleveland Browns,20,34,Minnesota Vikings,MIN,-4.5,40
9/13/2009,2009,1,Green Bay Packers,21,15,Chicago Bears,GB,-5,47
9/13/2009,2009,1,Houston Texans,7,24,New York Jets,HOU,-4.5,45
9/13/2009,2009,1,Indianapolis Colts,14,12,Jacksonville Jaguars,IND,-6,45
9/13/2009,2009,1,New Orleans Saints,45,27,Detroit Lions,NO,-14,50
9/13/2009,2009,1,New York Giants,23,17,Washington Redskins,NYG,-6,37
9/13/2009,2009,1,Seattle Seahawks,28,0,St. Louis Rams,SEA,-7,41
9/13/2009,2009,1,Tampa Bay Buccaneers,21,34,Dallas Cowboys,DAL,-5,40
9/14/2009,2009,1,New England Patriots,25,24,Buffalo Bills,NE,-13.5,47.5
9/14/2009,2009,1,Oakland Raiders,20,24,San Diego Chargers,LAC,-10,43
9/20/2009,2009,2,Atlanta Falcons,28,20,Carolina Panthers,ATL,-5.5,43.5
9/20/2009,2009,2,Buffalo Bills,33,20,Tampa Bay Buccaneers,BUF,-4,42
9/20/2009,2009,2,Chicago Bears,17,14,Pittsburgh Steelers,PIT,-3,38.5
9/20/2009,2009,2,Dallas Cowboys,31,33,New York Giants,DAL,-3,45.5
9/20/2009,2009,2,Denver Broncos,27,6,Cleveland Browns,DEN,-3,38.5
9/20/2009,2009,2,Detroit Lions,13,27,Minnesota Vikings,MIN,-10,45
9/20/2009,2009,2,Green Bay Packers,24,31,Cincinnati Bengals,GB,-7.5,42
9/20/2009,2009,2,Jacksonville Jaguars,17,31,Arizona Cardinals,JAX,-3,44
9/20/2009,2009,2,Kansas City Chiefs,10,13,Oakland Raiders,KC,-1.5,40
9/20/2009,2009,2,New York Jets,16,9,New England Patriots,NE,-3.5,45
9/20/2009,2009,2,Philadelphia Eagles,22,48,New Orleans Saints,NO,-2.5,46
9/20/2009,2009,2,San Diego Chargers,26,31,Baltimore Ravens,LAC,-1,41
9/20/2009,2009,2,San Francisco 49ers,23,10,Seattle Seahawks,SF,-1,38.5
9/20/2009,2009,2,Tennessee Titans,31,34,Houston Texans,TEN,-7,40.5
9/20/2009,2009,2,Washington Redskins,9,7,St. Louis Rams,WAS,-10,37
9/21/2009,2009,2,Miami Dolphins,23,27,Indianapolis Colts,IND,-3,41
9/27/2009,2009,3,Arizona Cardinals,10,31,Indianapolis Colts,ARI,-3,49
9/27/2009,2009,3,Baltimore Ravens,34,3,Cleveland Browns,BAL,-13.5,38.5
9/27/2009,2009,3,Buffalo Bills,7,27,New Orleans Saints,NO,-5.5,51.5
9/27/2009,2009,3,Cincinnati Bengals,23,20,Pittsburgh Steelers,PIT,-3.5,37
9/27/2009,2009,3,Detroit Lions,19,14,Washington Redskins,WAS,-6,39.5
9/27/2009,2009,3,Houston Texans,24,31,Jacksonville Jaguars,HOU,-4.5,47.5
9/27/2009,2009,3,Minnesota Vikings,27,24,San Francisco 49ers,MIN,-7,39.5
9/27/2009,2009,3,New England Patriots,26,10,Atlanta Falcons,NE,-4.5,45.5
9/27/2009,2009,3,New York Jets,24,17,Tennessee Titans,NYJ,-1,36
9/27/2009,2009,3,Oakland Raiders,3,23,Denver Broncos,DEN,-2.5,38
9/27/2009,2009,3,Philadelphia Eagles,34,14,Kansas City Chiefs,PHI,-7.5,39
9/27/2009,2009,3,San Diego Chargers,23,13,Miami Dolphins,LAC,-5.5,45.5
9/27/2009,2009,3,Seattle Seahawks,19,25,Chicago Bears,CHI,-2.5,37.5
9/27/2009,2009,3,St. Louis Rams,17,36,Green Bay Packers,GB,-6.5,43
9/27/2009,2009,3,Tampa Bay Buccaneers,0,24,New York Giants,NYG,-6.5,46
9/28/2009,2009,3,Dallas Cowboys,21,7,Carolina Panthers,DAL,-8.5,48.5
10/4/2009,2009,4,Chicago Bears,48,24,Detroit Lions,CHI,-9.5,43
10/4/2009,2009,4,Cleveland Browns,20,23,Cincinnati Bengals,CIN,-6.5,37.5
10/4/2009,2009,4,Denver Broncos,17,10,Dallas Cowboys,DAL,-3,44
10/4/2009,2009,4,Houston Texans,29,6,Oakland Raiders,HOU,-8,43
10/4/2009,2009,4,Indianapolis Colts,34,17,Seattle Seahawks,IND,-10.5,43.5
10/4/2009,2009,4,Jacksonville Jaguars,37,17,Tennessee Titans,TEN,-3.5,42
10/4/2009,2009,4,Kansas City Chiefs,16,27,New York Giants,NYG,-9.5,43
10/4/2009,2009,4,Miami Dolphins,38,10,Buffalo Bills,MIA,-1.5,37.5
10/4/2009,2009,4,New England Patriots,27,21,Baltimore Ravens,NE,-2,45
10/4/2009,2009,4,New Orleans Saints,24,10,New York Jets,NO,-7.5,47
10/4/2009,2009,4,Pittsburgh Steelers,38,28,San Diego Chargers,PIT,-5.5,43.5
10/4/2009,2009,4,San Francisco 49ers,35,0,St. Louis Rams,SF,-9.5,36.5
10/4/2009,2009,4,Washington Redskins,16,13,Tampa Bay Buccaneers,WAS,-9,35.5
10/5/2009,2009,4,Minnesota Vikings,30,23,Green Bay Packers,MIN,-5,46.5
10/11/2009,2009,5,Arizona Cardinals,28,21,Houston Texans,ARI,-6,51
10/11/2009,2009,5,Baltimore Ravens,14,17,Cincinnati Bengals,BAL,-9,42.5
10/11/2009,2009,5,Buffalo Bills,3,6,Cleveland Browns,BUF,-5.5,42
10/11/2009,2009,5,Carolina Panthers,20,17,Washington Redskins,CAR,-5.5,38
10/11/2009,2009,5,Denver Broncos,20,17,New England Patriots,NE,-3,41.5
10/11/2009,2009,5,Detroit Lions,20,28,Pittsburgh Steelers,PIT,-11,44
10/11/2009,2009,5,Kansas City Chiefs,20,26,Dallas Cowboys,DAL,-7,43.5
10/11/2009,2009,5,New York Giants,44,7,Oakland Raiders,NYG,-15,38.5
10/11/2009,2009,5,Philadelphia Eagles,33,14,Tampa Bay Buccaneers,PHI,-15.5,42
10/11/2009,2009,5,San Francisco 49ers,10,45,Atlanta Falcons,SF,-1,39.5
10/11/2009,2009,5,Seattle Seahawks,41,0,Jacksonville Jaguars,SEA,-2,44.5
10/11/2009,2009,5,St. Louis Rams,10,38,Minnesota Vikings,MIN,-10.5,41
10/11/2009,2009,5,Tennessee Titans,9,31,Indianapolis Colts,IND,-3.5,44
10/12/2009,2009,5,Miami Dolphins,31,27,New York Jets,NYJ,-3,36.5
10/18/2009,2009,6,Atlanta Falcons,21,14,Chicago Bears,ATL,-3.5,45.5
10/18/2009,2009,6,Cincinnati Bengals,17,28,Houston Texans,CIN,-3.5,46.5
10/18/2009,2009,6,Green Bay Packers,26,0,Detroit Lions,GB,-14,48
10/18/2009,2009,6,Jacksonville Jaguars,23,20,St. Louis Rams,JAX,-9.5,42.5
10/18/2009,2009,6,Minnesota Vikings,33,31,Baltimore Ravens,MIN,-3,45.5
10/18/2009,2009,6,New England Patriots,59,0,Tennessee Titans,NE,-9,37.5
10/18/2009,2009,6,New Orleans Saints,48,27,New York Giants,NO,-3,47.5
10/18/2009,2009,6,New York Jets,13,16,Buffalo Bills,NYJ,-9.5,35.5
10/18/2009,2009,6,Oakland Raiders,13,9,Philadelphia Eagles,PHI,-14,40.5
10/18/2009,2009,6,Pittsburgh Steelers,27,14,Cleveland Browns,PIT,-14,38
10/18/2009,2009,6,Seattle Seahawks,3,27,Arizona Cardinals,SEA,-3,46
10/18/2009,2009,6,Tampa Bay Buccaneers,21,28,Carolina Panthers,CAR,-3,40.5
10/18/2009,2009,6,Washington Redskins,6,14,Kansas City Chiefs,WAS,-6.5,36.5
10/19/2009,2009,6,San Diego Chargers,23,34,Denver Broncos,LAC,-3.5,45
10/25/2009,2009,7,Carolina Panthers,9,20,Buffalo Bills,CAR,-7,37
10/25/2009,2009,7,Cincinnati Bengals,45,10,Chicago Bears,CHI,-2,43
10/25/2009,2009,7,Cleveland Browns,3,31,Green Bay Packers,GB,-9,41.5
10/25/2009,2009,7,Dallas Cowboys,37,21,Atlanta Falcons,DAL,-5,48
10/25/2009,2009,7,Houston Texans,24,21,San Francisco 49ers,HOU,-3,44.5
10/25/2009,2009,7,Kansas City Chiefs,7,37,San Diego Chargers,LAC,-5.5,44
10/25/2009,2009,7,Miami Dolphins,34,46,New Orleans Saints,NO,-6.5,48
10/25/2009,2009,7,New York Giants,17,24,Arizona Cardinals,NYG,-8,47
10/25/2009,2009,7,Oakland Raiders,0,38,New York Jets,NYJ,-6,34
10/25/2009,2009,7,Pittsburgh Steelers,27,17,Minnesota Vikings,PIT,-6,46.5
10/25/2009,2009,7,St. Louis Rams,6,42,Indianapolis Colts,IND,-14.5,45
10/25/2009,2009,7,Tampa Bay Buccaneers,7,35,New England Patriots,NE,-15.5,44.5
10/26/2009,2009,7,Washington Redskins,17,27,Philadelphia Eagles,PHI,-9,38
11/1/2009,2009,8,Arizona Cardinals,21,34,Carolina Panthers,ARI,-10,41
11/1/2009,2009,8,Baltimore Ravens,30,7,Denver Broncos,BAL,-3.5,42
11/1/2009,2009,8,Buffalo Bills,10,31,Houston Texans,HOU,-3.5,41.5
11/1/2009,2009,8,Chicago Bears,30,6,Cleveland Browns,CHI,-13.5,40
11/1/2009,2009,8,Dallas Cowboys,38,17,Seattle Seahawks,DAL,-9.5,46
11/1/2009,2009,8,Detroit Lions,10,17,St. Louis Rams,DET,-4,43.5
11/1/2009,2009,8,Green Bay Packers,26,38,Minnesota Vikings,GB,-3,47
11/1/2009,2009,8,Indianapolis Colts,18,14,San Francisco 49ers,IND,-13.5,44.5
11/1/2009,2009,8,New York Jets,25,30,Miami Dolphins,NYJ,-3.5,40.5
11/1/2009,2009,8,Philadelphia Eagles,40,17,New York Giants,NYG,-1,44.5
11/1/2009,2009,8,San Diego Chargers,24,16,Oakland Raiders,LAC,-16.5,41.5
11/1/2009,2009,8,Tennessee Titans,30,13,Jacksonville Jaguars,TEN,-3,44.5
11/2/2009,2009,8,New Orleans Saints,35,27,Atlanta Falcons,NO,-12,56
11/8/2009,2009,9,Atlanta Falcons,31,17,Washington Redskins,ATL,-9,41
11/8/2009,2009,9,Chicago Bears,21,41,Arizona Cardinals,CHI,-3,44.5
11/8/2009,2009,9,Cincinnati Bengals,17,7,Baltimore Ravens,BAL,-3,44.5
11/8/2009,2009,9,Indianapolis Colts,20,17,Houston Texans,IND,-8.5,49.5
11/8/2009,2009,9,Jacksonville Jaguars,24,21,Kansas City Chiefs,JAX,-7,41.5
11/8/2009,2009,9,New England Patriots,27,17,Miami Dolphins,NE,-10.5,46.5
11/8/2009,2009,9,New Orleans Saints,30,20,Carolina Panthers,NO,-13,51.5
11/8/2009,2009,9,New York Giants,20,21,San Diego Chargers,NYG,-4.5,48
11/8/2009,2009,9,Philadelphia Eagles,16,20,Dallas Cowboys,PHI,-3,50
11/8/2009,2009,9,San Francisco 49ers,27,34,Tennessee Titans,SF,-4,40.5
11/8/2009,2009,9,Seattle Seahawks,32,20,Detroit Lions,SEA,-10,42
11/8/2009,2009,9,Tampa Bay Buccaneers,38,28,Green Bay Packers,GB,-9.5,43.5
11/9/2009,2009,9,Denver Broncos,10,28,Pittsburgh Steelers,PIT,-3,41.5
11/12/2009,2009,10,San Francisco 49ers,10,6,Chicago Bears,SF,-3,43.5
11/15/2009,2009,10,Arizona Cardinals,31,20,Seattle Seahawks,ARI,-8.5,46.5
11/15/2009,2009,10,Carolina Panthers,28,19,Atlanta Falcons,ATL,-1,43.5
11/15/2009,2009,10,Green Bay Packers,17,7,Dallas Cowboys,DAL,-3,48
11/15/2009,2009,10,Indianapolis Colts,35,34,New England Patriots,IND,-1.5,48.5
11/15/2009,2009,10,Miami Dolphins,25,23,Tampa Bay Buccaneers,MIA,-10,43.5
11/15/2009,2009,10,Minnesota Vikings,27,10,Detroit Lions,MIN,-17,47.5
11/15/2009,2009,10,New York Jets,22,24,Jacksonville Jaguars,NYJ,-6.5,41
11/15/2009,2009,10,Oakland Raiders,10,16,Kansas City Chiefs,LVR,-2.5,36
11/15/2009,2009,10,Pittsburgh Steelers,12,18,Cincinnati Bengals,PIT,-6.5,41.5
11/15/2009,2009,10,San Diego Chargers,31,23,Philadelphia Eagles,LAC,-1.5,47
11/15/2009,2009,10,St. Louis Rams,23,28,New Orleans Saints,NO,-14.5,51
11/15/2009,2009,10,Tennessee Titans,41,17,Buffalo Bills,TEN,-7.5,41
11/15/2009,2009,10,Washington Redskins,27,17,Denver Broncos,DEN,-3.5,36.5
11/16/2009,2009,10,Cleveland Browns,0,16,Baltimore Ravens,BAL,-11,39
11/19/2009,2009,11,Carolina Panthers,17,24,Miami Dolphins,CAR,-3.5,42
11/22/2009,2009,11,Baltimore Ravens,15,17,Indianapolis Colts,IND,-1.5,44.5
11/22/2009,2009,11,Chicago Bears,20,24,Philadelphia Eagles,PHI,-3.5,47
11/22/2009,2009,11,Dallas Cowboys,7,6,Washington Redskins,DAL,-10.5,41.5
11/22/2009,2009,11,Denver Broncos,3,32,San Diego Chargers,LAC,-6,42
11/22/2009,2009,11,Detroit Lions,38,37,Cleveland Browns,DET,-3,37.5
11/22/2009,2009,11,Green Bay Packers,30,24,San Francisco 49ers,GB,-6,42
11/22/2009,2009,11,Jacksonville Jaguars,18,15,Buffalo Bills,JAX,-8.5,41
11/22/2009,2009,11,Kansas City Chiefs,27,24,Pittsburgh Steelers,PIT,-11.5,39.5
11/22/2009,2009,11,Minnesota Vikings,35,9,Seattle Seahawks,MIN,-11,47
11/22/2009,2009,11,New England Patriots,31,14,New York Jets,NE,-11,45
11/22/2009,2009,11,New York Giants,34,31,Atlanta Falcons,NYG,-7,46.5
11/22/2009,2009,11,Oakland Raiders,20,17,Cincinnati Bengals,CIN,-8.5,36
11/22/2009,2009,11,St. Louis Rams,13,21,Arizona Cardinals,ARI,-9,47
11/22/2009,2009,11,Tampa Bay Buccaneers,7,38,New Orleans Saints,NO,-10.5,51
11/23/2009,2009,11,Houston Texans,17,20,Tennessee Titans,HOU,-3.5,48
11/26/2009,2009,12,Dallas Cowboys,24,7,Oakland Raiders,DAL,-13.5,40.5
11/26/2009,2009,12,Denver Broncos,26,6,New York Giants,NYG,-4.5,43.5
11/26/2009,2009,12,Detroit Lions,12,34,Green Bay Packers,GB,-11.5,48
11/29/2009,2009,12,Atlanta Falcons,20,17,Tampa Bay Buccaneers,ATL,-12.5,46
11/29/2009,2009,12,Baltimore Ravens,20,17,Pittsburgh Steelers,BAL,-8,34
11/29/2009,2009,12,Buffalo Bills,31,14,Miami Dolphins,MIA,-3.5,38.5
11/29/2009,2009,12,Cincinnati Bengals,16,7,Cleveland Browns,CIN,-12,39.5
11/29/2009,2009,12,Houston Texans,27,35,Indianapolis Colts,IND,-3,48
11/29/2009,2009,12,Minnesota Vikings,36,10,Chicago Bears,MIN,-10,47
11/29/2009,2009,12,New York Jets,17,6,Carolina Panthers,NYJ,-3.5,41.5
11/29/2009,2009,12,Philadelphia Eagles,27,24,Washington Redskins,PHI,-10,40.5
11/29/2009,2009,12,San Diego Chargers,43,14,Kansas City Chiefs,LAC,-13.5,45
11/29/2009,2009,12,San Francisco 49ers,20,3,Jacksonville Jaguars,SF,-3,42.5
11/29/2009,2009,12,St. Louis Rams,17,27,Seattle Seahawks,SEA,-3.5,42.5
11/29/2009,2009,12,Tennessee Titans,20,17,Arizona Cardinals,TEN,-2,45.5
11/30/2009,2009,12,New Orleans Saints,38,17,New England Patriots,NO,-1.5,56.5
12/3/2009,2009,13,Buffalo Bills,13,19,New York Jets,NYJ,-3.5,37
12/6/2009,2009,13,Arizona Cardinals,30,17,Minnesota Vikings,MIN,-3,49
12/6/2009,2009,13,Atlanta Falcons,7,34,Philadelphia Eagles,PHI,-4,43.5
12/6/2009,2009,13,Carolina Panthers,16,6,Tampa Bay Buccaneers,CAR,-3.5,40
12/6/2009,2009,13,Chicago Bears,17,9,St. Louis Rams,CHI,-9,41
12/6/2009,2009,13,Cincinnati Bengals,23,13,Detroit Lions,CIN,-13.5,42
12/6/2009,2009,13,Cleveland Browns,23,30,San Diego Chargers,LAC,-13.5,42.5
12/6/2009,2009,13,Indianapolis Colts,27,17,Tennessee Titans,IND,-6,47
12/6/2009,2009,13,Jacksonville Jaguars,23,18,Houston Texans,HOU,-1.5,47.5
12/6/2009,2009,13,Kansas City Chiefs,13,44,Denver Broncos,DEN,-6,39
12/6/2009,2009,13,Miami Dolphins,22,21,New England Patriots,NE,-5,46.5
12/6/2009,2009,13,New York Giants,31,24,Dallas Cowboys,DAL,-1.5,45.5
12/6/2009,2009,13,Pittsburgh Steelers,24,27,Oakland Raiders,PIT,-15,37
12/6/2009,2009,13,Seattle Seahawks,20,17,San Francisco 49ers,SF,-1,41.5
12/6/2009,2009,13,Washington Redskins,30,33,New Orleans Saints,NO,-8,47
12/7/2009,2009,13,Green Bay Packers,27,14,Baltimore Ravens,GB,-4,43
12/10/2009,2009,14,Cleveland Browns,13,6,Pittsburgh Steelers,PIT,-10,34.5
12/13/2009,2009,14,Atlanta Falcons,23,26,New Orleans Saints,NO,-10,50
12/13/2009,2009,14,Baltimore Ravens,48,3,Detroit Lions,BAL,-14,40.5
12/13/2009,2009,14,Chicago Bears,14,21,Green Bay Packers,GB,-4,42
12/13/2009,2009,14,Dallas Cowboys,17,20,San Diego Chargers,DAL,-3.5,48.5
12/13/2009,2009,14,Houston Texans,34,7,Seattle Seahawks,HOU,-7,45
12/13/2009,2009,14,Indianapolis Colts,28,16,Denver Broncos,IND,-6.5,43.5
12/13/2009,2009,14,Jacksonville Jaguars,10,14,Miami Dolphins,JAX,-2,43
12/13/2009,2009,14,Kansas City Chiefs,10,16,Buffalo Bills,BUF,-2.5,38
12/13/2009,2009,14,Minnesota Vikings,30,10,Cincinnati Bengals,MIN,-6,42.5
12/13/2009,2009,14,New England Patriots,20,10,Carolina Panthers,NE,-12.5,43.5
12/13/2009,2009,14,New York Giants,38,45,Philadelphia Eagles,PHI,-1,42.5
12/13/2009,2009,14,Oakland Raiders,13,34,Washington Redskins,WAS,-2.5,37.5
12/13/2009,2009,14,Tampa Bay Buccaneers,3,26,New York Jets,NYJ,-3.5,36.5
12/13/2009,2009,14,Tennessee Titans,47,7,St. Louis Rams,TEN,-14,40
12/14/2009,2009,14,San Francisco 49ers,24,9,Arizona Cardinals,ARI,-4,45
12/17/2009,2009,15,Jacksonville Jaguars,31,35,Indianapolis Colts,IND,-3,43.5
12/19/2009,2009,15,New Orleans Saints,17,24,Dallas Cowboys,NO,-7.5,53.5
12/20/2009,2009,15,Baltimore Ravens,31,7,Chicago Bears,BAL,-11,39
12/20/2009,2009,15,Buffalo Bills,10,17,New England Patriots,NE,-7,41
12/20/2009,2009,15,Carolina Panthers,26,7,Minnesota Vikings,MIN,-9,43
12/20/2009,2009,15,Denver Broncos,19,20,Oakland Raiders,DEN,-14,37
12/20/2009,2009,15,Detroit Lions,24,31,Arizona Cardinals,ARI,-14,47
12/20/2009,2009,15,Kansas City Chiefs,34,41,Cleveland Browns,KC,-3,37
12/20/2009,2009,15,New York Jets,7,10,Atlanta Falcons,NYJ,-7,35.5
12/20/2009,2009,15,Philadelphia Eagles,27,13,San Francisco 49ers,PHI,-7.5,41
12/20/2009,2009,15,Pittsburgh Steelers,37,36,Green Bay Packers,PIT,-2.5,41
12/20/2009,2009,15,San Diego Chargers,27,24,Cincinnati Bengals,LAC,-7,43.5
12/20/2009,2009,15,Seattle Seahawks,7,24,Tampa Bay Buccaneers,SEA,-6.5,39
12/20/2009,2009,15,St. Louis Rams,13,16,Houston Texans,HOU,-14,43.5
12/20/2009,2009,15,Tennessee Titans,27,24,Miami Dolphins,TEN,-4.5,43
12/21/2009,2009,15,Washington Redskins,12,45,New York Giants,NYG,-3,43.5
12/25/2009,2009,16,Tennessee Titans,17,42,San Diego Chargers,TEN,-2,48
12/27/2009,2009,16,Arizona Cardinals,31,10,St. Louis Rams,ARI,-16,43.5
12/27/2009,2009,16,Atlanta Falcons,31,3,Buffalo Bills,ATL,-8,40
12/27/2009,2009,16,Cincinnati Bengals,17,10,Kansas City Chiefs,CIN,-13,39.5
12/27/2009,2009,16,Cleveland Browns,23,9,Oakland Raiders,CLE,-3,37
12/27/2009,2009,16,Green Bay Packers,48,10,Seattle Seahawks,GB,-13.5,43.5
12/27/2009,2009,16,Indianapolis Colts,15,29,New York Jets,IND,-3,40.5
12/27/2009,2009,16,Miami Dolphins,20,27,Houston Texans,MIA,-2,47
12/27/2009,2009,16,New England Patriots,35,7,Jacksonville Jaguars,NE,-9,44.5
12/27/2009,2009,16,New Orleans Saints,17,20,Tampa Bay Buccaneers,NO,-14,48.5
12/27/2009,2009,16,New York Giants,9,41,Carolina Panthers,NYG,-8.5,43
12/27/2009,2009,16,Philadelphia Eagles,30,27,Denver Broncos,PHI,-7,43
12/27/2009,2009,16,Pittsburgh Steelers,23,20,Baltimore Ravens,PIT,-3,43
12/27/2009,2009,16,San Francisco 49ers,20,6,Detroit Lions,SF,-14,41
12/27/2009,2009,16,Washington Redskins,0,17,Dallas Cowboys,DAL,-7,42
12/28/2009,2009,16,Chicago Bears,36,30,Minnesota Vikings,MIN,-8.5,42
1/3/2010,2009,17,Arizona Cardinals,7,33,Green Bay Packers,ARI,-3,44
1/3/2010,2009,17,Buffalo Bills,30,7,Indianapolis Colts,BUF,-8,32
1/3/2010,2009,17,Carolina Panthers,23,10,New Orleans Saints,CAR,-10,41
1/3/2010,2009,17,Cleveland Browns,23,17,Jacksonville Jaguars,CLE,-2,35
1/3/2010,2009,17,Dallas Cowboys,24,0,Philadelphia Eagles,DAL,-3,47
1/3/2010,2009,17,Denver Broncos,24,44,Kansas City Chiefs,DEN,-10,38
1/3/2010,2009,17,Detroit Lions,23,37,Chicago Bears,CHI,-4.5,44.5
1/3/2010,2009,17,Houston Texans,34,27,New England Patriots,HOU,-7.5,47
1/3/2010,2009,17,Miami Dolphins,24,30,Pittsburgh Steelers,PIT,-3,46
1/3/2010,2009,17,Minnesota Vikings,44,7,New York Giants,MIN,-8,48
1/3/2010,2009,17,New York Jets,37,0,Cincinnati Bengals,NYJ,-10,33.5
1/3/2010,2009,17,Oakland Raiders,13,21,Baltimore Ravens,BAL,-10,39
1/3/2010,2009,17,San Diego Chargers,23,20,Washington Redskins,LAC,-3,39
1/3/2010,2009,17,Seattle Seahawks,13,17,Tennessee Titans,TEN,-6,45
1/3/2010,2009,17,St. Louis Rams,6,28,San Francisco 49ers,SF,-7,39.5
1/3/2010,2009,17,Tampa Bay Buccaneers,10,20,Atlanta Falcons,ATL,-3,41.5
1/9/2010,2009,Wildcard,Cincinnati Bengals,14,24,New York Jets,CIN,-2.5,34.5
1/9/2010,2009,Wildcard,Dallas Cowboys,34,14,Philadelphia Eagles,DAL,-3.5,46
1/10/2010,2009,Wildcard,Arizona Cardinals,51,45,Green Bay Packers,GB,-2.5,48
1/10/2010,2009,Wildcard,New England Patriots,14,33,Baltimore Ravens,NE,-4,44
1/16/2010,2009,Division,Indianapolis Colts,20,3,Baltimore Ravens,IND,-6.5,44
1/16/2010,2009,Division,New Orleans Saints,45,14,Arizona Cardinals,NO,-7,57
1/17/2010,2009,Division,Minnesota Vikings,34,3,Dallas Cowboys,MIN,-2.5,45
1/17/2010,2009,Division,San Diego Chargers,14,17,New York Jets,LAC,-9,42.5
1/24/2010,2009,Conference,Indianapolis Colts,30,17,New York Jets,IND,-8.5,40.5
1/24/2010,2009,Conference,New Orleans Saints,31,28,Minnesota Vikings,NO,-3.5,54
2/7/2010,2009,Superbowl,Indianapolis Colts,17,31,New Orleans Saints,IND,-5,57
9/9/2010,2010,1,New Orleans Saints,14,9,Minnesota Vikings,NO,-5,49.5
9/12/2010,2010,1,Buffalo Bills,10,15,Miami Dolphins,MIA,-3,39
9/12/2010,2010,1,Chicago Bears,19,14,Detroit Lions,CHI,-6.5,45
9/12/2010,2010,1,Houston Texans,34,24,Indianapolis Colts,IND,-1,48
9/12/2010,2010,1,Jacksonville Jaguars,24,17,Denver Broncos,JAX,-3,41.5
9/12/2010,2010,1,New England Patriots,38,24,Cincinnati Bengals,NE,-5.5,45
9/12/2010,2010,1,New York Giants,31,18,Carolina Panthers,NYG,-6,41
9/12/2010,2010,1,Philadelphia Eagles,20,27,Green Bay Packers,GB,-3,48
9/12/2010,2010,1,Pittsburgh Steelers,15,9,Atlanta Falcons,ATL,-1.5,39.5
9/12/2010,2010,1,Seattle Seahawks,31,6,San Francisco 49ers,SF,-3,37
9/12/2010,2010,1,St. Louis Rams,13,17,Arizona Cardinals,ARI,-3,39.5
9/12/2010,2010,1,Tampa Bay Buccaneers,17,14,Cleveland Browns,TB,-2.5,37
9/12/2010,2010,1,Tennessee Titans,38,13,Oakland Raiders,TEN,-6.5,40
9/12/2010,2010,1,Washington Redskins,13,7,Dallas Cowboys,DAL,-3,40
9/13/2010,2010,1,Kansas City Chiefs,21,14,San Diego Chargers,LAC,-4,45.5
9/13/2010,2010,1,New York Jets,9,10,Baltimore Ravens,NYJ,-1,36.5
9/19/2010,2010,2,Atlanta Falcons,41,7,Arizona Cardinals,ATL,-7,43.5
9/19/2010,2010,2,Carolina Panthers,7,20,Tampa Bay Buccaneers,CAR,-4,37.5
9/19/2010,2010,2,Cincinnati Bengals,15,10,Baltimore Ravens,BAL,-3,39.5
9/19/2010,2010,2,Cleveland Browns,14,16,Kansas City Chiefs,CLE,-3,38
9/19/2010,2010,2,Dallas Cowboys,20,27,Chicago Bears,DAL,-7,41.5
9/19/2010,2010,2,Denver Broncos,31,14,Seattle Seahawks,DEN,-3.5,41
9/19/2010,2010,2,Detroit Lions,32,35,Philadelphia Eagles,PHI,-6.5,41
9/19/2010,2010,2,Green Bay Packers,34,7,Buffalo Bills,GB,-13,43
9/19/2010,2010,2,Indianapolis Colts,38,14,New York Giants,IND,-4,48.5
9/19/2010,2010,2,Minnesota Vikings,10,14,Miami Dolphins,MIN,-6,41
9/19/2010,2010,2,New York Jets,28,14,New England Patriots,NE,-3,39.5
9/19/2010,2010,2,Oakland Raiders,16,14,St. Louis Rams,LVR,-3,37.5
9/19/2010,2010,2,San Diego Chargers,38,13,Jacksonville Jaguars,LAC,-7,45
9/19/2010,2010,2,Tennessee Titans,11,19,Pittsburgh Steelers,TEN,-6,37
9/19/2010,2010,2,Washington Redskins,27,30,Houston Texans,HOU,-3,42.5
9/20/2010,2010,2,San Francisco 49ers,22,25,New Orleans Saints,NO,-5,43.5
9/26/2010,2010,3,Arizona Cardinals,24,23,Oakland Raiders,ARI,-5.5,39
9/26/2010,2010,3,Baltimore Ravens,24,17,Cleveland Browns,BAL,-12.5,36.5
9/26/2010,2010,3,Carolina Panthers,7,20,Cincinnati Bengals,CIN,-3.5,37
9/26/2010,2010,3,Denver Broncos,13,27,Indianapolis Colts,IND,-6,47
9/26/2010,2010,3,Houston Texans,13,27,Dallas Cowboys,HOU,-2.5,47.5
9/26/2010,2010,3,Jacksonville Jaguars,3,28,Philadelphia Eagles,PHI,-3,45
9/26/2010,2010,3,Kansas City Chiefs,31,10,San Francisco 49ers,SF,-3,38
9/26/2010,2010,3,Miami Dolphins,23,31,New York Jets,MIA,-2.5,36
9/26/2010,2010,3,Minnesota Vikings,24,10,Detroit Lions,MIN,-13,43
9/26/2010,2010,3,New England Patriots,38,30,Buffalo Bills,NE,-14.5,43
9/26/2010,2010,3,New Orleans Saints,24,27,Atlanta Falcons,NO,-3,49.5
9/26/2010,2010,3,New York Giants,10,29,Tennessee Titans,NYG,-3,43.5
9/26/2010,2010,3,Seattle Seahawks,27,20,San Diego Chargers,LAC,-4,44
9/26/2010,2010,3,St. Louis Rams,30,16,Washington Redskins,WAS,-5,39
9/26/2010,2010,3,Tampa Bay Buccaneers,13,38,Pittsburgh Steelers,PIT,-3,33
9/27/2010,2010,3,Chicago Bears,20,17,Green Bay Packers,GB,-3,46.5
10/3/2010,2010,4,Atlanta Falcons,16,14,San Francisco 49ers,ATL,-7,42.5
10/3/2010,2010,4,Buffalo Bills,14,38,New York Jets,NYJ,-6,37
10/3/2010,2010,4,Cleveland Browns,23,20,Cincinnati Bengals,CIN,-2.5,37
10/3/2010,2010,4,Green Bay Packers,28,26,Detroit Lions,GB,-14.5,46
10/3/2010,2010,4,Jacksonville Jaguars,31,28,Indianapolis Colts,IND,-7,46
10/3/2010,2010,4,New Orleans Saints,16,14,Carolina Panthers,NO,-12.5,44
10/3/2010,2010,4,New York Giants,17,3,Chicago Bears,NYG,-3.5,44
10/3/2010,2010,4,Oakland Raiders,24,31,Houston Texans,HOU,-3.5,44
10/3/2010,2010,4,Philadelphia Eagles,12,17,Washington Redskins,PHI,-5,43.5
10/3/2010,2010,4,Pittsburgh Steelers,14,17,Baltimore Ravens,PIT,-2.5,34.5
10/3/2010,2010,4,San Diego Chargers,41,10,Arizona Cardinals,LAC,-9.5,46.5
10/3/2010,2010,4,St. Louis Rams,20,3,Seattle Seahawks,SEA,-2,40
10/3/2010,2010,4,Tennessee Titans,20,26,Denver Broncos,TEN,-6.5,43.5
10/4/2010,2010,4,Miami Dolphins,14,41,New England Patriots,NE,-1,48
10/10/2010,2010,5,Arizona Cardinals,30,20,New Orleans Saints,NO,-7,45.5
10/10/2010,2010,5,Baltimore Ravens,31,17,Denver Broncos,BAL,-8,39.5
10/10/2010,2010,5,Buffalo Bills,26,36,Jacksonville Jaguars,BUF,-2.5,41.5
10/10/2010,2010,5,Carolina Panthers,6,23,Chicago Bears,CAR,-3,33
10/10/2010,2010,5,Cincinnati Bengals,21,24,Tampa Bay Buccaneers,CIN,-7,38.5
10/10/2010,2010,5,Cleveland Browns,10,20,Atlanta Falcons,ATL,-3,41.5
10/10/2010,2010,5,Dallas Cowboys,27,34,Tennessee Titans,DAL,-7,43
10/10/2010,2010,5,Detroit Lions,44,6,St. Louis Rams,DET,-3,42.5
10/10/2010,2010,5,Houston Texans,10,34,New York Giants,HOU,-3,48.5
10/10/2010,2010,5,Indianapolis Colts,19,9,Kansas City Chiefs,IND,-7.5,46.5
10/10/2010,2010,5,Oakland Raiders,35,27,San Diego Chargers,LAC,-7,44
10/10/2010,2010,5,San Francisco 49ers,24,27,Philadelphia Eagles,SF,-3,38.5
10/10/2010,2010,5,Washington Redskins,16,13,Green Bay Packers,GB,-3,45.5
10/11/2010,2010,5,New York Jets,29,20,Minnesota Vikings,NYJ,-4.5,40
10/17/2010,2010,6,Chicago Bears,20,23,Seattle Seahawks,CHI,-6,38
10/17/2010,2010,6,Denver Broncos,20,24,New York Jets,NYJ,-3.5,43
10/17/2010,2010,6,Green Bay Packers,20,23,Miami Dolphins,GB,-3,44
10/17/2010,2010,6,Houston Texans,35,31,Kansas City Chiefs,HOU,-4.5,46
10/17/2010,2010,6,Minnesota Vikings,24,21,Dallas Cowboys,MIN,-1.5,44
10/17/2010,2010,6,New England Patriots,23,20,Baltimore Ravens,NE,-3,44.5
10/17/2010,2010,6,New York Giants,28,20,Detroit Lions,NYG,-10,45.5
10/17/2010,2010,6,Philadelphia Eagles,31,17,Atlanta Falcons,PHI,-1.5,43
10/17/2010,2010,6,Pittsburgh Steelers,28,10,Cleveland Browns,PIT,-14,37.5
10/17/2010,2010,6,San Francisco 49ers,17,9,Oakland Raiders,SF,-7,41
10/17/2010,2010,6,St. Louis Rams,20,17,San Diego Chargers,LAC,-8.5,45
10/17/2010,2010,6,Tampa Bay Buccaneers,6,31,New Orleans Saints,NO,-5.5,44
10/17/2010,2010,6,Washington Redskins,24,27,Indianapolis Colts,IND,-3,45
10/18/2010,2010,6,Jacksonville Jaguars,3,30,Tennessee Titans,TEN,-3,43.5
10/24/2010,2010,7,Atlanta Falcons,39,32,Cincinnati Bengals,ATL,-3.5,43
10/24/2010,2010,7,Baltimore Ravens,37,34,Buffalo Bills,BAL,-12.5,40
10/24/2010,2010,7,Carolina Panthers,23,20,San Francisco 49ers,SF,-2.5,35.5
10/24/2010,2010,7,Chicago Bears,14,17,Washington Redskins,CHI,-3,40
10/24/2010,2010,7,Denver Broncos,14,59,Oakland Raiders,DEN,-7,43
10/24/2010,2010,7,Green Bay Packers,28,24,Minnesota Vikings,GB,-2.5,44.5
10/24/2010,2010,7,Kansas City Chiefs,42,20,Jacksonville Jaguars,KC,-9,39
10/24/2010,2010,7,Miami Dolphins,22,23,Pittsburgh Steelers,PIT,-3,40.5
10/24/2010,2010,7,New Orleans Saints,17,30,Cleveland Browns,NO,-12.5,44
10/24/2010,2010,7,San Diego Chargers,20,23,New England Patriots,LAC,-1.5,49.5
10/24/2010,2010,7,Seattle Seahawks,22,10,Arizona Cardinals,SEA,-6.5,40.5
10/24/2010,2010,7,Tampa Bay Buccaneers,18,17,St. Louis Rams,TB,-3,39
10/24/2010,2010,7,Tennessee Titans,37,19,Philadelphia Eagles,TEN,-3,42
10/25/2010,2010,7,Dallas Cowboys,35,41,New York Giants,DAL,-3.5,45.5
10/31/2010,2010,8,Arizona Cardinals,35,38,Tampa Bay Buccaneers,ARI,-3,38
10/31/2010,2010,8,Cincinnati Bengals,14,22,Miami Dolphins,CIN,-1,44
10/31/2010,2010,8,Dallas Cowboys,17,35,Jacksonville Jaguars,DAL,-6.5,44
10/31/2010,2010,8,Detroit Lions,37,25,Washington Redskins,DET,-3,45
10/31/2010,2010,8,Kansas City Chiefs,13,10,Buffalo Bills,KC,-7,46
10/31/2010,2010,8,New England Patriots,28,18,Minnesota Vikings,NE,-5.5,45
10/31/2010,2010,8,New Orleans Saints,20,10,Pittsburgh Steelers,NO,-1,45.5
10/31/2010,2010,8,New York Jets,0,9,Green Bay Packers,NYJ,-6,42
10/31/2010,2010,8,Oakland Raiders,33,3,Seattle Seahawks,LVR,-2,40.5
10/31/2010,2010,8,San Diego Chargers,33,25,Tennessee Titans,LAC,-6,45
10/31/2010,2010,8,San Francisco 49ers,24,16,Denver Broncos,SF,-2.5,41.5
10/31/2010,2010,8,St. Louis Rams,20,10,Carolina Panthers,LAR,-2.5,37
11/1/2010,2010,8,Indianapolis Colts,30,17,Houston Texans,IND,-5.5,51
11/7/2010,2010,9,Atlanta Falcons,27,21,Tampa Bay Buccaneers,ATL,-9,45.5
11/7/2010,2010,9,Baltimore Ravens,26,10,Miami Dolphins,BAL,-5,41
11/7/2010,2010,9,Buffalo Bills,19,22,Chicago Bears,CHI,-3,41.5
11/7/2010,2010,9,Carolina Panthers,3,34,New Orleans Saints,NO,-6.5,40.5
11/7/2010,2010,9,Cleveland Browns,34,14,New England Patriots,NE,-4,43.5
11/7/2010,2010,9,Detroit Lions,20,23,New York Jets,NYJ,-5.5,42
11/7/2010,2010,9,Green Bay Packers,45,7,Dallas Cowboys,GB,-7,45.5
11/7/2010,2010,9,Houston Texans,23,29,San Diego Chargers,LAC,-3,49.5
11/7/2010,2010,9,Minnesota Vikings,27,24,Arizona Cardinals,MIN,-7.5,42.5
11/7/2010,2010,9,Oakland Raiders,23,20,Kansas City Chiefs,PICK,0,41
11/7/2010,2010,9,Philadelphia Eagles,26,24,Indianapolis Colts,PHI,-3,47
11/7/2010,2010,9,Seattle Seahawks,7,41,New York Giants,NYG,-7.5,40.5
11/8/2010,2010,9,Cincinnati Bengals,21,27,Pittsburgh Steelers,PIT,-5.5,41.5
11/11/2010,2010,10,Atlanta Falcons,26,21,Baltimore Ravens,ATL,-1,44
11/14/2010,2010,10,Arizona Cardinals,18,36,Seattle Seahawks,ARI,-4,41.5
11/14/2010,2010,10,Buffalo Bills,14,12,Detroit Lions,BUF,-1.5,45
11/14/2010,2010,10,Chicago Bears,27,13,Minnesota Vikings,MIN,-1,41.5
11/14/2010,2010,10,Cleveland Browns,20,26,New York Jets,NYJ,-3.5,37
11/14/2010,2010,10,Denver Broncos,49,29,Kansas City Chiefs,KC,-1,44.5
11/14/2010,2010,10,Indianapolis Colts,23,17,Cincinnati Bengals,IND,-7,47
11/14/2010,2010,10,Jacksonville Jaguars,31,24,Houston Texans,PICK,0,48.5
11/14/2010,2010,10,Miami Dolphins,29,17,Tennessee Titans,MIA,-1,43
11/14/2010,2010,10,New York Giants,20,33,Dallas Cowboys,NYG,-12.5,46.5
11/14/2010,2010,10,Pittsburgh Steelers,26,39,New England Patriots,PIT,-4.5,45
11/14/2010,2010,10,San Francisco 49ers,23,20,St. Louis Rams,SF,-4.5,39
11/14/2010,2010,10,Tampa Bay Buccaneers,31,16,Carolina Panthers,TB,-7,37
11/15/2010,2010,10,Washington Redskins,28,59,Philadelphia Eagles,PHI,-3.5,43.5
11/18/2010,2010,11,Miami Dolphins,0,16,Chicago Bears,MIA,-2,40
11/21/2010,2010,11,Carolina Panthers,13,37,Baltimore Ravens,BAL,-13.5,37
11/21/2010,2010,11,Cincinnati Bengals,31,49,Buffalo Bills,CIN,-4,41
11/21/2010,2010,11,Dallas Cowboys,35,19,Detroit Lions,DAL,-7,44.5
11/21/2010,2010,11,Jacksonville Jaguars,24,20,Cleveland Browns,JAX,-2.5,43
11/21/2010,2010,11,Kansas City Chiefs,31,13,Arizona Cardinals,KC,-7,45
11/21/2010,2010,11,Minnesota Vikings,3,31,Green Bay Packers,GB,-3,45
11/21/2010,2010,11,New England Patriots,31,28,Indianapolis Colts,NE,-4.5,50
11/21/2010,2010,11,New Orleans Saints,34,19,Seattle Seahawks,NO,-11,45
11/21/2010,2010,11,New York Jets,30,27,Houston Texans,NYJ,-6.5,46
11/21/2010,2010,11,Philadelphia Eagles,27,17,New York Giants,PHI,-3.5,48
11/21/2010,2010,11,Pittsburgh Steelers,35,3,Oakland Raiders,PIT,-7,41
11/21/2010,2010,11,San Francisco 49ers,0,21,Tampa Bay Buccaneers,SF,-3.5,41.5
11/21/2010,2010,11,St. Louis Rams,17,34,Atlanta Falcons,ATL,-3.5,43.5
11/21/2010,2010,11,Tennessee Titans,16,19,Washington Redskins,TEN,-7,44.5
11/22/2010,2010,11,San Diego Chargers,35,14,Denver Broncos,LAC,-9,50
11/25/2010,2010,12,Dallas Cowboys,27,30,New Orleans Saints,NO,-4.5,49
11/25/2010,2010,12,Detroit Lions,24,45,New England Patriots,NE,-7.5,50.5
11/25/2010,2010,12,New York Jets,26,10,Cincinnati Bengals,NYJ,-9.5,43.5
11/28/2010,2010,12,Atlanta Falcons,20,17,Green Bay Packers,ATL,-2,48
11/28/2010,2010,12,Baltimore Ravens,17,10,Tampa Bay Buccaneers,BAL,-7.5,41.5
11/28/2010,2010,12,Buffalo Bills,16,19,Pittsburgh Steelers,PIT,-7,44
11/28/2010,2010,12,Chicago Bears,31,26,Philadelphia Eagles,PHI,-3.5,43
11/28/2010,2010,12,Cleveland Browns,24,23,Carolina Panthers,CLE,-7.5,37.5
11/28/2010,2010,12,Denver Broncos,33,36,St. Louis Rams,DEN,-3,45
11/28/2010,2010,12,Houston Texans,20,0,Tennessee Titans,HOU,-5,46.5
11/28/2010,2010,12,Indianapolis Colts,14,36,San Diego Chargers,IND,-2,51
11/28/2010,2010,12,New York Giants,24,20,Jacksonville Jaguars,NYG,-7.5,44
11/28/2010,2010,12,Oakland Raiders,17,33,Miami Dolphins,LVR,-3,38
11/28/2010,2010,12,Seattle Seahawks,24,42,Kansas City Chiefs,KC,-2,45
11/28/2010,2010,12,Washington Redskins,13,17,Minnesota Vikings,MIN,-2.5,44
11/29/2010,2010,12,Arizona Cardinals,6,27,San Francisco 49ers,SF,-2,42
12/2/2010,2010,13,Philadelphia Eagles,34,24,Houston Texans,PHI,-8,49.5
12/5/2010,2010,13,Arizona Cardinals,6,19,St. Louis Rams,LAR,-3.5,44
12/5/2010,2010,13,Baltimore Ravens,10,13,Pittsburgh Steelers,BAL,-3,39
12/5/2010,2010,13,Cincinnati Bengals,30,34,New Orleans Saints,NO,-7,45.5
12/5/2010,2010,13,Detroit Lions,20,24,Chicago Bears,CHI,-5.5,43.5
12/5/2010,2010,13,Green Bay Packers,34,16,San Francisco 49ers,GB,-9,41
12/5/2010,2010,13,Indianapolis Colts,35,38,Dallas Cowboys,IND,-5.5,48
12/5/2010,2010,13,Kansas City Chiefs,10,6,Denver Broncos,KC,-8,48.5
12/5/2010,2010,13,Miami Dolphins,10,13,Cleveland Browns,MIA,-6,43.5
12/5/2010,2010,13,Minnesota Vikings,38,14,Buffalo Bills,MIN,-5,44
12/5/2010,2010,13,New York Giants,31,7,Washington Redskins,NYG,-7.5,43
12/5/2010,2010,13,San Diego Chargers,13,28,Oakland Raiders,LAC,-13,44.5
12/5/2010,2010,13,Seattle Seahawks,31,14,Carolina Panthers,SEA,-5,40
12/5/2010,2010,13,Tampa Bay Buccaneers,24,28,Atlanta Falcons,ATL,-3,43.5
12/5/2010,2010,13,Tennessee Titans,6,17,Jacksonville Jaguars,TEN,-3,43.5
12/6/2010,2010,13,New England Patriots,45,3,New York Jets,NE,-4,44.5
12/9/2010,2010,14,Tennessee Titans,28,30,Indianapolis Colts,IND,-4,44
12/12/2010,2010,14,Arizona Cardinals,43,13,Denver Broncos,DEN,-4,44
12/12/2010,2010,14,Buffalo Bills,13,6,Cleveland Browns,PICK,0,39
12/12/2010,2010,14,Carolina Panthers,10,31,Atlanta Falcons,ATL,-7.5,41
12/12/2010,2010,14,Chicago Bears,7,36,New England Patriots,NE,-3,37
12/12/2010,2010,14,Dallas Cowboys,27,30,Philadelphia Eagles,PHI,-4,51
12/12/2010,2010,14,Detroit Lions,7,3,Green Bay Packers,GB,-7,46
12/12/2010,2010,14,Jacksonville Jaguars,38,31,Oakland Raiders,JAX,-3.5,41.5
12/12/2010,2010,14,New Orleans Saints,31,13,St. Louis Rams,NO,-9,47
12/12/2010,2010,14,New York Jets,6,10,Miami Dolphins,NYJ,-5.5,38
12/12/2010,2010,14,Pittsburgh Steelers,23,7,Cincinnati Bengals,PIT,-8,39.5
12/12/2010,2010,14,San Diego Chargers,31,0,Kansas City Chiefs,LAC,-10,45.5
12/12/2010,2010,14,San Francisco 49ers,40,21,Seattle Seahawks,SF,-5,43
12/12/2010,2010,14,Washington Redskins,16,17,Tampa Bay Buccaneers,TB,-1.5,41.5
12/13/2010,2010,14,Houston Texans,28,34,Baltimore Ravens,BAL,-3,47
12/13/2010,2010,14,Minnesota Vikings,3,21,New York Giants,NYG,-5.5,44
12/16/2010,2010,15,San Diego Chargers,34,7,San Francisco 49ers,LAC,-10.5,45
12/19/2010,2010,15,Baltimore Ravens,30,24,New Orleans Saints,BAL,-2.5,44.5
12/19/2010,2010,15,Carolina Panthers,19,12,Arizona Cardinals,CAR,-2.5,37.5
12/19/2010,2010,15,Cincinnati Bengals,19,17,Cleveland Browns,PICK,0,41
12/19/2010,2010,15,Dallas Cowboys,33,30,Washington Redskins,DAL,-9.5,44.5
12/19/2010,2010,15,Indianapolis Colts,34,24,Jacksonville Jaguars,IND,-4.5,48
12/19/2010,2010,15,Miami Dolphins,14,17,Buffalo Bills,MIA,-5.5,40
12/19/2010,2010,15,New England Patriots,31,27,Green Bay Packers,NE,-14.5,43.5
12/19/2010,2010,15,New York Giants,31,38,Philadelphia Eagles,NYG,-3,47
12/19/2010,2010,15,Oakland Raiders,39,23,Denver Broncos,LVR,-8,42
12/19/2010,2010,15,Pittsburgh Steelers,17,22,New York Jets,PIT,-4,35.5
12/19/2010,2010,15,Seattle Seahawks,18,34,Atlanta Falcons,ATL,-6,46.5
12/19/2010,2010,15,St. Louis Rams,13,27,Kansas City Chiefs,LAR,-3,42.5
12/19/2010,2010,15,Tampa Bay Buccaneers,20,23,Detroit Lions,TB,-4,43
12/19/2010,2010,15,Tennessee Titans,31,17,Houston Texans,TEN,-1,47
12/20/2010,2010,15,Minnesota Vikings,14,40,Chicago Bears,CHI,-7,33
12/23/2010,2010,16,Pittsburgh Steelers,27,3,Carolina Panthers,PIT,-14.5,38
12/25/2010,2010,16,Arizona Cardinals,27,26,Dallas Cowboys,DAL,-7.5,45
12/26/2010,2010,16,Buffalo Bills,3,34,New England Patriots,NE,-9,45.5
12/26/2010,2010,16,Chicago Bears,38,34,New York Jets,CHI,-3,36
12/26/2010,2010,16,Cincinnati Bengals,34,20,San Diego Chargers,LAC,-8,43.5
12/26/2010,2010,16,Cleveland Browns,10,20,Baltimore Ravens,BAL,-4,40
12/26/2010,2010,16,Denver Broncos,24,23,Houston Texans,HOU,-2.5,49.5
12/26/2010,2010,16,Green Bay Packers,45,17,New York Giants,GB,-3,43
12/26/2010,2010,16,Jacksonville Jaguars,17,20,Washington Redskins,JAX,-6.5,45
12/26/2010,2010,16,Kansas City Chiefs,34,14,Tennessee Titans,KC,-4,42.5
12/26/2010,2010,16,Miami Dolphins,27,34,Detroit Lions,MIA,-3.5,41
12/26/2010,2010,16,Oakland Raiders,26,31,Indianapolis Colts,IND,-2.5,47.5
12/26/2010,2010,16,St. Louis Rams,25,17,San Francisco 49ers,LAR,-2.5,40
12/26/2010,2010,16,Tampa Bay Buccaneers,38,15,Seattle Seahawks,TB,-6,43.5
12/27/2010,2010,16,Atlanta Falcons,14,17,New Orleans Saints,ATL,-2.5,49.5
12/28/2010,2010,16,Philadelphia Eagles,14,24,Minnesota Vikings,PHI,-14.5,44.5
1/2/2011,2010,17,Atlanta Falcons,31,10,Carolina Panthers,ATL,-14.5,41.5
1/2/2011,2010,17,Baltimore Ravens,13,7,Cincinnati Bengals,BAL,-9.5,43
1/2/2011,2010,17,Cleveland Browns,9,41,Pittsburgh Steelers,PIT,-6.5,38
1/2/2011,2010,17,Denver Broncos,28,33,San Diego Chargers,LAC,-3.5,47.5
1/2/2011,2010,17,Detroit Lions,20,13,Minnesota Vikings,DET,-3.5,43.5
1/2/2011,2010,17,Green Bay Packers,10,3,Chicago Bears,GB,-10.5,43.5
1/2/2011,2010,17,Houston Texans,34,17,Jacksonville Jaguars,HOU,-4,48
1/2/2011,2010,17,Indianapolis Colts,23,20,Tennessee Titans,IND,-9.5,48
1/2/2011,2010,17,Kansas City Chiefs,10,31,Oakland Raiders,KC,-4.5,43.5
1/2/2011,2010,17,New England Patriots,38,7,Miami Dolphins,NE,-6,44
1/2/2011,2010,17,New Orleans Saints,13,23,Tampa Bay Buccaneers,NO,-7,47
1/2/2011,2010,17,New York Jets,38,7,Buffalo Bills,NYJ,-1.5,38
1/2/2011,2010,17,Philadelphia Eagles,13,14,Dallas Cowboys,PICK,0,43.5
1/2/2011,2010,17,San Francisco 49ers,38,7,Arizona Cardinals,SF,-6,39
1/2/2011,2010,17,Seattle Seahawks,16,6,St. Louis Rams,LAR,-3,41.5
1/2/2011,2010,17,Washington Redskins,14,17,New York Giants,NYG,-4,44.5
1/8/2011,2010,Wildcard,Indianapolis Colts,16,17,New York Jets,IND,-2,44.5
1/8/2011,2010,Wildcard,Seattle Seahawks,41,36,New Orleans Saints,NO,-10,46
1/9/2011,2010,Wildcard,Kansas City Chiefs,7,30,Baltimore Ravens,BAL,-3,41
1/9/2011,2010,Wildcard,Philadelphia Eagles,16,21,Green Bay Packers,PHI,-2.5,47
1/15/2011,2010,Division,Atlanta Falcons,21,48,Green Bay Packers,ATL,-1.5,43.5
1/15/2011,2010,Division,Pittsburgh Steelers,31,24,Baltimore Ravens,PIT,-3,37
1/16/2011,2010,Division,Chicago Bears,35,24,Seattle Seahawks,CHI,-10,43
1/16/2011,2010,Division,New England Patriots,21,28,New York Jets,NE,-9.5,45
1/23/2011,2010,Conference,Chicago Bears,14,21,Green Bay Packers,GB,-3.5,42.5
1/23/2011,2010,Conference,Pittsburgh Steelers,24,19,New York Jets,PIT,-4,38
2/6/2011,2010,Superbowl,Green Bay Packers,31,25,Pittsburgh Steelers,GB,-3,45
9/8/2011,2011,1,Green Bay Packers,42,34,New Orleans Saints,GB,-5,48
9/11/2011,2011,1,Arizona Cardinals,28,21,Carolina Panthers,ARI,-7,37.5
9/11/2011,2011,1,Baltimore Ravens,35,7,Pittsburgh Steelers,BAL,-1.5,37
9/11/2011,2011,1,Chicago Bears,30,12,Atlanta Falcons,ATL,-1.5,41
9/11/2011,2011,1,Cleveland Browns,17,27,Cincinnati Bengals,CLE,-7,36.5
9/11/2011,2011,1,Houston Texans,34,7,Indianapolis Colts,HOU,-9,44
9/11/2011,2011,1,Jacksonville Jaguars,16,14,Tennessee Titans,TEN,-1.5,38
9/11/2011,2011,1,Kansas City Chiefs,7,41,Buffalo Bills,KC,-3.5,40
9/11/2011,2011,1,New York Jets,27,24,Dallas Cowboys,NYJ,-6,41
9/11/2011,2011,1,San Diego Chargers,24,17,Minnesota Vikings,LAC,-8.5,43
9/11/2011,2011,1,San Francisco 49ers,33,17,Seattle Seahawks,SF,-6,38
9/11/2011,2011,1,St. Louis Rams,13,31,Philadelphia Eagles,PHI,-4,44.5
9/11/2011,2011,1,Tampa Bay Buccaneers,20,27,Detroit Lions,TB,-1.5,43.5
9/11/2011,2011,1,Washington Redskins,28,14,New York Giants,NYG,-2,40
9/12/2011,2011,1,Denver Broncos,20,23,Oakland Raiders,DEN,-3,42
9/12/2011,2011,1,Miami Dolphins,24,38,New England Patriots,NE,-7.5,47
9/18/2011,2011,2,Atlanta Falcons,35,31,Philadelphia Eagles,PHI,-2.5,49.5
9/18/2011,2011,2,Buffalo Bills,38,35,Oakland Raiders,BUF,-4,41
9/18/2011,2011,2,Carolina Panthers,23,30,Green Bay Packers,GB,-11,45
9/18/2011,2011,2,Denver Broncos,24,22,Cincinnati Bengals,DEN,-3,41
9/18/2011,2011,2,Detroit Lions,48,3,Kansas City Chiefs,DET,-9,45
9/18/2011,2011,2,Indianapolis Colts,19,27,Cleveland Browns,CLE,-1.5,39
9/18/2011,2011,2,Miami Dolphins,13,23,Houston Texans,HOU,-3,47.5
9/18/2011,2011,2,Minnesota Vikings,20,24,Tampa Bay Buccaneers,MIN,-1,41
9/18/2011,2011,2,New England Patriots,35,21,San Diego Chargers,NE,-7,53.5
9/18/2011,2011,2,New Orleans Saints,30,13,Chicago Bears,NO,-5,46.5
9/18/2011,2011,2,New York Jets,32,3,Jacksonville Jaguars,NYJ,-9,38.5
9/18/2011,2011,2,Pittsburgh Steelers,24,0,Seattle Seahawks,PIT,-14,40
9/18/2011,2011,2,San Francisco 49ers,24,27,Dallas Cowboys,DAL,-3,41.5
9/18/2011,2011,2,Tennessee Titans,26,13,Baltimore Ravens,BAL,-6,39
9/18/2011,2011,2,Washington Redskins,22,21,Arizona Cardinals,WAS,-4.5,45
9/19/2011,2011,2,New York Giants,28,16,St. Louis Rams,NYG,-7,44
9/25/2011,2011,3,Buffalo Bills,34,31,New England Patriots,NE,-7.5,54.5
9/25/2011,2011,3,Carolina Panthers,16,10,Jacksonville Jaguars,CAR,-3.5,43.5
9/25/2011,2011,3,Chicago Bears,17,27,Green Bay Packers,GB,-5,45.5
9/25/2011,2011,3,Cincinnati Bengals,8,13,San Francisco 49ers,CIN,-1,38.5
9/25/2011,2011,3,Cleveland Browns,17,16,Miami Dolphins,MIA,-2,42.5
9/25/2011,2011,3,Indianapolis Colts,20,23,Pittsburgh Steelers,PIT,-11,39.5
9/25/2011,2011,3,Minnesota Vikings,23,26,Detroit Lions,DET,-3,45
9/25/2011,2011,3,New Orleans Saints,40,33,Houston Texans,NO,-4,51
9/25/2011,2011,3,Oakland Raiders,34,24,New York Jets,NYJ,-3,41
9/25/2011,2011,3,Philadelphia Eagles,16,29,New York Giants,PHI,-8,46.5
9/25/2011,2011,3,San Diego Chargers,20,17,Kansas City Chiefs,LAC,-14.5,44.5
9/25/2011,2011,3,Seattle Seahawks,13,10,Arizona Cardinals,ARI,-3,43
9/25/2011,2011,3,St. Louis Rams,7,37,Baltimore Ravens,BAL,-6,42
9/25/2011,2011,3,Tampa Bay Buccaneers,16,13,Atlanta Falcons,TB,-1,45
9/25/2011,2011,3,Tennessee Titans,17,14,Denver Broncos,TEN,-7,44
9/26/2011,2011,3,Dallas Cowboys,18,16,Washington Redskins,DAL,-3.5,45
10/2/2011,2011,4,Arizona Cardinals,27,31,New York Giants,NYG,-1.5,45
10/2/2011,2011,4,Baltimore Ravens,34,17,New York Jets,BAL,-5,43.5
10/2/2011,2011,4,Chicago Bears,34,29,Carolina Panthers,CHI,-7,42
10/2/2011,2011,4,Cincinnati Bengals,23,20,Buffalo Bills,BUF,-3,43
10/2/2011,2011,4,Cleveland Browns,13,31,Tennessee Titans,CLE,-1.5,37.5
10/2/2011,2011,4,Dallas Cowboys,30,34,Detroit Lions,DAL,-2.5,46.5
10/2/2011,2011,4,Green Bay Packers,49,23,Denver Broncos,GB,-12,46.5
10/2/2011,2011,4,Houston Texans,17,10,Pittsburgh Steelers,HOU,-4,46.5
10/2/2011,2011,4,Jacksonville Jaguars,10,23,New Orleans Saints,NO,-9,45
10/2/2011,2011,4,Kansas City Chiefs,22,17,Minnesota Vikings,MIN,-3,40
10/2/2011,2011,4,Oakland Raiders,19,31,New England Patriots,NE,-6.5,55.5
10/2/2011,2011,4,Philadelphia Eagles,23,24,San Francisco 49ers,PHI,-10,43.5
10/2/2011,2011,4,San Diego Chargers,26,16,Miami Dolphins,LAC,-7,45
10/2/2011,2011,4,Seattle Seahawks,28,30,Atlanta Falcons,ATL,-6,39
10/2/2011,2011,4,St. Louis Rams,10,17,Washington Redskins,WAS,-3,44
10/3/2011,2011,4,Tampa Bay Buccaneers,24,17,Indianapolis Colts,TB,-10,40.5
10/9/2011,2011,5,Atlanta Falcons,14,25,Green Bay Packers,GB,-6.5,53
10/9/2011,2011,5,Buffalo Bills,31,24,Philadelphia Eagles,PHI,-3,53
10/9/2011,2011,5,Carolina Panthers,27,30,New Orleans Saints,NO,-6.5,51.5
10/9/2011,2011,5,Denver Broncos,24,29,San Diego Chargers,LAC,-3.5,46.5
10/9/2011,2011,5,Houston Texans,20,25,Oakland Raiders,HOU,-4.5,48.5
10/9/2011,2011,5,Indianapolis Colts,24,28,Kansas City Chiefs,IND,-1.5,38
10/9/2011,2011,5,Jacksonville Jaguars,20,30,Cincinnati Bengals,CIN,-2.5,37
10/9/2011,2011,5,Minnesota Vikings,34,10,Arizona Cardinals,MIN,-3.5,45
10/9/2011,2011,5,New England Patriots,30,21,New York Jets,NE,-7.5,50
10/9/2011,2011,5,New York Giants,25,36,Seattle Seahawks,NYG,-10,43.5
10/9/2011,2011,5,Pittsburgh Steelers,38,17,Tennessee Titans,PIT,-3,40
10/9/2011,2011,5,San Francisco 49ers,48,3,Tampa Bay Buccaneers,SF,-3,41.5
10/10/2011,2011,5,Detroit Lions,24,13,Chicago Bears,DET,-7,47
10/16/2011,2011,6,Atlanta Falcons,31,17,Carolina Panthers,ATL,-3.5,49.5
10/16/2011,2011,6,Baltimore Ravens,29,14,Houston Texans,BAL,-7,43.5
10/16/2011,2011,6,Chicago Bears,39,10,Minnesota Vikings,CHI,-2.5,42
10/16/2011,2011,6,Cincinnati Bengals,27,17,Indianapolis Colts,CIN,-4.5,40.5
10/16/2011,2011,6,Detroit Lions,19,25,San Francisco 49ers,DET,-5,45
10/16/2011,2011,6,Green Bay Packers,24,3,St. Louis Rams,GB,-14,47.5
10/16/2011,2011,6,New England Patriots,20,16,Dallas Cowboys,NE,-7,54.5
10/16/2011,2011,6,New York Giants,27,24,Buffalo Bills,NYG,-3,49
10/16/2011,2011,6,Oakland Raiders,24,17,Cleveland Browns,LVR,-6.5,45
10/16/2011,2011,6,Pittsburgh Steelers,17,13,Jacksonville Jaguars,PIT,-12.5,40
10/16/2011,2011,6,Tampa Bay Buccaneers,26,20,New Orleans Saints,NO,-6.5,49.5
10/16/2011,2011,6,Washington Redskins,13,20,Philadelphia Eagles,PHI,-3,46.5
10/17/2011,2011,6,New York Jets,24,6,Miami Dolphins,NYJ,-7.5,41.5
10/23/2011,2011,7,Arizona Cardinals,20,32,Pittsburgh Steelers,PIT,-4.5,46.5
10/23/2011,2011,7,Carolina Panthers,33,20,Washington Redskins,CAR,-2.5,44.5
10/23/2011,2011,7,Cleveland Browns,6,3,Seattle Seahawks,CLE,-3,41
10/23/2011,2011,7,Dallas Cowboys,34,7,St. Louis Rams,DAL,-14,43
10/23/2011,2011,7,Detroit Lions,16,23,Atlanta Falcons,DET,-4.5,47
10/23/2011,2011,7,Miami Dolphins,15,18,Denver Broncos,DEN,-1,41.5
10/23/2011,2011,7,Minnesota Vikings,27,33,Green Bay Packers,GB,-11,47
10/23/2011,2011,7,New Orleans Saints,62,7,Indianapolis Colts,NO,-14,49
10/23/2011,2011,7,New York Jets,27,21,San Diego Chargers,LAC,-1,43.5
10/23/2011,2011,7,Oakland Raiders,0,28,Kansas City Chiefs,LVR,-3.5,41.5
10/23/2011,2011,7,Tampa Bay Buccaneers,18,24,Chicago Bears,CHI,-2,44
10/23/2011,2011,7,Tennessee Titans,7,41,Houston Texans,TEN,-2.5,44
10/24/2011,2011,7,Jacksonville Jaguars,12,7,Baltimore Ravens,BAL,-10.5,39
10/30/2011,2011,8,Baltimore Ravens,30,27,Arizona Cardinals,BAL,-11.5,43
10/30/2011,2011,8,Buffalo Bills,23,0,Washington Redskins,BUF,-4,46.5
10/30/2011,2011,8,Carolina Panthers,21,24,Minnesota Vikings,CAR,-3,47
10/30/2011,2011,8,Denver Broncos,10,45,Detroit Lions,DET,-3.5,43.5
10/30/2011,2011,8,Houston Texans,24,14,Jacksonville Jaguars,HOU,-10,41
10/30/2011,2011,8,New York Giants,20,17,Miami Dolphins,NYG,-10,43.5
10/30/2011,2011,8,Philadelphia Eagles,34,7,Dallas Cowboys,PHI,-3,49.5
10/30/2011,2011,8,Pittsburgh Steelers,25,17,New England Patriots,NE,-3,52
10/30/2011,2011,8,San Francisco 49ers,20,10,Cleveland Browns,SF,-9.5,38.5
10/30/2011,2011,8,Seattle Seahawks,12,34,Cincinnati Bengals,CIN,-1.5,37.5
10/30/2011,2011,8,St. Louis Rams,31,21,New Orleans Saints,NO,-14,48.5
10/30/2011,2011,8,Tennessee Titans,27,10,Indianapolis Colts,TEN,-7.5,43.5
10/31/2011,2011,8,Kansas City Chiefs,23,20,San Diego Chargers,LAC,-3,44.5
11/6/2011,2011,9,Arizona Cardinals,19,13,St. Louis Rams,ARI,-3,41.5
11/6/2011,2011,9,Buffalo Bills,11,27,New York Jets,BUF,-2.5,45
11/6/2011,2011,9,Dallas Cowboys,23,13,Seattle Seahawks,DAL,-11,45
11/6/2011,2011,9,Houston Texans,30,12,Cleveland Browns,HOU,-10.5,41
11/6/2011,2011,9,Indianapolis Colts,7,31,Atlanta Falcons,ATL,-7,45.5
11/6/2011,2011,9,Kansas City Chiefs,3,31,Miami Dolphins,KC,-4,40.5
11/6/2011,2011,9,New England Patriots,20,24,New York Giants,NE,-9,51
11/6/2011,2011,9,New Orleans Saints,27,16,Tampa Bay Buccaneers,NO,-9,50.5
11/6/2011,2011,9,Oakland Raiders,24,38,Denver Broncos,LVR,-7.5,42.5
11/6/2011,2011,9,Pittsburgh Steelers,20,23,Baltimore Ravens,PIT,-3.5,42
11/6/2011,2011,9,San Diego Chargers,38,45,Green Bay Packers,GB,-6,51
11/6/2011,2011,9,Tennessee Titans,17,24,Cincinnati Bengals,TEN,-3,41.5
11/6/2011,2011,9,Washington Redskins,11,19,San Francisco 49ers,SF,-4.5,37.5
11/7/2011,2011,9,Philadelphia Eagles,24,30,Chicago Bears,PHI,-8,47.5
11/10/2011,2011,10,San Diego Chargers,17,24,Oakland Raiders,LAC,-7,48
11/13/2011,2011,10,Atlanta Falcons,23,26,New Orleans Saints,ATL,-1,50
11/13/2011,2011,10,Carolina Panthers,3,30,Tennessee Titans,CAR,-3.5,47.5
11/13/2011,2011,10,Chicago Bears,37,13,Detroit Lions,CHI,-3,42.5
11/13/2011,2011,10,Cincinnati Bengals,17,24,Pittsburgh Steelers,PIT,-4,40.5
11/13/2011,2011,10,Cleveland Browns,12,13,St. Louis Rams,CLE,-3,36.5
11/13/2011,2011,10,Dallas Cowboys,44,7,Buffalo Bills,DAL,-4.5,49
11/13/2011,2011,10,Indianapolis Colts,3,17,Jacksonville Jaguars,JAX,-3,37.5
11/13/2011,2011,10,Kansas City Chiefs,10,17,Denver Broncos,KC,-3.5,42.5
11/13/2011,2011,10,Miami Dolphins,20,9,Washington Redskins,MIA,-4,38
11/13/2011,2011,10,New York Jets,16,37,New England Patriots,NYJ,-2.5,47
11/13/2011,2011,10,Philadelphia Eagles,17,21,Arizona Cardinals,PHI,-13,47.5
11/13/2011,2011,10,San Francisco 49ers,27,20,New York Giants,SF,-4,42.5
11/13/2011,2011,10,Seattle Seahawks,22,17,Baltimore Ravens,BAL,-7,39
11/13/2011,2011,10,Tampa Bay Buccaneers,9,37,Houston Texans,HOU,-4,45.5
11/14/2011,2011,10,Green Bay Packers,45,7,Minnesota Vikings,GB,-13,50
11/17/2011,2011,11,Denver Broncos,17,13,New York Jets,NYJ,-6.5,38.5
11/20/2011,2011,11,Atlanta Falcons,23,17,Tennessee Titans,ATL,-6.5,44
11/20/2011,2011,11,Baltimore Ravens,31,24,Cincinnati Bengals,BAL,-7,40.5
11/20/2011,2011,11,Chicago Bears,31,20,San Diego Chargers,CHI,-4.5,45.5
11/20/2011,2011,11,Cleveland Browns,14,10,Jacksonville Jaguars,CLE,-1.5,34.5
11/20/2011,2011,11,Detroit Lions,49,35,Carolina Panthers,DET,-7,47.5
11/20/2011,2011,11,Green Bay Packers,35,26,Tampa Bay Buccaneers,GB,-13.5,49
11/20/2011,2011,11,Miami Dolphins,35,8,Buffalo Bills,MIA,-3,44
11/20/2011,2011,11,Minnesota Vikings,21,27,Oakland Raiders,MIN,-2,46.5
11/20/2011,2011,11,New York Giants,10,17,Philadelphia Eagles,NYG,-6,45.5
11/20/2011,2011,11,San Francisco 49ers,23,7,Arizona Cardinals,SF,-10,40.5
11/20/2011,2011,11,St. Louis Rams,7,24,Seattle Seahawks,LAR,-3,40
11/20/2011,2011,11,Washington Redskins,24,27,Dallas Cowboys,DAL,-7,43
11/21/2011,2011,11,New England Patriots,34,3,Kansas City Chiefs,NE,-17,47
11/24/2011,2011,12,Baltimore Ravens,16,6,San Francisco 49ers,BAL,-3.5,40.5
11/24/2011,2011,12,Dallas Cowboys,20,19,Miami Dolphins,DAL,-7,46
11/24/2011,2011,12,Detroit Lions,15,27,Green Bay Packers,GB,-4.5,55
11/27/2011,2011,12,Atlanta Falcons,24,14,Minnesota Vikings,ATL,-10,44
11/27/2011,2011,12,Cincinnati Bengals,23,20,Cleveland Browns,CIN,-7,38
11/27/2011,2011,12,Indianapolis Colts,19,27,Carolina Panthers,CAR,-3.5,46.5
11/27/2011,2011,12,Jacksonville Jaguars,13,20,Houston Texans,HOU,-6.5,37
11/27/2011,2011,12,Kansas City Chiefs,9,13,Pittsburgh Steelers,PIT,-10.5,40.5
11/27/2011,2011,12,New York Jets,28,24,Buffalo Bills,NYJ,-9.5,42.5
11/27/2011,2011,12,Oakland Raiders,25,20,Chicago Bears,LVR,-3,41
11/27/2011,2011,12,Philadelphia Eagles,20,38,New England Patriots,NE,-3.5,50.5
11/27/2011,2011,12,San Diego Chargers,13,16,Denver Broncos,LAC,-5.5,42
11/27/2011,2011,12,Seattle Seahawks,17,23,Washington Redskins,SEA,-3,37.5
11/27/2011,2011,12,St. Louis Rams,20,23,Arizona Cardinals,LAR,-2.5,40
11/27/2011,2011,12,Tennessee Titans,23,17,Tampa Bay Buccaneers,TEN,-3,44
11/28/2011,2011,12,New Orleans Saints,49,24,New York Giants,NO,-7,51
12/1/2011,2011,13,Seattle Seahawks,31,14,Philadelphia Eagles,PHI,-3,43.5
12/4/2011,2011,13,Arizona Cardinals,19,13,Dallas Cowboys,DAL,-4.5,46.5
12/4/2011,2011,13,Buffalo Bills,17,23,Tennessee Titans,BUF,-1,44
12/4/2011,2011,13,Chicago Bears,3,10,Kansas City Chiefs,CHI,-9,35
12/4/2011,2011,13,Cleveland Browns,10,24,Baltimore Ravens,BAL,-7,38.5
12/4/2011,2011,13,Houston Texans,17,10,Atlanta Falcons,ATL,-2,38
12/4/2011,2011,13,Miami Dolphins,34,14,Oakland Raiders,MIA,-3,43
12/4/2011,2011,13,Minnesota Vikings,32,35,Denver Broncos,MIN,-1.5,37.5
12/4/2011,2011,13,New England Patriots,31,24,Indianapolis Colts,NE,-20.5,48.5
12/4/2011,2011,13,New Orleans Saints,31,17,Detroit Lions,NO,-9,54.5
12/4/2011,2011,13,New York Giants,35,38,Green Bay Packers,GB,-7,54
12/4/2011,2011,13,Pittsburgh Steelers,35,7,Cincinnati Bengals,PIT,-7,43
12/4/2011,2011,13,San Francisco 49ers,26,0,St. Louis Rams,SF,-14.5,38.5
12/4/2011,2011,13,Tampa Bay Buccaneers,19,38,Carolina Panthers,CAR,-2.5,46.5
12/4/2011,2011,13,Washington Redskins,19,34,New York Jets,NYJ,-3,38.5
12/5/2011,2011,13,Jacksonville Jaguars,14,38,San Diego Chargers,LAC,-3,39.5
12/8/2011,2011,14,Pittsburgh Steelers,14,3,Cleveland Browns,PIT,-14,40
12/11/2011,2011,14,Arizona Cardinals,21,19,San Francisco 49ers,SF,-3.5,40
12/11/2011,2011,14,Baltimore Ravens,24,10,Indianapolis Colts,BAL,-16.5,41.5
12/11/2011,2011,14,Carolina Panthers,23,31,Atlanta Falcons,ATL,-3,47.5
12/11/2011,2011,14,Cincinnati Bengals,19,20,Houston Texans,CIN,-3,37
12/11/2011,2011,14,Dallas Cowboys,34,37,New York Giants,DAL,-4.5,50.5
12/11/2011,2011,14,Denver Broncos,13,10,Chicago Bears,DEN,-3.5,35.5
12/11/2011,2011,14,Detroit Lions,34,28,Minnesota Vikings,DET,-10,47
12/11/2011,2011,14,Green Bay Packers,46,16,Oakland Raiders,GB,-11.5,49.5
12/11/2011,2011,14,Jacksonville Jaguars,41,14,Tampa Bay Buccaneers,TB,-3,42
12/11/2011,2011,14,Miami Dolphins,10,26,Philadelphia Eagles,MIA,-3,44.5
12/11/2011,2011,14,New York Jets,37,10,Kansas City Chiefs,NYJ,-10.5,35.5
12/11/2011,2011,14,San Diego Chargers,37,10,Buffalo Bills,LAC,-7,49
12/11/2011,2011,14,Tennessee Titans,17,22,New Orleans Saints,NO,-3.5,48
12/11/2011,2011,14,Washington Redskins,27,34,New England Patriots,NE,-7.5,47
12/12/2011,2011,14,Seattle Seahawks,30,13,St. Louis Rams,SEA,-9.5,37
12/15/2011,2011,15,Atlanta Falcons,41,14,Jacksonville Jaguars,ATL,-13.5,42
12/17/2011,2011,15,Tampa Bay Buccaneers,15,31,Dallas Cowboys,DAL,-7,47
12/18/2011,2011,15,Arizona Cardinals,20,17,Cleveland Browns,ARI,-6.5,37.5
12/18/2011,2011,15,Buffalo Bills,23,30,Miami Dolphins,BUF,-1.5,40.5
12/18/2011,2011,15,Chicago Bears,14,38,Seattle Seahawks,CHI,-3.5,35
12/18/2011,2011,15,Denver Broncos,23,41,New England Patriots,NE,-7.5,47.5
12/18/2011,2011,15,Houston Texans,13,28,Carolina Panthers,HOU,-6,45.5
12/18/2011,2011,15,Indianapolis Colts,27,13,Tennessee Titans,TEN,-6.5,41.5
12/18/2011,2011,15,Kansas City Chiefs,19,14,Green Bay Packers,GB,-11.5,46
12/18/2011,2011,15,Minnesota Vikings,20,42,New Orleans Saints,NO,-7.5,53.5
12/18/2011,2011,15,New York Giants,10,23,Washington Redskins,NYG,-6,46.5
12/18/2011,2011,15,Oakland Raiders,27,28,Detroit Lions,DET,-1.5,47.5
12/18/2011,2011,15,Philadelphia Eagles,45,19,New York Jets,PHI,-3,44
12/18/2011,2011,15,San Diego Chargers,34,14,Baltimore Ravens,BAL,-2.5,44
12/18/2011,2011,15,St. Louis Rams,13,20,Cincinnati Bengals,CIN,-7,39
12/19/2011,2011,15,San Francisco 49ers,20,3,Pittsburgh Steelers,SF,-3,37
12/22/2011,2011,16,Indianapolis Colts,19,16,Houston Texans,HOU,-7,40.5
12/24/2011,2011,16,Baltimore Ravens,20,14,Cleveland Browns,BAL,-11,38
12/24/2011,2011,16,Buffalo Bills,40,14,Denver Broncos,DEN,-3,43.5
12/24/2011,2011,16,Carolina Panthers,48,16,Tampa Bay Buccaneers,CAR,-7.5,48
12/24/2011,2011,16,Cincinnati Bengals,23,16,Arizona Cardinals,CIN,-4,41
12/24/2011,2011,16,Dallas Cowboys,7,20,Philadelphia Eagles,PHI,-2.5,50
12/24/2011,2011,16,Detroit Lions,38,10,San Diego Chargers,LAC,-1,53
12/24/2011,2011,16,Kansas City Chiefs,13,16,Oakland Raiders,KC,-3,43
12/24/2011,2011,16,New England Patriots,27,24,Miami Dolphins,NE,-7.5,49.5
12/24/2011,2011,16,New York Jets,14,29,New York Giants,NYJ,-3,46
12/24/2011,2011,16,Pittsburgh Steelers,27,0,St. Louis Rams,PIT,-10,34
12/24/2011,2011,16,Seattle Seahawks,17,19,San Francisco 49ers,SF,-2.5,37
12/24/2011,2011,16,Tennessee Titans,23,17,Jacksonville Jaguars,TEN,-8.5,38.5
12/24/2011,2011,16,Washington Redskins,26,33,Minnesota Vikings,WAS,-6,43
12/25/2011,2011,16,Green Bay Packers,35,21,Chicago Bears,GB,-13,42
12/26/2011,2011,16,New Orleans Saints,45,16,Atlanta Falcons,NO,-7,52.5
1/1/2012,2011,17,Arizona Cardinals,23,20,Seattle Seahawks,ARI,-2.5,40.5
1/1/2012,2011,17,Atlanta Falcons,45,24,Tampa Bay Buccaneers,ATL,-9.5,45
1/1/2012,2011,17,Cincinnati Bengals,16,24,Baltimore Ravens,BAL,-2.5,38
1/1/2012,2011,17,Cleveland Browns,9,13,Pittsburgh Steelers,PIT,-7,33
1/1/2012,2011,17,Denver Broncos,3,7,Kansas City Chiefs,DEN,-2,37.5
1/1/2012,2011,17,Green Bay Packers,45,41,Detroit Lions,DET,-6.5,42
1/1/2012,2011,17,Houston Texans,22,23,Tennessee Titans,TEN,-2,38.5
1/1/2012,2011,17,Jacksonville Jaguars,19,13,Indianapolis Colts,JAX,-3,37
1/1/2012,2011,17,Miami Dolphins,19,17,New York Jets,MIA,-2,39
1/1/2012,2011,17,Minnesota Vikings,13,17,Chicago Bears,MIN,-2.5,42
1/1/2012,2011,17,New England Patriots,49,21,Buffalo Bills,NE,-10,50
1/1/2012,2011,17,New Orleans Saints,45,17,Carolina Panthers,NO,-7,55
1/1/2012,2011,17,New York Giants,31,14,Dallas Cowboys,NYG,-3,47.5
1/1/2012,2011,17,Oakland Raiders,26,38,San Diego Chargers,LVR,-3,48.5
1/1/2012,2011,17,Philadelphia Eagles,34,10,Washington Redskins,PHI,-7,44.5
1/1/2012,2011,17,St. Louis Rams,27,34,San Francisco 49ers,SF,-12.5,34.5
1/7/2012,2011,Wildcard,Houston Texans,31,10,Cincinnati Bengals,HOU,-4,38
1/7/2012,2011,Wildcard,New Orleans Saints,45,28,Detroit Lions,NO,-10.5,60
1/8/2012,2011,Wildcard,Denver Broncos,29,23,Pittsburgh Steelers,PIT,-7.5,34
1/8/2012,2011,Wildcard,New York Giants,24,2,Atlanta Falcons,NYG,-3,48
1/14/2012,2011,Division,New England Patriots,45,10,Denver Broncos,NE,-13.5,50
1/14/2012,2011,Division,San Francisco 49ers,36,32,New Orleans Saints,NO,-3.5,47
1/15/2012,2011,Division,Baltimore Ravens,20,13,Houston Texans,BAL,-8,37.5
1/15/2012,2011,Division,Green Bay Packers,20,37,New York Giants,GB,-8,54.5
1/22/2012,2011,Conference,New England Patriots,23,20,Baltimore Ravens,NE,-7,50
1/22/2012,2011,Conference,San Francisco 49ers,17,20,New York Giants,SF,-2,41.5
2/5/2012,2011,Superbowl,New England Patriots,17,21,New York Giants,NE,-2.5,53
9/5/2012,2012,1,New York Giants,17,24,Dallas Cowboys,NYG,-4,46
9/9/2012,2012,1,Arizona Cardinals,20,16,Seattle Seahawks,SEA,-3,41
9/9/2012,2012,1,Chicago Bears,41,21,Indianapolis Colts,CHI,-10,42.5
9/9/2012,2012,1,Cleveland Browns,16,17,Philadelphia Eagles,PHI,-9.5,42
9/9/2012,2012,1,Denver Broncos,31,19,Pittsburgh Steelers,DEN,-2,45.5
9/9/2012,2012,1,Detroit Lions,27,23,St. Louis Rams,DET,-9,46.5
9/9/2012,2012,1,Green Bay Packers,22,30,San Francisco 49ers,GB,-5.5,46.5
9/9/2012,2012,1,Houston Texans,30,10,Miami Dolphins,HOU,-13.5,41.5
9/9/2012,2012,1,Kansas City Chiefs,24,40,Atlanta Falcons,ATL,-2.5,43
9/9/2012,2012,1,Minnesota Vikings,26,23,Jacksonville Jaguars,MIN,-3.5,38
9/9/2012,2012,1,New Orleans Saints,32,40,Washington Redskins,NO,-9,50.5
9/9/2012,2012,1,New York Jets,48,28,Buffalo Bills,NYJ,-3,39
9/9/2012,2012,1,Tampa Bay Buccaneers,16,10,Carolina Panthers,CAR,-3,45.5
9/9/2012,2012,1,Tennessee Titans,13,34,New England Patriots,NE,-6.5,48
9/10/2012,2012,1,Baltimore Ravens,44,13,Cincinnati Bengals,BAL,-7,43
9/10/2012,2012,1,Oakland Raiders,14,22,San Diego Chargers,LVR,-1,47.5
9/13/2012,2012,2,Green Bay Packers,23,10,Chicago Bears,GB,-5.5,51
9/16/2012,2012,2,Buffalo Bills,35,17,Kansas City Chiefs,BUF,-3,45
9/16/2012,2012,2,Carolina Panthers,35,27,New Orleans Saints,NO,-3,54
9/16/2012,2012,2,Cincinnati Bengals,34,27,Cleveland Browns,CIN,-7,39.5
9/16/2012,2012,2,Indianapolis Colts,23,20,Minnesota Vikings,MIN,-3,45.5
9/16/2012,2012,2,Jacksonville Jaguars,7,27,Houston Texans,HOU,-7,40
9/16/2012,2012,2,Miami Dolphins,35,13,Oakland Raiders,LVR,-2,41
9/16/2012,2012,2,New England Patriots,18,20,Arizona Cardinals,NE,-13.5,47
9/16/2012,2012,2,New York Giants,41,34,Tampa Bay Buccaneers,NYG,-8,43.5
9/16/2012,2012,2,Philadelphia Eagles,24,23,Baltimore Ravens,PHI,-3,47
9/16/2012,2012,2,Pittsburgh Steelers,27,10,New York Jets,PIT,-4.5,43
9/16/2012,2012,2,San Diego Chargers,38,10,Tennessee Titans,LAC,-6,43.5
9/16/2012,2012,2,San Francisco 49ers,27,19,Detroit Lions,SF,-7,46
9/16/2012,2012,2,Seattle Seahawks,27,7,Dallas Cowboys,DAL,-3,43
9/16/2012,2012,2,St. Louis Rams,31,28,Washington Redskins,WAS,-3.5,42.5
9/17/2012,2012,2,Atlanta Falcons,27,21,Denver Broncos,ATL,-3,50.5
9/20/2012,2012,3,Carolina Panthers,7,36,New York Giants,CAR,-3,49
9/23/2012,2012,3,Arizona Cardinals,27,6,Philadelphia Eagles,PHI,-3,42
9/23/2012,2012,3,Baltimore Ravens,31,30,New England Patriots,BAL,-3,48
9/23/2012,2012,3,Chicago Bears,23,6,St. Louis Rams,CHI,-7,42
9/23/2012,2012,3,Cleveland Browns,14,24,Buffalo Bills,BUF,-3,45
9/23/2012,2012,3,Dallas Cowboys,16,10,Tampa Bay Buccaneers,DAL,-7,45.5
9/23/2012,2012,3,Denver Broncos,25,31,Houston Texans,HOU,-1.5,43.5
9/23/2012,2012,3,Indianapolis Colts,17,22,Jacksonville Jaguars,IND,-3,42
9/23/2012,2012,3,Miami Dolphins,20,23,New York Jets,NYJ,-3,40.5
9/23/2012,2012,3,Minnesota Vikings,24,13,San Francisco 49ers,SF,-7,42.5
9/23/2012,2012,3,New Orleans Saints,24,27,Kansas City Chiefs,NO,-8.5,51.5
9/23/2012,2012,3,Oakland Raiders,34,31,Pittsburgh Steelers,PIT,-4,45
9/23/2012,2012,3,San Diego Chargers,3,27,Atlanta Falcons,LAC,-3,47.5
9/23/2012,2012,3,Tennessee Titans,44,41,Detroit Lions,DET,-4,47
9/23/2012,2012,3,Washington Redskins,31,38,Cincinnati Bengals,WAS,-3,49.5
9/24/2012,2012,3,Seattle Seahawks,14,12,Green Bay Packers,GB,-3.5,45.5
9/27/2012,2012,4,Baltimore Ravens,23,16,Cleveland Browns,BAL,-11.5,43.5
9/30/2012,2012,4,Arizona Cardinals,24,21,Miami Dolphins,ARI,-4,39.5
9/30/2012,2012,4,Atlanta Falcons,30,28,Carolina Panthers,ATL,-7,48
9/30/2012,2012,4,Buffalo Bills,28,52,New England Patriots,NE,-4.5,48.5
9/30/2012,2012,4,Denver Broncos,37,6,Oakland Raiders,DEN,-6.5,47
9/30/2012,2012,4,Detroit Lions,13,20,Minnesota Vikings,DET,-4,48.5
9/30/2012,2012,4,Green Bay Packers,28,27,New Orleans Saints,GB,-7.5,54
9/30/2012,2012,4,Houston Texans,38,14,Tennessee Titans,HOU,-13.5,45
9/30/2012,2012,4,Jacksonville Jaguars,10,27,Cincinnati Bengals,JAX,-1.5,45.5
9/30/2012,2012,4,Kansas City Chiefs,20,37,San Diego Chargers,LAC,-2.5,43.5
9/30/2012,2012,4,New York Jets,0,34,San Francisco 49ers,SF,-4,41
9/30/2012,2012,4,Philadelphia Eagles,19,17,New York Giants,PHI,-1.5,46.5
9/30/2012,2012,4,St. Louis Rams,19,13,Seattle Seahawks,SEA,-2.5,39
9/30/2012,2012,4,Tampa Bay Buccaneers,22,24,Washington Redskins,TB,-2,45
10/1/2012,2012,4,Dallas Cowboys,18,34,Chicago Bears,DAL,-3,41.5
10/4/2012,2012,5,St. Louis Rams,17,3,Arizona Cardinals,ARI,-1.5,38
10/7/2012,2012,5,Carolina Panthers,12,16,Seattle Seahawks,CAR,-2,42
10/7/2012,2012,5,Cincinnati Bengals,13,17,Miami Dolphins,CIN,-3,45
10/7/2012,2012,5,Indianapolis Colts,30,27,Green Bay Packers,GB,-6.5,49
10/7/2012,2012,5,Jacksonville Jaguars,3,41,Chicago Bears,CHI,-6.5,40
10/7/2012,2012,5,Kansas City Chiefs,6,9,Baltimore Ravens,BAL,-6.5,47
10/7/2012,2012,5,Minnesota Vikings,30,7,Tennessee Titans,MIN,-6,44
10/7/2012,2012,5,New England Patriots,31,21,Denver Broncos,NE,-6,51.5
10/7/2012,2012,5,New Orleans Saints,31,24,San Diego Chargers,NO,-3.5,52.5
10/7/2012,2012,5,New York Giants,41,27,Cleveland Browns,NYG,-8,44
10/7/2012,2012,5,Pittsburgh Steelers,16,14,Philadelphia Eagles,PIT,-4,44
10/7/2012,2012,5,San Francisco 49ers,45,3,Buffalo Bills,SF,-10,45
10/7/2012,2012,5,Washington Redskins,17,24,Atlanta Falcons,ATL,-3,51
10/8/2012,2012,5,New York Jets,17,23,Houston Texans,HOU,-10,41
10/11/2012,2012,6,Tennessee Titans,26,23,Pittsburgh Steelers,PIT,-6.5,43
10/14/2012,2012,6,Arizona Cardinals,16,19,Buffalo Bills,ARI,-5,44
10/14/2012,2012,6,Atlanta Falcons,23,20,Oakland Raiders,ATL,-10,49
10/14/2012,2012,6,Baltimore Ravens,31,29,Dallas Cowboys,BAL,-3,45
10/14/2012,2012,6,Cleveland Browns,34,24,Cincinnati Bengals,CIN,-2,42
10/14/2012,2012,6,Houston Texans,24,42,Green Bay Packers,HOU,-4,46.5
10/14/2012,2012,6,Miami Dolphins,17,14,St. Louis Rams,MIA,-5,38
10/14/2012,2012,6,New York Jets,35,9,Indianapolis Colts,NYJ,-3,44
10/14/2012,2012,6,Philadelphia Eagles,23,26,Detroit Lions,PHI,-3.5,47.5
10/14/2012,2012,6,San Francisco 49ers,3,26,New York Giants,SF,-7,46.5
10/14/2012,2012,6,Seattle Seahawks,24,23,New England Patriots,NE,-4,42.5
10/14/2012,2012,6,Tampa Bay Buccaneers,38,10,Kansas City Chiefs,TB,-5,39.5
10/14/2012,2012,6,Washington Redskins,38,26,Minnesota Vikings,MIN,-2,44
10/15/2012,2012,6,San Diego Chargers,24,35,Denver Broncos,PICK,0,47.5
10/18/2012,2012,7,San Francisco 49ers,13,6,Seattle Seahawks,SF,-7.5,37.5
10/21/2012,2012,7,Buffalo Bills,34,35,Tennessee Titans,BUF,-4.5,46.5
10/21/2012,2012,7,Carolina Panthers,14,19,Dallas Cowboys,DAL,-2.5,45
10/21/2012,2012,7,Cincinnati Bengals,17,24,Pittsburgh Steelers,CIN,-1,45.5
10/21/2012,2012,7,Houston Texans,43,13,Baltimore Ravens,HOU,-6.5,47.5
10/21/2012,2012,7,Indianapolis Colts,17,13,Cleveland Browns,IND,-1,46.5
10/21/2012,2012,7,Minnesota Vikings,21,14,Arizona Cardinals,MIN,-6.5,39.5
10/21/2012,2012,7,New England Patriots,29,26,New York Jets,NE,-10.5,47
10/21/2012,2012,7,New York Giants,27,23,Washington Redskins,NYG,-6.5,51.5
10/21/2012,2012,7,Oakland Raiders,26,23,Jacksonville Jaguars,LVR,-6,44
10/21/2012,2012,7,St. Louis Rams,20,30,Green Bay Packers,GB,-5,45
10/21/2012,2012,7,Tampa Bay Buccaneers,28,35,New Orleans Saints,NO,-1.5,49.5
10/22/2012,2012,7,Chicago Bears,13,7,Detroit Lions,CHI,-6.5,47
10/25/2012,2012,8,Minnesota Vikings,17,36,Tampa Bay Buccaneers,MIN,-5.5,43
10/28/2012,2012,8,Chicago Bears,23,22,Carolina Panthers,CHI,-7.5,41.5
10/28/2012,2012,8,Cleveland Browns,7,6,San Diego Chargers,LAC,-3,41
10/28/2012,2012,8,Dallas Cowboys,24,29,New York Giants,NYG,-2.5,48
10/28/2012,2012,8,Denver Broncos,34,14,New Orleans Saints,DEN,-6.5,55
10/28/2012,2012,8,Detroit Lions,28,24,Seattle Seahawks,DET,-3,42.5
10/28/2012,2012,8,Green Bay Packers,24,15,Jacksonville Jaguars,GB,-16,45.5
10/28/2012,2012,8,Kansas City Chiefs,16,26,Oakland Raiders,KC,-1,42.5
10/28/2012,2012,8,New York Jets,9,30,Miami Dolphins,NYJ,-1,39
10/28/2012,2012,8,Philadelphia Eagles,17,30,Atlanta Falcons,PHI,-3,43
10/28/2012,2012,8,Pittsburgh Steelers,27,12,Washington Redskins,PIT,-4.5,44
10/28/2012,2012,8,St. Louis Rams,7,45,New England Patriots,NE,-7,46
10/28/2012,2012,8,Tennessee Titans,13,19,Indianapolis Colts,TEN,-3,47
10/29/2012,2012,8,Arizona Cardinals,3,24,San Francisco 49ers,SF,-7,38.5
11/1/2012,2012,9,San Diego Chargers,31,13,Kansas City Chiefs,LAC,-7,41
11/4/2012,2012,9,Atlanta Falcons,19,13,Dallas Cowboys,ATL,-4.5,47.5
11/4/2012,2012,9,Cincinnati Bengals,23,31,Denver Broncos,DEN,-5.5,47.5
11/4/2012,2012,9,Cleveland Browns,15,25,Baltimore Ravens,BAL,-3.5,44
11/4/2012,2012,9,Green Bay Packers,31,17,Arizona Cardinals,GB,-10.5,43.5
11/4/2012,2012,9,Houston Texans,21,9,Buffalo Bills,HOU,-11.5,48
11/4/2012,2012,9,Indianapolis Colts,23,20,Miami Dolphins,MIA,-2,43.5
11/4/2012,2012,9,Jacksonville Jaguars,14,31,Detroit Lions,DET,-6,44
11/4/2012,2012,9,New York Giants,20,24,Pittsburgh Steelers,NYG,-3.5,47.5
11/4/2012,2012,9,Oakland Raiders,32,42,Tampa Bay Buccaneers,LVR,-1,47.5
11/4/2012,2012,9,Seattle Seahawks,30,20,Minnesota Vikings,SEA,-4,38.5
11/4/2012,2012,9,Tennessee Titans,20,51,Chicago Bears,CHI,-5,43.5
11/4/2012,2012,9,Washington Redskins,13,21,Carolina Panthers,WAS,-3,48.5
11/5/2012,2012,9,New Orleans Saints,28,13,Philadelphia Eagles,NO,-3,52
11/8/2012,2012,10,Jacksonville Jaguars,10,27,Indianapolis Colts,IND,-3.5,43.5
11/11/2012,2012,10,Baltimore Ravens,55,20,Oakland Raiders,BAL,-7.5,47.5
11/11/2012,2012,10,Carolina Panthers,14,36,Denver Broncos,DEN,-4,47
11/11/2012,2012,10,Chicago Bears,6,13,Houston Texans,CHI,-1,40
11/11/2012,2012,10,Cincinnati Bengals,31,13,New York Giants,NYG,-4.5,47.5
11/11/2012,2012,10,Miami Dolphins,3,37,Tennessee Titans,MIA,-7,44
11/11/2012,2012,10,Minnesota Vikings,34,24,Detroit Lions,DET,-3,45.5
11/11/2012,2012,10,New England Patriots,37,31,Buffalo Bills,NE,-13.5,54
11/11/2012,2012,10,New Orleans Saints,31,27,Atlanta Falcons,ATL,-1.5,54
11/11/2012,2012,10,Philadelphia Eagles,23,38,Dallas Cowboys,DAL,-2.5,44.5
11/11/2012,2012,10,San Francisco 49ers,24,24,St. Louis Rams,SF,-13,38
11/11/2012,2012,10,Seattle Seahawks,28,7,New York Jets,SEA,-5.5,38.5
11/11/2012,2012,10,Tampa Bay Buccaneers,34,24,San Diego Chargers,TB,-3,47
11/12/2012,2012,10,Pittsburgh Steelers,16,13,Kansas City Chiefs,PIT,-13,40
11/15/2012,2012,11,Buffalo Bills,19,14,Miami Dolphins,BUF,-2.5,46
11/18/2012,2012,11,Atlanta Falcons,23,19,Arizona Cardinals,ATL,-9.5,44
11/18/2012,2012,11,Carolina Panthers,21,27,Tampa Bay Buccaneers,TB,-1.5,47
11/18/2012,2012,11,Dallas Cowboys,23,20,Cleveland Browns,DAL,-7,43.5
11/18/2012,2012,11,Denver Broncos,30,23,San Diego Chargers,DEN,-7.5,48
11/18/2012,2012,11,Detroit Lions,20,24,Green Bay Packers,GB,-3,53.5
11/18/2012,2012,11,Houston Texans,43,37,Jacksonville Jaguars,HOU,-15.5,40.5
11/18/2012,2012,11,Kansas City Chiefs,6,28,Cincinnati Bengals,CIN,-3,42.5
11/18/2012,2012,11,New England Patriots,59,24,Indianapolis Colts,NE,-10,55
11/18/2012,2012,11,Oakland Raiders,17,38,New Orleans Saints,NO,-6.5,56
11/18/2012,2012,11,Pittsburgh Steelers,10,13,Baltimore Ravens,BAL,-3,40.5
11/18/2012,2012,11,St. Louis Rams,13,27,New York Jets,LAR,-3.5,38.5
11/18/2012,2012,11,Washington Redskins,31,6,Philadelphia Eagles,WAS,-3.5,46
11/19/2012,2012,11,San Francisco 49ers,32,7,Chicago Bears,SF,-5,35
11/22/2012,2012,12,Dallas Cowboys,31,38,Washington Redskins,DAL,-3.5,47.5
11/22/2012,2012,12,Detroit Lions,31,34,Houston Texans,HOU,-4,49
11/22/2012,2012,12,New York Jets,19,49,New England Patriots,NE,-7,48.5
11/25/2012,2012,12,Arizona Cardinals,17,31,St. Louis Rams,ARI,-1,36.5
11/25/2012,2012,12,Chicago Bears,28,10,Minnesota Vikings,CHI,-6.5,39
11/25/2012,2012,12,Cincinnati Bengals,34,10,Oakland Raiders,CIN,-8,51
11/25/2012,2012,12,Cleveland Browns,20,14,Pittsburgh Steelers,PIT,-2,33.5
11/25/2012,2012,12,Indianapolis Colts,20,13,Buffalo Bills,IND,-3,51.5
11/25/2012,2012,12,Jacksonville Jaguars,24,19,Tennessee Titans,TEN,-3.5,45
11/25/2012,2012,12,Kansas City Chiefs,9,17,Denver Broncos,DEN,-10.5,42.5
11/25/2012,2012,12,Miami Dolphins,24,21,Seattle Seahawks,SEA,-3,38
11/25/2012,2012,12,New Orleans Saints,21,31,San Francisco 49ers,SF,-1.5,50
11/25/2012,2012,12,New York Giants,38,10,Green Bay Packers,NYG,-2.5,51.5
11/25/2012,2012,12,San Diego Chargers,13,16,Baltimore Ravens,BAL,-1,47
11/25/2012,2012,12,Tampa Bay Buccaneers,23,24,Atlanta Falcons,ATL,-1.5,51.5
11/26/2012,2012,12,Philadelphia Eagles,22,30,Carolina Panthers,CAR,-3,42
11/29/2012,2012,13,Atlanta Falcons,23,13,New Orleans Saints,ATL,-3.5,55
12/2/2012,2012,13,Baltimore Ravens,20,23,Pittsburgh Steelers,BAL,-7.5,36.5
12/2/2012,2012,13,Buffalo Bills,34,18,Jacksonville Jaguars,BUF,-6,42
12/2/2012,2012,13,Chicago Bears,17,23,Seattle Seahawks,CHI,-3.5,37
12/2/2012,2012,13,Dallas Cowboys,38,33,Philadelphia Eagles,DAL,-10.5,44
12/2/2012,2012,13,Denver Broncos,31,23,Tampa Bay Buccaneers,DEN,-7.5,50
12/2/2012,2012,13,Detroit Lions,33,35,Indianapolis Colts,DET,-7,51
12/2/2012,2012,13,Green Bay Packers,23,14,Minnesota Vikings,GB,-7.5,47
12/2/2012,2012,13,Kansas City Chiefs,27,21,Carolina Panthers,CAR,-6,41
12/2/2012,2012,13,Miami Dolphins,16,23,New England Patriots,NE,-9,51.5
12/2/2012,2012,13,New York Jets,7,6,Arizona Cardinals,NYJ,-6,36.5
12/2/2012,2012,13,Oakland Raiders,17,20,Cleveland Browns,CLE,-2.5,39.5
12/2/2012,2012,13,San Diego Chargers,13,20,Cincinnati Bengals,CIN,-2.5,46
12/2/2012,2012,13,St. Louis Rams,16,13,San Francisco 49ers,SF,-8,41
12/2/2012,2012,13,Tennessee Titans,10,24,Houston Texans,HOU,-7,47
12/3/2012,2012,13,Washington Redskins,17,16,New York Giants,NYG,-3,50
12/6/2012,2012,14,Oakland Raiders,13,26,Denver Broncos,DEN,-10.5,47
12/9/2012,2012,14,Buffalo Bills,12,15,St. Louis Rams,BUF,-3,42.5
12/9/2012,2012,14,Carolina Panthers,30,20,Atlanta Falcons,ATL,-3.5,47
12/9/2012,2012,14,Cincinnati Bengals,19,20,Dallas Cowboys,CIN,-3.5,46
12/9/2012,2012,14,Cleveland Browns,30,7,Kansas City Chiefs,CLE,-7,38
12/9/2012,2012,14,Green Bay Packers,27,20,Detroit Lions,GB,-6.5,49
12/9/2012,2012,14,Indianapolis Colts,27,23,Tennessee Titans,IND,-4,47
12/9/2012,2012,14,Jacksonville Jaguars,10,17,New York Jets,NYJ,-3,39
12/9/2012,2012,14,Minnesota Vikings,21,14,Chicago Bears,CHI,-1.5,40.5
12/9/2012,2012,14,New York Giants,52,27,New Orleans Saints,NYG,-4.5,51.5
12/9/2012,2012,14,Pittsburgh Steelers,24,34,San Diego Chargers,PIT,-7.5,38
12/9/2012,2012,14,San Francisco 49ers,27,13,Miami Dolphins,SF,-10.5,38.5
12/9/2012,2012,14,Seattle Seahawks,58,0,Arizona Cardinals,SEA,-10,36
12/9/2012,2012,14,Tampa Bay Buccaneers,21,23,Philadelphia Eagles,TB,-7,48
12/9/2012,2012,14,Washington Redskins,31,28,Baltimore Ravens,WAS,-1.5,48
12/10/2012,2012,14,New England Patriots,42,14,Houston Texans,NE,-5.5,51
12/13/2012,2012,15,Philadelphia Eagles,13,34,Cincinnati Bengals,CIN,-5,45
12/16/2012,2012,15,Arizona Cardinals,38,10,Detroit Lions,DET,-6.5,43.5
12/16/2012,2012,15,Atlanta Falcons,34,0,New York Giants,PICK,0,50
12/16/2012,2012,15,Baltimore Ravens,17,34,Denver Broncos,DEN,-3,48
12/16/2012,2012,15,Buffalo Bills,17,50,Seattle Seahawks,SEA,-5,44
12/16/2012,2012,15,Chicago Bears,13,21,Green Bay Packers,GB,-3,43.5
12/16/2012,2012,15,Cleveland Browns,21,38,Washington Redskins,CLE,-4,40.5
12/16/2012,2012,15,Dallas Cowboys,27,24,Pittsburgh Steelers,PIT,-2.5,46
12/16/2012,2012,15,Houston Texans,29,17,Indianapolis Colts,HOU,-10.5,48
12/16/2012,2012,15,Miami Dolphins,24,3,Jacksonville Jaguars,MIA,-7.5,38
12/16/2012,2012,15,New England Patriots,34,41,San Francisco 49ers,NE,-5,47.5
12/16/2012,2012,15,New Orleans Saints,41,0,Tampa Bay Buccaneers,NO,-3.5,55
12/16/2012,2012,15,Oakland Raiders,15,0,Kansas City Chiefs,LVR,-4.5,44
12/16/2012,2012,15,San Diego Chargers,7,31,Carolina Panthers,LAC,-3,45.5
12/16/2012,2012,15,St. Louis Rams,22,36,Minnesota Vikings,LAR,-2.5,39.5
12/17/2012,2012,15,Tennessee Titans,14,10,New York Jets,TEN,-1,42
12/22/2012,2012,16,Detroit Lions,18,31,Atlanta Falcons,ATL,-4,50.5
12/23/2012,2012,16,Arizona Cardinals,13,28,Chicago Bears,CHI,-7,36.5
12/23/2012,2012,16,Baltimore Ravens,33,14,New York Giants,NYG,-2.5,47
12/23/2012,2012,16,Carolina Panthers,17,6,Oakland Raiders,CAR,-9.5,47
12/23/2012,2012,16,Dallas Cowboys,31,34,New Orleans Saints,DAL,-3,54.5
12/23/2012,2012,16,Denver Broncos,34,12,Cleveland Browns,DEN,-11,44
12/23/2012,2012,16,Green Bay Packers,55,7,Tennessee Titans,GB,-11,44.5
12/23/2012,2012,16,Houston Texans,6,23,Minnesota Vikings,HOU,-7.5,43.5
12/23/2012,2012,16,Jacksonville Jaguars,16,23,New England Patriots,NE,-14.5,51
12/23/2012,2012,16,Kansas City Chiefs,13,20,Indianapolis Colts,IND,-6,41.5
12/23/2012,2012,16,Miami Dolphins,24,10,Buffalo Bills,MIA,-5,43
12/23/2012,2012,16,New York Jets,17,27,San Diego Chargers,NYJ,-3,38
12/23/2012,2012,16,Philadelphia Eagles,20,27,Washington Redskins,WAS,-6,46
12/23/2012,2012,16,Pittsburgh Steelers,10,13,Cincinnati Bengals,PIT,-3.5,40
12/23/2012,2012,16,Seattle Seahawks,42,13,San Francisco 49ers,SEA,-2,40.5
12/23/2012,2012,16,Tampa Bay Buccaneers,13,28,St. Louis Rams,TB,-3,44
12/30/2012,2012,17,Atlanta Falcons,17,22,Tampa Bay Buccaneers,ATL,-3,46
12/30/2012,2012,17,Buffalo Bills,28,9,New York Jets,BUF,-3.5,41
12/30/2012,2012,17,Cincinnati Bengals,23,17,Baltimore Ravens,CIN,-3,42.5
12/30/2012,2012,17,Denver Broncos,38,3,Kansas City Chiefs,DEN,-17,41.5
12/30/2012,2012,17,Detroit Lions,24,26,Chicago Bears,CHI,-3,46
12/30/2012,2012,17,Indianapolis Colts,28,16,Houston Texans,HOU,-6,47
12/30/2012,2012,17,Minnesota Vikings,37,34,Green Bay Packers,GB,-3,46
12/30/2012,2012,17,New England Patriots,28,0,Miami Dolphins,NE,-10,46.5
12/30/2012,2012,17,New Orleans Saints,38,44,Carolina Panthers,NO,-4,54
12/30/2012,2012,17,New York Giants,42,7,Philadelphia Eagles,NYG,-6.5,44.5
12/30/2012,2012,17,Pittsburgh Steelers,24,10,Cleveland Browns,PIT,-9.5,36
12/30/2012,2012,17,San Diego Chargers,24,21,Oakland Raiders,LAC,-8,41.5
12/30/2012,2012,17,San Francisco 49ers,27,13,Arizona Cardinals,SF,-16.5,39.5
12/30/2012,2012,17,Seattle Seahawks,20,13,St. Louis Rams,SEA,-12,42.5
12/30/2012,2012,17,Tennessee Titans,38,20,Jacksonville Jaguars,TEN,-5.5,42
12/30/2012,2012,17,Washington Redskins,28,18,Dallas Cowboys,WAS,-3,49
1/5/2013,2012,Wildcard,Green Bay Packers,24,10,Minnesota Vikings,GB,-11,44.5
1/5/2013,2012,Wildcard,Houston Texans,19,13,Cincinnati Bengals,HOU,-4,42.5
1/6/2013,2012,Wildcard,Baltimore Ravens,24,9,Indianapolis Colts,BAL,-7,47
1/6/2013,2012,Wildcard,Washington Redskins,14,24,Seattle Seahawks,SEA,-3,45
1/12/2013,2012,Division,Denver Broncos,35,38,Baltimore Ravens,DEN,-9,44.5
1/12/2013,2012,Division,San Francisco 49ers,45,31,Green Bay Packers,SF,-3,45.5
1/13/2013,2012,Division,Atlanta Falcons,30,28,Seattle Seahawks,ATL,-3,47
1/13/2013,2012,Division,New England Patriots,41,28,Houston Texans,NE,-9.5,51
1/20/2013,2012,Conference,Atlanta Falcons,24,28,San Francisco 49ers,SF,-4.5,49
1/20/2013,2012,Conference,New England Patriots,13,28,Baltimore Ravens,NE,-7.5,51.5
2/3/2013,2012,Superbowl,San Francisco 49ers,31,34,Baltimore Ravens,SF,-4.5,48
9/5/2013,2013,1,Denver Broncos,49,27,Baltimore Ravens,DEN,-7.5,49.5
9/8/2013,2013,1,Buffalo Bills,21,23,New England Patriots,NE,-10.5,51.5
9/8/2013,2013,1,Carolina Panthers,7,12,Seattle Seahawks,SEA,-3.5,45
9/8/2013,2013,1,Chicago Bears,24,21,Cincinnati Bengals,CHI,-3,42
9/8/2013,2013,1,Cleveland Browns,10,23,Miami Dolphins,CLE,-2.5,40.5
9/8/2013,2013,1,Dallas Cowboys,36,31,New York Giants,DAL,-3.5,50
9/8/2013,2013,1,Detroit Lions,34,24,Minnesota Vikings,DET,-4.5,47.5
9/8/2013,2013,1,Indianapolis Colts,21,17,Oakland Raiders,IND,-11.5,45.5
9/8/2013,2013,1,Jacksonville Jaguars,2,28,Kansas City Chiefs,KC,-4.5,43
9/8/2013,2013,1,New Orleans Saints,23,17,Atlanta Falcons,NO,-3.5,56
9/8/2013,2013,1,New York Jets,18,17,Tampa Bay Buccaneers,TB,-6,39
9/8/2013,2013,1,Pittsburgh Steelers,9,16,Tennessee Titans,PIT,-6,42
9/8/2013,2013,1,San Francisco 49ers,34,28,Green Bay Packers,SF,-5,48.5
9/8/2013,2013,1,St. Louis Rams,27,24,Arizona Cardinals,LAR,-3.5,41.5
9/9/2013,2013,1,San Diego Chargers,28,31,Houston Texans,HOU,-6.5,45.5
9/9/2013,2013,1,Washington Redskins,27,33,Philadelphia Eagles,WAS,-4.5,53.5
9/12/2013,2013,2,New England Patriots,13,10,New York Jets,NE,-11.5,43.5
9/15/2013,2013,2,Arizona Cardinals,25,21,Detroit Lions,DET,-2,48.5
9/15/2013,2013,2,Atlanta Falcons,31,24,St. Louis Rams,ATL,-5.5,47.5
9/15/2013,2013,2,Baltimore Ravens,14,6,Cleveland Browns,BAL,-7,44
9/15/2013,2013,2,Buffalo Bills,24,23,Carolina Panthers,CAR,-3.5,43.5
9/15/2013,2013,2,Chicago Bears,31,30,Minnesota Vikings,CHI,-6.5,42
9/15/2013,2013,2,Green Bay Packers,38,20,Washington Redskins,GB,-8,50
9/15/2013,2013,2,Houston Texans,30,24,Tennessee Titans,HOU,-9,43
9/15/2013,2013,2,Indianapolis Colts,20,24,Miami Dolphins,IND,-3,44
9/15/2013,2013,2,Kansas City Chiefs,17,16,Dallas Cowboys,KC,-3,46
9/15/2013,2013,2,New York Giants,23,41,Denver Broncos,DEN,-4,55.5
9/15/2013,2013,2,Oakland Raiders,19,9,Jacksonville Jaguars,LVR,-5,40
9/15/2013,2013,2,Philadelphia Eagles,30,33,San Diego Chargers,PHI,-7.5,54
9/15/2013,2013,2,Seattle Seahawks,29,3,San Francisco 49ers,SEA,-2.5,44.5
9/15/2013,2013,2,Tampa Bay Buccaneers,14,16,New Orleans Saints,NO,-4,48.5
9/16/2013,2013,2,Cincinnati Bengals,20,10,Pittsburgh Steelers,CIN,-6.5,41
9/19/2013,2013,3,Philadelphia Eagles,16,26,Kansas City Chiefs,PHI,-3.5,51
9/22/2013,2013,3,Baltimore Ravens,30,9,Houston Texans,HOU,-1,44.5
9/22/2013,2013,3,Carolina Panthers,38,0,New York Giants,NYG,-3,47
9/22/2013,2013,3,Cincinnati Bengals,34,30,Green Bay Packers,GB,-3,50.5
9/22/2013,2013,3,Dallas Cowboys,31,7,St. Louis Rams,DAL,-3.5,47
9/22/2013,2013,3,Miami Dolphins,27,23,Atlanta Falcons,MIA,-2.5,46
9/22/2013,2013,3,Minnesota Vikings,27,31,Cleveland Browns,MIN,-7,40.5
9/22/2013,2013,3,New England Patriots,23,3,Tampa Bay Buccaneers,NE,-7.5,45
9/22/2013,2013,3,New Orleans Saints,31,7,Arizona Cardinals,NO,-7.5,49.5
9/22/2013,2013,3,New York Jets,27,20,Buffalo Bills,NYJ,-2.5,41
9/22/2013,2013,3,Pittsburgh Steelers,23,40,Chicago Bears,CHI,-2.5,41
9/22/2013,2013,3,San Francisco 49ers,7,27,Indianapolis Colts,SF,-10,47
9/22/2013,2013,3,Seattle Seahawks,45,17,Jacksonville Jaguars,SEA,-20,39.5
9/22/2013,2013,3,Tennessee Titans,20,17,San Diego Chargers,TEN,-3,43.5
9/22/2013,2013,3,Washington Redskins,20,27,Detroit Lions,DET,-1,49.5
9/23/2013,2013,3,Denver Broncos,37,21,Oakland Raiders,DEN,-16.5,50
9/26/2013,2013,4,St. Louis Rams,11,35,San Francisco 49ers,SF,-4,43.5
9/29/2013,2013,4,Atlanta Falcons,23,30,New England Patriots,ATL,-3,50
9/29/2013,2013,4,Buffalo Bills,23,20,Baltimore Ravens,BAL,-4,45
9/29/2013,2013,4,Cleveland Browns,17,6,Cincinnati Bengals,CIN,-4.5,42.5
9/29/2013,2013,4,Denver Broncos,52,20,Philadelphia Eagles,DEN,-11.5,59
9/29/2013,2013,4,Detroit Lions,40,32,Chicago Bears,DET,-2.5,49.5
9/29/2013,2013,4,Houston Texans,20,23,Seattle Seahawks,SEA,-2,41
9/29/2013,2013,4,Jacksonville Jaguars,3,37,Indianapolis Colts,IND,-9.5,42.5
9/29/2013,2013,4,Kansas City Chiefs,31,7,New York Giants,KC,-4.5,44
9/29/2013,2013,4,Minnesota Vikings,34,27,Pittsburgh Steelers,PIT,-3,41.5
9/29/2013,2013,4,Oakland Raiders,14,24,Washington Redskins,WAS,-4,46
9/29/2013,2013,4,San Diego Chargers,30,21,Dallas Cowboys,DAL,-1.5,48
9/29/2013,2013,4,Tampa Bay Buccaneers,10,13,Arizona Cardinals,TB,-2.5,40
9/29/2013,2013,4,Tennessee Titans,38,13,New York Jets,TEN,-3.5,40.5
9/30/2013,2013,4,New Orleans Saints,38,17,Miami Dolphins,NO,-7.5,49
10/3/2013,2013,5,Cleveland Browns,37,24,Buffalo Bills,CLE,-4,41
10/6/2013,2013,5,Arizona Cardinals,22,6,Carolina Panthers,CAR,-3,42.5
10/6/2013,2013,5,Chicago Bears,18,26,New Orleans Saints,NO,-1.5,51.5
10/6/2013,2013,5,Cincinnati Bengals,13,6,New England Patriots,NE,-1,45.5
10/6/2013,2013,5,Dallas Cowboys,48,51,Denver Broncos,DEN,-9,57.5
10/6/2013,2013,5,Green Bay Packers,22,9,Detroit Lions,GB,-9.5,55
10/6/2013,2013,5,Indianapolis Colts,34,28,Seattle Seahawks,SEA,-3,44
10/6/2013,2013,5,Miami Dolphins,23,26,Baltimore Ravens,MIA,-2.5,43
10/6/2013,2013,5,New York Giants,21,36,Philadelphia Eagles,NYG,-1.5,54
10/6/2013,2013,5,Oakland Raiders,27,17,San Diego Chargers,LAC,-5,47
10/6/2013,2013,5,San Francisco 49ers,34,3,Houston Texans,SF,-4.5,44
10/6/2013,2013,5,St. Louis Rams,34,20,Jacksonville Jaguars,LAR,-11,41
10/6/2013,2013,5,Tennessee Titans,17,26,Kansas City Chiefs,KC,-3,38.5
10/7/2013,2013,5,Atlanta Falcons,28,30,New York Jets,ATL,-10.5,45
10/10/2013,2013,6,Chicago Bears,27,21,New York Giants,CHI,-8.5,48
10/13/2013,2013,6,Baltimore Ravens,17,19,Green Bay Packers,GB,-2,48
10/13/2013,2013,6,Buffalo Bills,24,27,Cincinnati Bengals,CIN,-6,41
10/13/2013,2013,6,Cleveland Browns,17,31,Detroit Lions,DET,-2.5,43.5
10/13/2013,2013,6,Dallas Cowboys,31,16,Washington Redskins,DAL,-5.5,51.5
10/13/2013,2013,6,Denver Broncos,35,19,Jacksonville Jaguars,DEN,-26.5,52
10/13/2013,2013,6,Houston Texans,13,38,St. Louis Rams,HOU,-9,42.5
10/13/2013,2013,6,Kansas City Chiefs,24,7,Oakland Raiders,KC,-7.5,41.5
10/13/2013,2013,6,Minnesota Vikings,10,35,Carolina Panthers,MIN,-2.5,44.5
10/13/2013,2013,6,New England Patriots,30,27,New Orleans Saints,NE,-2.5,50
10/13/2013,2013,6,New York Jets,6,19,Pittsburgh Steelers,PIT,-1.5,41
10/13/2013,2013,6,San Francisco 49ers,32,20,Arizona Cardinals,SF,-10.5,41
10/13/2013,2013,6,Seattle Seahawks,20,13,Tennessee Titans,SEA,-11.5,41.5
10/13/2013,2013,6,Tampa Bay Buccaneers,20,31,Philadelphia Eagles,PHI,-3,44
10/14/2013,2013,6,San Diego Chargers,19,9,Indianapolis Colts,PICK,0,50.5
10/17/2013,2013,7,Arizona Cardinals,22,34,Seattle Seahawks,SEA,-4.5,41.5
10/20/2013,2013,7,Atlanta Falcons,31,23,Tampa Bay Buccaneers,ATL,-6.5,43
10/20/2013,2013,7,Carolina Panthers,30,15,St. Louis Rams,CAR,-7,42
10/20/2013,2013,7,Detroit Lions,24,27,Cincinnati Bengals,DET,-1.5,46
10/20/2013,2013,7,Green Bay Packers,31,13,Cleveland Browns,GB,-9.5,45
10/20/2013,2013,7,Indianapolis Colts,39,33,Denver Broncos,DEN,-6,55.5
10/20/2013,2013,7,Jacksonville Jaguars,6,24,San Diego Chargers,LAC,-7,44.5
10/20/2013,2013,7,Kansas City Chiefs,17,16,Houston Texans,KC,-6,39
10/20/2013,2013,7,Miami Dolphins,21,23,Buffalo Bills,MIA,-6.5,44.5
10/20/2013,2013,7,New York Jets,30,27,New England Patriots,NE,-3,43
10/20/2013,2013,7,Philadelphia Eagles,3,17,Dallas Cowboys,PHI,-2.5,55
10/20/2013,2013,7,Pittsburgh Steelers,19,16,Baltimore Ravens,PIT,-2.5,41
10/20/2013,2013,7,Tennessee Titans,17,31,San Francisco 49ers,SF,-3,40.5
10/20/2013,2013,7,Washington Redskins,45,41,Chicago Bears,CHI,-1,48
10/21/2013,2013,7,New York Giants,23,7,Minnesota Vikings,NYG,-3.5,47
10/24/2013,2013,8,Tampa Bay Buccaneers,13,31,Carolina Panthers,CAR,-6.5,38.5
10/27/2013,2013,8,Arizona Cardinals,27,13,Atlanta Falcons,ARI,-3,46.5
10/27/2013,2013,8,Cincinnati Bengals,49,9,New York Jets,CIN,-4.5,41.5
10/27/2013,2013,8,Denver Broncos,45,21,Washington Redskins,DEN,-11,58
10/27/2013,2013,8,Detroit Lions,31,30,Dallas Cowboys,DET,-3,50.5
10/27/2013,2013,8,Jacksonville Jaguars,10,42,San Francisco 49ers,SF,-14.5,40
10/27/2013,2013,8,Kansas City Chiefs,23,17,Cleveland Browns,KC,-7,39
10/27/2013,2013,8,Minnesota Vikings,31,44,Green Bay Packers,GB,-7.5,47
10/27/2013,2013,8,New England Patriots,27,17,Miami Dolphins,NE,-5.5,45
10/27/2013,2013,8,New Orleans Saints,35,17,Buffalo Bills,NO,-10.5,48
10/27/2013,2013,8,Oakland Raiders,21,18,Pittsburgh Steelers,PIT,-2.5,40.5
10/27/2013,2013,8,Philadelphia Eagles,7,15,New York Giants,PHI,-5.5,49.5
10/28/2013,2013,8,St. Louis Rams,9,14,Seattle Seahawks,SEA,-13,43.5
10/31/2013,2013,9,Miami Dolphins,22,20,Cincinnati Bengals,CIN,-3,42
11/3/2013,2013,9,Buffalo Bills,13,23,Kansas City Chiefs,KC,-4.5,41
11/3/2013,2013,9,Carolina Panthers,34,10,Atlanta Falcons,CAR,-8,47
11/3/2013,2013,9,Cleveland Browns,24,18,Baltimore Ravens,BAL,-1,42
11/3/2013,2013,9,Dallas Cowboys,27,23,Minnesota Vikings,DAL,-8.5,50.5
11/3/2013,2013,9,Houston Texans,24,27,Indianapolis Colts,IND,-1,44
11/3/2013,2013,9,New England Patriots,55,31,Pittsburgh Steelers,NE,-5.5,43
11/3/2013,2013,9,New York Jets,26,20,New Orleans Saints,NO,-5.5,46
11/3/2013,2013,9,Oakland Raiders,20,49,Philadelphia Eagles,LVR,-1,45.5
11/3/2013,2013,9,Seattle Seahawks,27,24,Tampa Bay Buccaneers,SEA,-14.5,40.5
11/3/2013,2013,9,St. Louis Rams,21,28,Tennessee Titans,TEN,-3,40.5
11/3/2013,2013,9,Washington Redskins,30,24,San Diego Chargers,PICK,0,48.5
11/4/2013,2013,9,Green Bay Packers,20,27,Chicago Bears,GB,-9.5,50.5
11/7/2013,2013,10,Minnesota Vikings,34,27,Washington Redskins,WAS,-1,48
11/10/2013,2013,10,Arizona Cardinals,27,24,Houston Texans,ARI,-3.5,42
11/10/2013,2013,10,Atlanta Falcons,10,33,Seattle Seahawks,SEA,-3,47
11/10/2013,2013,10,Baltimore Ravens,20,17,Cincinnati Bengals,BAL,-2,43.5
11/10/2013,2013,10,Chicago Bears,19,21,Detroit Lions,DET,-1.5,52
11/10/2013,2013,10,Green Bay Packers,13,27,Philadelphia Eagles,PHI,-1,47
11/10/2013,2013,10,Indianapolis Colts,8,38,St. Louis Rams,IND,-7,43
11/10/2013,2013,10,New Orleans Saints,49,17,Dallas Cowboys,NO,-5.5,53.5
11/10/2013,2013,10,New York Giants,24,20,Oakland Raiders,NYG,-7,41
11/10/2013,2013,10,Pittsburgh Steelers,23,10,Buffalo Bills,PIT,-2.5,43
11/10/2013,2013,10,San Diego Chargers,20,28,Denver Broncos,DEN,-7,57
11/10/2013,2013,10,San Francisco 49ers,9,10,Carolina Panthers,SF,-5.5,42.5
11/10/2013,2013,10,Tennessee Titans,27,29,Jacksonville Jaguars,TEN,-11.5,42
11/11/2013,2013,10,Tampa Bay Buccaneers,22,19,Miami Dolphins,MIA,-2.5,39.5
11/14/2013,2013,11,Tennessee Titans,27,30,Indianapolis Colts,IND,-3,42
11/17/2013,2013,11,Buffalo Bills,37,14,New York Jets,NYJ,-2,39.5
11/17/2013,2013,11,Chicago Bears,23,20,Baltimore Ravens,CHI,-3.5,41
11/17/2013,2013,11,Cincinnati Bengals,41,20,Cleveland Browns,CIN,-4.5,40
11/17/2013,2013,11,Denver Broncos,27,17,Kansas City Chiefs,DEN,-7.5,49
11/17/2013,2013,11,Houston Texans,23,28,Oakland Raiders,HOU,-10.5,40.5
11/17/2013,2013,11,Jacksonville Jaguars,14,27,Arizona Cardinals,ARI,-9,40.5
11/17/2013,2013,11,Miami Dolphins,20,16,San Diego Chargers,LAC,-3,44.5
11/17/2013,2013,11,New Orleans Saints,23,20,San Francisco 49ers,NO,-3.5,49.5
11/17/2013,2013,11,New York Giants,27,13,Green Bay Packers,NYG,-3,40.5
11/17/2013,2013,11,Philadelphia Eagles,24,16,Washington Redskins,PHI,-4,54
11/17/2013,2013,11,Pittsburgh Steelers,37,27,Detroit Lions,DET,-3,45
11/17/2013,2013,11,Seattle Seahawks,41,20,Minnesota Vikings,SEA,-13,45
11/17/2013,2013,11,Tampa Bay Buccaneers,41,28,Atlanta Falcons,TB,-2,43.5
11/18/2013,2013,11,Carolina Panthers,24,20,New England Patriots,CAR,-3,45.5
11/21/2013,2013,12,Atlanta Falcons,13,17,New Orleans Saints,NO,-7,52.5
11/24/2013,2013,12,Arizona Cardinals,40,11,Indianapolis Colts,ARI,-3,44.5
11/24/2013,2013,12,Baltimore Ravens,19,3,New York Jets,BAL,-3.5,38.5
11/24/2013,2013,12,Cleveland Browns,11,27,Pittsburgh Steelers,CLE,-2,39
11/24/2013,2013,12,Detroit Lions,21,24,Tampa Bay Buccaneers,DET,-7,48
11/24/2013,2013,12,Green Bay Packers,26,26,Minnesota Vikings,GB,-5.5,44.5
11/24/2013,2013,12,Houston Texans,6,13,Jacksonville Jaguars,HOU,-10,43.5
11/24/2013,2013,12,Kansas City Chiefs,38,41,San Diego Chargers,KC,-3,42.5
11/24/2013,2013,12,Miami Dolphins,16,20,Carolina Panthers,CAR,-4,40.5
11/24/2013,2013,12,New England Patriots,34,31,Denver Broncos,DEN,-2.5,53
11/24/2013,2013,12,New York Giants,21,24,Dallas Cowboys,NYG,-2.5,44
11/24/2013,2013,12,Oakland Raiders,19,23,Tennessee Titans,TEN,-2,42
11/24/2013,2013,12,St. Louis Rams,42,21,Chicago Bears,LAR,-1.5,45
11/25/2013,2013,12,Washington Redskins,6,27,San Francisco 49ers,SF,-5,47
11/28/2013,2013,13,Baltimore Ravens,22,20,Pittsburgh Steelers,BAL,-3,40.5
11/28/2013,2013,13,Dallas Cowboys,31,24,Oakland Raiders,DAL,-8,48
11/28/2013,2013,13,Detroit Lions,40,10,Green Bay Packers,DET,-6,48.5
12/1/2013,2013,13,Buffalo Bills,31,34,Atlanta Falcons,BUF,-4.5,48.5
12/1/2013,2013,13,Carolina Panthers,27,6,Tampa Bay Buccaneers,CAR,-6.5,40.5
12/1/2013,2013,13,Cleveland Browns,28,32,Jacksonville Jaguars,CLE,-7.5,39
12/1/2013,2013,13,Houston Texans,31,34,New England Patriots,NE,-6.5,47.5
12/1/2013,2013,13,Indianapolis Colts,22,14,Tennessee Titans,IND,-3.5,46
12/1/2013,2013,13,Kansas City Chiefs,28,35,Denver Broncos,DEN,-6,50
12/1/2013,2013,13,Minnesota Vikings,23,20,Chicago Bears,MIN,-1,50.5
12/1/2013,2013,13,New York Jets,3,23,Miami Dolphins,NYJ,-2,40.5
12/1/2013,2013,13,Philadelphia Eagles,24,21,Arizona Cardinals,PHI,-3.5,48.5
12/1/2013,2013,13,San Diego Chargers,10,17,Cincinnati Bengals,CIN,-1.5,48.5
12/1/2013,2013,13,San Francisco 49ers,23,13,St. Louis Rams,SF,-7.5,40
12/1/2013,2013,13,Washington Redskins,17,24,New York Giants,WAS,-1,44.5
12/2/2013,2013,13,Seattle Seahawks,34,7,New Orleans Saints,SEA,-5,47.5
12/5/2013,2013,14,Jacksonville Jaguars,27,20,Houston Texans,HOU,-3.5,43
12/8/2013,2013,14,Arizona Cardinals,30,10,St. Louis Rams,ARI,-4.5,41
12/8/2013,2013,14,Baltimore Ravens,29,26,Minnesota Vikings,BAL,-6,41.5
12/8/2013,2013,14,Cincinnati Bengals,42,28,Indianapolis Colts,CIN,-7,43.5
12/8/2013,2013,14,Denver Broncos,51,28,Tennessee Titans,DEN,-13.5,49.5
12/8/2013,2013,14,Green Bay Packers,22,21,Atlanta Falcons,GB,-3.5,45
12/8/2013,2013,14,New England Patriots,27,26,Cleveland Browns,NE,-9.5,47.5
12/8/2013,2013,14,New Orleans Saints,31,13,Carolina Panthers,NO,-3,46.5
12/8/2013,2013,14,New York Jets,37,27,Oakland Raiders,NYJ,-3,39.5
12/8/2013,2013,14,Philadelphia Eagles,34,20,Detroit Lions,PHI,-2,53.5
12/8/2013,2013,14,Pittsburgh Steelers,28,34,Miami Dolphins,PIT,-3,41
12/8/2013,2013,14,San Diego Chargers,37,14,New York Giants,LAC,-4,46.5
12/8/2013,2013,14,San Francisco 49ers,19,17,Seattle Seahawks,SF,-2,41
12/8/2013,2013,14,Tampa Bay Buccaneers,27,6,Buffalo Bills,TB,-2.5,42.5
12/8/2013,2013,14,Washington Redskins,10,45,Kansas City Chiefs,KC,-3,44.5
12/9/2013,2013,14,Chicago Bears,45,28,Dallas Cowboys,CHI,-1.5,49.5
12/12/2013,2013,15,Denver Broncos,20,27,San Diego Chargers,DEN,-9.5,57
12/15/2013,2013,15,Atlanta Falcons,27,26,Washington Redskins,ATL,-5.5,49
12/15/2013,2013,15,Carolina Panthers,30,20,New York Jets,CAR,-10,40.5
12/15/2013,2013,15,Cleveland Browns,31,38,Chicago Bears,CLE,-1,44
12/15/2013,2013,15,Dallas Cowboys,36,37,Green Bay Packers,DAL,-4,49.5
12/15/2013,2013,15,Indianapolis Colts,25,3,Houston Texans,IND,-6,47
12/15/2013,2013,15,Jacksonville Jaguars,20,27,Buffalo Bills,BUF,-4,43.5
12/15/2013,2013,15,Miami Dolphins,24,20,New England Patriots,MIA,-2.5,46.5
12/15/2013,2013,15,Minnesota Vikings,48,30,Philadelphia Eagles,PHI,-7,53
12/15/2013,2013,15,New York Giants,0,23,Seattle Seahawks,SEA,-9.5,43
12/15/2013,2013,15,Oakland Raiders,31,56,Kansas City Chiefs,KC,-6,44.5
12/15/2013,2013,15,Pittsburgh Steelers,30,20,Cincinnati Bengals,CIN,-1.5,43
12/15/2013,2013,15,St. Louis Rams,27,16,New Orleans Saints,NO,-7,48
12/15/2013,2013,15,Tampa Bay Buccaneers,14,33,San Francisco 49ers,SF,-4.5,41
12/15/2013,2013,15,Tennessee Titans,34,37,Arizona Cardinals,ARI,-3,42.5
12/16/2013,2013,15,Detroit Lions,16,18,Baltimore Ravens,DET,-5.5,49
12/22/2013,2013,16,Baltimore Ravens,7,41,New England Patriots,BAL,-1.5,44.5
12/22/2013,2013,16,Buffalo Bills,19,0,Miami Dolphins,MIA,-1.5,42.5
12/22/2013,2013,16,Carolina Panthers,17,13,New Orleans Saints,CAR,-3,44.5
12/22/2013,2013,16,Cincinnati Bengals,42,14,Minnesota Vikings,CIN,-7.5,47.5
12/22/2013,2013,16,Detroit Lions,20,23,New York Giants,DET,-9,48.5
12/22/2013,2013,16,Green Bay Packers,31,38,Pittsburgh Steelers,GB,-2,44.5
12/22/2013,2013,16,Houston Texans,13,37,Denver Broncos,DEN,-9.5,53.5
12/22/2013,2013,16,Jacksonville Jaguars,16,20,Tennessee Titans,TEN,-4,44
12/22/2013,2013,16,Kansas City Chiefs,7,23,Indianapolis Colts,KC,-7,46.5
12/22/2013,2013,16,New York Jets,24,13,Cleveland Browns,NYJ,-1.5,42
12/22/2013,2013,16,Philadelphia Eagles,54,11,Chicago Bears,PHI,-3,55
12/22/2013,2013,16,San Diego Chargers,26,13,Oakland Raiders,LAC,-9,51
12/22/2013,2013,16,Seattle Seahawks,10,17,Arizona Cardinals,SEA,-9,43
12/22/2013,2013,16,St. Louis Rams,23,13,Tampa Bay Buccaneers,LAR,-3.5,43
12/22/2013,2013,16,Washington Redskins,23,24,Dallas Cowboys,DAL,-2.5,52
12/23/2013,2013,16,San Francisco 49ers,34,24,Atlanta Falcons,SF,-14.5,46
12/29/2013,2013,17,Arizona Cardinals,20,23,San Francisco 49ers,ARI,-3,41
12/29/2013,2013,17,Atlanta Falcons,20,21,Carolina Panthers,CAR,-5.5,46.5
12/29/2013,2013,17,Chicago Bears,28,33,Green Bay Packers,GB,-3,51.5
12/29/2013,2013,17,Cincinnati Bengals,34,17,Baltimore Ravens,CIN,-7,42.5
12/29/2013,2013,17,Dallas Cowboys,22,24,Philadelphia Eagles,PHI,-7,52.5
12/29/2013,2013,17,Indianapolis Colts,30,10,Jacksonville Jaguars,IND,-11.5,45
12/29/2013,2013,17,Miami Dolphins,7,20,New York Jets,MIA,-7,41
12/29/2013,2013,17,Minnesota Vikings,14,13,Detroit Lions,DET,-2.5,49.5
12/29/2013,2013,17,New England Patriots,34,20,Buffalo Bills,NE,-7,46
12/29/2013,2013,17,New Orleans Saints,42,17,Tampa Bay Buccaneers,NO,-10.5,46.5
12/29/2013,2013,17,New York Giants,20,6,Washington Redskins,NYG,-3.5,44.5
12/29/2013,2013,17,Oakland Raiders,14,34,Denver Broncos,DEN,-10,53.5
12/29/2013,2013,17,Pittsburgh Steelers,20,7,Cleveland Browns,PIT,-9.5,44.5
12/29/2013,2013,17,San Diego Chargers,27,24,Kansas City Chiefs,LAC,-14.5,45
12/29/2013,2013,17,Seattle Seahawks,27,9,St. Louis Rams,SEA,-12.5,41
12/29/2013,2013,17,Tennessee Titans,16,10,Houston Texans,TEN,-6.5,44.5
1/4/2014,2013,Wildcard,Indianapolis Colts,45,44,Kansas City Chiefs,KC,-2.5,46.5
1/4/2014,2013,Wildcard,Philadelphia Eagles,24,26,New Orleans Saints,PHI,-3,53
1/5/2014,2013,Wildcard,Cincinnati Bengals,10,27,San Diego Chargers,CIN,-6,48
1/5/2014,2013,Wildcard,Green Bay Packers,20,23,San Francisco 49ers,SF,-3,46
1/11/2014,2013,Division,New England Patriots,43,22,Indianapolis Colts,NE,-7,51
1/11/2014,2013,Division,Seattle Seahawks,23,15,New Orleans Saints,SEA,-9,44.5
1/12/2014,2013,Division,Carolina Panthers,10,23,San Francisco 49ers,SF,-1,41.5
1/12/2014,2013,Division,Denver Broncos,24,17,San Diego Chargers,DEN,-7.5,54.5
1/19/2014,2013,Conference,Denver Broncos,26,16,New England Patriots,DEN,-5,57
1/19/2014,2013,Conference,Seattle Seahawks,23,17,San Francisco 49ers,SEA,-4,40.5
2/2/2014,2013,Superbowl,Denver Broncos,8,43,Seattle Seahawks,DEN,-2,47.5
9/4/2014,2014,1,Seattle Seahawks,36,16,Green Bay Packers,SEA,-4.5,46.5
9/7/2014,2014,1,Atlanta Falcons,37,34,New Orleans Saints,NO,-3,52
9/7/2014,2014,1,Baltimore Ravens,16,23,Cincinnati Bengals,BAL,-1,42.5
9/7/2014,2014,1,Chicago Bears,20,23,Buffalo Bills,CHI,-7,47
9/7/2014,2014,1,Dallas Cowboys,17,28,San Francisco 49ers,SF,-3.5,51
9/7/2014,2014,1,Denver Broncos,31,24,Indianapolis Colts,DEN,-8,55
9/7/2014,2014,1,Houston Texans,17,6,Washington Redskins,HOU,-3,44.5
9/7/2014,2014,1,Kansas City Chiefs,10,26,Tennessee Titans,KC,-3,44
9/7/2014,2014,1,Miami Dolphins,33,20,New England Patriots,NE,-3.5,46.5
9/7/2014,2014,1,New York Jets,19,14,Oakland Raiders,NYJ,-6.5,40.5
9/7/2014,2014,1,Philadelphia Eagles,34,17,Jacksonville Jaguars,PHI,-10,51.5
9/7/2014,2014,1,Pittsburgh Steelers,30,27,Cleveland Browns,PIT,-5.5,41
9/7/2014,2014,1,St. Louis Rams,6,34,Minnesota Vikings,LAR,-3,43
9/7/2014,2014,1,Tampa Bay Buccaneers,14,20,Carolina Panthers,TB,-5.5,37.5
9/8/2014,2014,1,Arizona Cardinals,18,17,San Diego Chargers,ARI,-3,47
9/8/2014,2014,1,Detroit Lions,35,14,New York Giants,DET,-6.5,47
9/11/2014,2014,2,Baltimore Ravens,26,6,Pittsburgh Steelers,BAL,-2.5,44.5
9/14/2014,2014,2,Buffalo Bills,29,10,Miami Dolphins,BUF,-1,43
9/14/2014,2014,2,Carolina Panthers,24,7,Detroit Lions,CAR,-1,43.5
9/14/2014,2014,2,Cincinnati Bengals,24,10,Atlanta Falcons,CIN,-5.5,49
9/14/2014,2014,2,Cleveland Browns,26,24,New Orleans Saints,NO,-4.5,49.5
9/14/2014,2014,2,Denver Broncos,24,17,Kansas City Chiefs,DEN,-13,49
9/14/2014,2014,2,Green Bay Packers,31,24,New York Jets,GB,-7,46.5
9/14/2014,2014,2,Minnesota Vikings,7,30,New England Patriots,NE,-3.5,49
9/14/2014,2014,2,New York Giants,14,25,Arizona Cardinals,NYG,-1,41.5
9/14/2014,2014,2,Oakland Raiders,14,30,Houston Texans,HOU,-3,42
9/14/2014,2014,2,San Diego Chargers,30,21,Seattle Seahawks,SEA,-4.5,45
9/14/2014,2014,2,San Francisco 49ers,20,28,Chicago Bears,SF,-7,47.5
9/14/2014,2014,2,Tampa Bay Buccaneers,17,19,St. Louis Rams,TB,-4,37.5
9/14/2014,2014,2,Tennessee Titans,10,26,Dallas Cowboys,TEN,-3,49.5
9/14/2014,2014,2,Washington Redskins,41,10,Jacksonville Jaguars,WAS,-5,43
9/15/2014,2014,2,Indianapolis Colts,27,30,Philadelphia Eagles,IND,-3,54
9/18/2014,2014,3,Atlanta Falcons,56,14,Tampa Bay Buccaneers,ATL,-6.5,47
9/21/2014,2014,3,Arizona Cardinals,23,14,San Francisco 49ers,SF,-3,41
9/21/2014,2014,3,Buffalo Bills,10,22,San Diego Chargers,BUF,-2.5,45.5
9/21/2014,2014,3,Carolina Panthers,19,37,Pittsburgh Steelers,CAR,-3,42.5
9/21/2014,2014,3,Cincinnati Bengals,33,7,Tennessee Titans,CIN,-6.5,44.5
9/21/2014,2014,3,Cleveland Browns,21,23,Baltimore Ravens,BAL,-2,43
9/21/2014,2014,3,Detroit Lions,19,7,Green Bay Packers,DET,-1.5,52
9/21/2014,2014,3,Jacksonville Jaguars,17,44,Indianapolis Colts,IND,-6,45
9/21/2014,2014,3,Miami Dolphins,15,34,Kansas City Chiefs,MIA,-6,42.5
9/21/2014,2014,3,New England Patriots,16,9,Oakland Raiders,NE,-14,47
9/21/2014,2014,3,New Orleans Saints,20,9,Minnesota Vikings,NO,-10,49.5
9/21/2014,2014,3,New York Giants,30,17,Houston Texans,NYG,-1,41.5
9/21/2014,2014,3,Philadelphia Eagles,37,34,Washington Redskins,PHI,-4,50
9/21/2014,2014,3,Seattle Seahawks,26,20,Denver Broncos,SEA,-4,48
9/21/2014,2014,3,St. Louis Rams,31,34,Dallas Cowboys,DAL,-1.5,45
9/22/2014,2014,3,New York Jets,19,27,Chicago Bears,NYJ,-1.5,45
9/25/2014,2014,4,Washington Redskins,14,45,New York Giants,WAS,-3,44.5
9/28/2014,2014,4,Baltimore Ravens,38,10,Carolina Panthers,BAL,-3.5,42
9/28/2014,2014,4,Chicago Bears,17,38,Green Bay Packers,GB,-2,51
9/28/2014,2014,4,Dallas Cowboys,38,17,New Orleans Saints,NO,-3,54
9/28/2014,2014,4,Houston Texans,23,17,Buffalo Bills,HOU,-3,44
9/28/2014,2014,4,Indianapolis Colts,41,17,Tennessee Titans,IND,-7.5,46
9/28/2014,2014,4,Minnesota Vikings,41,28,Atlanta Falcons,ATL,-5.5,47.5
9/28/2014,2014,4,New York Jets,17,24,Detroit Lions,NYJ,-2,44
9/28/2014,2014,4,Oakland Raiders,14,38,Miami Dolphins,MIA,-4,41
9/28/2014,2014,4,Pittsburgh Steelers,24,27,Tampa Bay Buccaneers,PIT,-7.5,45
9/28/2014,2014,4,San Diego Chargers,33,14,Jacksonville Jaguars,LAC,-13,44.5
9/28/2014,2014,4,San Francisco 49ers,26,21,Philadelphia Eagles,SF,-3.5,49.5
9/29/2014,2014,4,Kansas City Chiefs,41,14,New England Patriots,NE,-3,45.5
10/2/2014,2014,5,Green Bay Packers,42,10,Minnesota Vikings,GB,-8.5,46.5
10/5/2014,2014,5,Carolina Panthers,31,24,Chicago Bears,CAR,-1.5,47
10/5/2014,2014,5,Dallas Cowboys,20,17,Houston Texans,DAL,-5,48
10/5/2014,2014,5,Denver Broncos,41,20,Arizona Cardinals,DEN,-8,47.5
10/5/2014,2014,5,Detroit Lions,14,17,Buffalo Bills,DET,-4.5,43.5
10/5/2014,2014,5,Indianapolis Colts,20,13,Baltimore Ravens,IND,-2.5,49.5
10/5/2014,2014,5,Jacksonville Jaguars,9,17,Pittsburgh Steelers,PIT,-6,47.5
10/5/2014,2014,5,New England Patriots,43,17,Cincinnati Bengals,CIN,-2.5,46.5
10/5/2014,2014,5,New Orleans Saints,37,31,Tampa Bay Buccaneers,NO,-11,48
10/5/2014,2014,5,New York Giants,30,20,Atlanta Falcons,NYG,-4,50.5
10/5/2014,2014,5,Philadelphia Eagles,34,28,St. Louis Rams,PHI,-3.5,48
10/5/2014,2014,5,San Diego Chargers,31,0,New York Jets,LAC,-7,44.5
10/5/2014,2014,5,San Francisco 49ers,22,17,Kansas City Chiefs,SF,-4,43.5
10/5/2014,2014,5,Tennessee Titans,28,29,Cleveland Browns,CLE,-1,44
10/6/2014,2014,5,Washington Redskins,17,27,Seattle Seahawks,SEA,-7,46
10/9/2014,2014,6,Houston Texans,28,33,Indianapolis Colts,IND,-2.5,46
10/12/2014,2014,6,Arizona Cardinals,30,20,Washington Redskins,ARI,-5,46.5
10/12/2014,2014,6,Atlanta Falcons,13,27,Chicago Bears,ATL,-3.5,56
10/12/2014,2014,6,Buffalo Bills,22,37,New England Patriots,BUF,-1,44.5
10/12/2014,2014,6,Cincinnati Bengals,37,37,Carolina Panthers,CIN,-7,44
10/12/2014,2014,6,Cleveland Browns,31,10,Pittsburgh Steelers,CLE,-2.5,46.5
10/12/2014,2014,6,Miami Dolphins,24,27,Green Bay Packers,GB,-1.5,47
10/12/2014,2014,6,Minnesota Vikings,3,17,Detroit Lions,MIN,-1,43
10/12/2014,2014,6,New York Jets,17,31,Denver Broncos,DEN,-10,47.5
10/12/2014,2014,6,Oakland Raiders,28,31,San Diego Chargers,LAC,-7,44
10/12/2014,2014,6,Philadelphia Eagles,27,0,New York Giants,PHI,-1,51
10/12/2014,2014,6,Seattle Seahawks,23,30,Dallas Cowboys,SEA,-10,47
10/12/2014,2014,6,Tampa Bay Buccaneers,17,48,Baltimore Ravens,BAL,-3.5,44.5
10/12/2014,2014,6,Tennessee Titans,16,14,Jacksonville Jaguars,TEN,-4,42.5
10/13/2014,2014,6,St. Louis Rams,17,31,San Francisco 49ers,SF,-3.5,44.5
10/16/2014,2014,7,New England Patriots,27,25,New York Jets,NE,-9.5,44.5
10/19/2014,2014,7,Baltimore Ravens,29,7,Atlanta Falcons,BAL,-7,50
10/19/2014,2014,7,Buffalo Bills,17,16,Minnesota Vikings,BUF,-7,43
10/19/2014,2014,7,Chicago Bears,14,27,Miami Dolphins,CHI,-3,48
10/19/2014,2014,7,Dallas Cowboys,31,21,New York Giants,DAL,-5,47
10/19/2014,2014,7,Denver Broncos,42,17,San Francisco 49ers,DEN,-7,48.5
10/19/2014,2014,7,Detroit Lions,24,23,New Orleans Saints,DET,-1.5,46.5
10/19/2014,2014,7,Green Bay Packers,38,17,Carolina Panthers,GB,-6.5,49.5
10/19/2014,2014,7,Indianapolis Colts,27,0,Cincinnati Bengals,IND,-3,50.5
10/19/2014,2014,7,Jacksonville Jaguars,24,6,Cleveland Browns,CLE,-4,45
10/19/2014,2014,7,Oakland Raiders,13,24,Arizona Cardinals,ARI,-3.5,46.5
10/19/2014,2014,7,San Diego Chargers,20,23,Kansas City Chiefs,LAC,-3,46
10/19/2014,2014,7,St. Louis Rams,28,26,Seattle Seahawks,SEA,-7,43.5
10/19/2014,2014,7,Washington Redskins,19,17,Tennessee Titans,WAS,-6,46.5
10/20/2014,2014,7,Pittsburgh Steelers,30,23,Houston Texans,PIT,-3,44.5
10/23/2014,2014,8,Denver Broncos,35,21,San Diego Chargers,DEN,-9,51
10/26/2014,2014,8,Arizona Cardinals,24,20,Philadelphia Eagles,ARI,-1,48.5
10/26/2014,2014,8,Atlanta Falcons,21,22,Detroit Lions,DET,-3.5,45.5
10/26/2014,2014,8,Carolina Panthers,9,13,Seattle Seahawks,SEA,-6,45
10/26/2014,2014,8,Cincinnati Bengals,27,24,Baltimore Ravens,BAL,-2.5,44.5
10/26/2014,2014,8,Cleveland Browns,23,13,Oakland Raiders,CLE,-6.5,44.5
10/26/2014,2014,8,Jacksonville Jaguars,13,27,Miami Dolphins,MIA,-7,42
10/26/2014,2014,8,Kansas City Chiefs,34,7,St. Louis Rams,KC,-7.5,44
10/26/2014,2014,8,New England Patriots,51,23,Chicago Bears,NE,-6,52
10/26/2014,2014,8,New Orleans Saints,44,23,Green Bay Packers,NO,-2,55.5
10/26/2014,2014,8,New York Jets,23,43,Buffalo Bills,NYJ,-3,40.5
10/26/2014,2014,8,Pittsburgh Steelers,51,34,Indianapolis Colts,IND,-5,48.5
10/26/2014,2014,8,Tampa Bay Buccaneers,13,19,Minnesota Vikings,TB,-1,43
10/26/2014,2014,8,Tennessee Titans,16,30,Houston Texans,HOU,-3.5,43
10/27/2014,2014,8,Dallas Cowboys,17,20,Washington Redskins,DAL,-9.5,49
10/30/2014,2014,9,Carolina Panthers,10,28,New Orleans Saints,NO,-3,49
11/2/2014,2014,9,Cincinnati Bengals,33,23,Jacksonville Jaguars,CIN,-10,43.5
11/2/2014,2014,9,Cleveland Browns,22,17,Tampa Bay Buccaneers,CLE,-7,44
11/2/2014,2014,9,Dallas Cowboys,17,28,Arizona Cardinals,DAL,-1.5,45
11/2/2014,2014,9,Houston Texans,21,31,Philadelphia Eagles,PHI,-1.5,48.5
11/2/2014,2014,9,Kansas City Chiefs,24,10,New York Jets,KC,-9.5,41.5
11/2/2014,2014,9,Miami Dolphins,37,0,San Diego Chargers,MIA,-3,45
11/2/2014,2014,9,Minnesota Vikings,29,26,Washington Redskins,WAS,-1,44
11/2/2014,2014,9,New England Patriots,43,21,Denver Broncos,DEN,-3,53
11/2/2014,2014,9,Pittsburgh Steelers,43,23,Baltimore Ravens,PIT,-2.5,48
11/2/2014,2014,9,San Francisco 49ers,10,13,St. Louis Rams,SF,-10.5,44
11/2/2014,2014,9,Seattle Seahawks,30,24,Oakland Raiders,SEA,-13.5,44
11/3/2014,2014,9,New York Giants,24,40,Indianapolis Colts,IND,-3,51.5
11/6/2014,2014,10,Cincinnati Bengals,3,24,Cleveland Browns,CIN,-6.5,46
11/9/2014,2014,10,Arizona Cardinals,31,14,St. Louis Rams,ARI,-7,43.5
11/9/2014,2014,10,Baltimore Ravens,21,7,Tennessee Titans,BAL,-10.5,44
11/9/2014,2014,10,Buffalo Bills,13,17,Kansas City Chiefs,BUF,-2,42
11/9/2014,2014,10,Detroit Lions,20,16,Miami Dolphins,DET,-3,43
11/9/2014,2014,10,Green Bay Packers,55,14,Chicago Bears,GB,-9.5,54
11/9/2014,2014,10,Jacksonville Jaguars,17,31,Dallas Cowboys,DAL,-7.5,45
11/9/2014,2014,10,New Orleans Saints,24,27,San Francisco 49ers,NO,-6,49.5
11/9/2014,2014,10,New York Jets,20,13,Pittsburgh Steelers,PIT,-4.5,47
11/9/2014,2014,10,Oakland Raiders,17,41,Denver Broncos,DEN,-13,51
11/9/2014,2014,10,Seattle Seahawks,38,17,New York Giants,SEA,-9,45
11/9/2014,2014,10,Tampa Bay Buccaneers,17,27,Atlanta Falcons,ATL,-3.5,47
11/10/2014,2014,10,Philadelphia Eagles,45,21,Carolina Panthers,PHI,-7,48.5
11/13/2014,2014,11,Miami Dolphins,22,9,Buffalo Bills,MIA,-4,41
11/16/2014,2014,11,Arizona Cardinals,14,6,Detroit Lions,DET,-1,41.5
11/16/2014,2014,11,Carolina Panthers,17,19,Atlanta Falcons,ATL,-2.5,47
11/16/2014,2014,11,Chicago Bears,21,13,Minnesota Vikings,CHI,-2.5,46.5
11/16/2014,2014,11,Cleveland Browns,7,23,Houston Texans,CLE,-4.5,42
11/16/2014,2014,11,Green Bay Packers,53,20,Philadelphia Eagles,GB,-4.5,55.5
11/16/2014,2014,11,Indianapolis Colts,20,42,New England Patriots,IND,-3,59
11/16/2014,2014,11,Kansas City Chiefs,24,20,Seattle Seahawks,SEA,-1,43.5
11/16/2014,2014,11,New Orleans Saints,10,27,Cincinnati Bengals,NO,-8.5,51.5
11/16/2014,2014,11,New York Giants,10,16,San Francisco 49ers,SF,-4,45
11/16/2014,2014,11,San Diego Chargers,13,6,Oakland Raiders,LAC,-10.5,45.5
11/16/2014,2014,11,St. Louis Rams,22,7,Denver Broncos,DEN,-8,50
11/16/2014,2014,11,Washington Redskins,7,27,Tampa Bay Buccaneers,WAS,-6.5,46
11/17/2014,2014,11,Tennessee Titans,24,27,Pittsburgh Steelers,PIT,-7,46
11/20/2014,2014,12,Oakland Raiders,24,20,Kansas City Chiefs,KC,-7.5,42
11/23/2014,2014,12,Atlanta Falcons,24,26,Cleveland Browns,ATL,-3,48.5
11/23/2014,2014,12,Chicago Bears,21,13,Tampa Bay Buccaneers,CHI,-4,46.5
11/23/2014,2014,12,Denver Broncos,39,36,Miami Dolphins,DEN,-6.5,47.5
11/23/2014,2014,12,Houston Texans,13,22,Cincinnati Bengals,HOU,-3,44.5
11/23/2014,2014,12,Indianapolis Colts,23,3,Jacksonville Jaguars,IND,-13,49.5
11/23/2014,2014,12,Minnesota Vikings,21,24,Green Bay Packers,GB,-7.5,49.5
11/23/2014,2014,12,New England Patriots,34,9,Detroit Lions,NE,-7.5,47.5
11/23/2014,2014,12,New York Giants,28,31,Dallas Cowboys,DAL,-4,49
11/23/2014,2014,12,Philadelphia Eagles,43,24,Tennessee Titans,PHI,-11,49
11/23/2014,2014,12,San Diego Chargers,27,24,St. Louis Rams,LAC,-4,43.5
11/23/2014,2014,12,San Francisco 49ers,17,13,Washington Redskins,SF,-9,44
11/23/2014,2014,12,Seattle Seahawks,19,3,Arizona Cardinals,SEA,-7.5,41.5
11/24/2014,2014,12,Buffalo Bills,38,3,New York Jets,BUF,-2.5,42.5
11/24/2014,2014,12,New Orleans Saints,27,34,Baltimore Ravens,NO,-2.5,50.5
11/27/2014,2014,13,Dallas Cowboys,10,33,Philadelphia Eagles,DAL,-3,57
11/27/2014,2014,13,Detroit Lions,34,17,Chicago Bears,DET,-7.5,46
11/27/2014,2014,13,San Francisco 49ers,3,19,Seattle Seahawks,SF,-1,40.5
11/30/2014,2014,13,Atlanta Falcons,29,18,Arizona Cardinals,ARI,-1.5,45
11/30/2014,2014,13,Baltimore Ravens,33,34,San Diego Chargers,BAL,-6.5,46
11/30/2014,2014,13,Buffalo Bills,26,10,Cleveland Browns,BUF,-3,42
11/30/2014,2014,13,Green Bay Packers,26,21,New England Patriots,GB,-3,58
11/30/2014,2014,13,Houston Texans,45,21,Tennessee Titans,HOU,-7,42.5
11/30/2014,2014,13,Indianapolis Colts,49,27,Washington Redskins,IND,-7.5,49
11/30/2014,2014,13,Jacksonville Jaguars,25,24,New York Giants,NYG,-3,44
11/30/2014,2014,13,Kansas City Chiefs,16,29,Denver Broncos,KC,-1,49.5
11/30/2014,2014,13,Minnesota Vikings,31,13,Carolina Panthers,MIN,-2.5,41.5
11/30/2014,2014,13,Pittsburgh Steelers,32,35,New Orleans Saints,PIT,-3.5,54.5
11/30/2014,2014,13,St. Louis Rams,52,0,Oakland Raiders,LAR,-6.5,43
11/30/2014,2014,13,Tampa Bay Buccaneers,13,14,Cincinnati Bengals,CIN,-6,43.5
12/1/2014,2014,13,New York Jets,13,16,Miami Dolphins,MIA,-6.5,41.5
12/4/2014,2014,14,Chicago Bears,28,41,Dallas Cowboys,DAL,-3.5,50
12/7/2014,2014,14,Arizona Cardinals,17,14,Kansas City Chiefs,KC,-2.5,41
12/7/2014,2014,14,Cincinnati Bengals,21,42,Pittsburgh Steelers,CIN,-3,47.5
12/7/2014,2014,14,Cleveland Browns,24,25,Indianapolis Colts,IND,-3,50
12/7/2014,2014,14,Denver Broncos,24,17,Buffalo Bills,DEN,-9,47
12/7/2014,2014,14,Detroit Lions,34,17,Tampa Bay Buccaneers,DET,-10.5,42
12/7/2014,2014,14,Jacksonville Jaguars,13,27,Houston Texans,HOU,-6.5,42
12/7/2014,2014,14,Miami Dolphins,13,28,Baltimore Ravens,MIA,-3,45
12/7/2014,2014,14,Minnesota Vikings,30,24,New York Jets,MIN,-4.5,40
12/7/2014,2014,14,New Orleans Saints,10,41,Carolina Panthers,NO,-8.5,50.5
12/7/2014,2014,14,Oakland Raiders,24,13,San Francisco 49ers,SF,-8,40.5
12/7/2014,2014,14,Philadelphia Eagles,14,24,Seattle Seahawks,SEA,-1.5,48
12/7/2014,2014,14,San Diego Chargers,14,23,New England Patriots,NE,-4,54
12/7/2014,2014,14,Tennessee Titans,7,36,New York Giants,NYG,-3,46.5
12/7/2014,2014,14,Washington Redskins,0,24,St. Louis Rams,LAR,-2.5,44.5
12/8/2014,2014,14,Green Bay Packers,43,37,Atlanta Falcons,GB,-13.5,55
12/11/2014,2014,15,St. Louis Rams,6,12,Arizona Cardinals,LAR,-6,40.5
12/14/2014,2014,15,Atlanta Falcons,20,27,Pittsburgh Steelers,PIT,-3,55.5
12/14/2014,2014,15,Baltimore Ravens,20,12,Jacksonville Jaguars,BAL,-14,44.5
12/14/2014,2014,15,Buffalo Bills,21,13,Green Bay Packers,GB,-3.5,50
12/14/2014,2014,15,Carolina Panthers,19,17,Tampa Bay Buccaneers,CAR,-3.5,41.5
12/14/2014,2014,15,Cleveland Browns,0,30,Cincinnati Bengals,CLE,-2.5,43.5
12/14/2014,2014,15,Detroit Lions,16,14,Minnesota Vikings,DET,-8,42
12/14/2014,2014,15,Indianapolis Colts,17,10,Houston Texans,IND,-7,49
12/14/2014,2014,15,Kansas City Chiefs,31,13,Oakland Raiders,KC,-11,41.5
12/14/2014,2014,15,New England Patriots,41,13,Miami Dolphins,NE,-9.5,48
12/14/2014,2014,15,New York Giants,24,13,Washington Redskins,NYG,-7,46.5
12/14/2014,2014,15,Philadelphia Eagles,27,38,Dallas Cowboys,PHI,-3.5,55
12/14/2014,2014,15,San Diego Chargers,10,22,Denver Broncos,DEN,-4,49.5
12/14/2014,2014,15,Seattle Seahawks,17,7,San Francisco 49ers,SEA,-10,38.5
12/14/2014,2014,15,Tennessee Titans,11,16,New York Jets,NYJ,-3.5,41.5
12/15/2014,2014,15,Chicago Bears,15,31,New Orleans Saints,NO,-3,53.5
12/18/2014,2014,16,Jacksonville Jaguars,21,13,Tennessee Titans,JAX,-4,39
12/20/2014,2014,16,San Francisco 49ers,35,38,San Diego Chargers,SF,-2,40.5
12/20/2014,2014,16,Washington Redskins,27,24,Philadelphia Eagles,PHI,-7,51
12/21/2014,2014,16,Arizona Cardinals,6,35,Seattle Seahawks,SEA,-9.5,36.5
12/21/2014,2014,16,Carolina Panthers,17,13,Cleveland Browns,CAR,-6,40
12/21/2014,2014,16,Chicago Bears,14,20,Detroit Lions,DET,-10,44.5
12/21/2014,2014,16,Dallas Cowboys,42,7,Indianapolis Colts,DAL,-3.5,53.5
12/21/2014,2014,16,Houston Texans,25,13,Baltimore Ravens,BAL,-6,41.5
12/21/2014,2014,16,Miami Dolphins,37,35,Minnesota Vikings,MIA,-4.5,42.5
12/21/2014,2014,16,New Orleans Saints,14,30,Atlanta Falcons,NO,-6,56
12/21/2014,2014,16,New York Jets,16,17,New England Patriots,NE,-10,47
12/21/2014,2014,16,Oakland Raiders,26,24,Buffalo Bills,BUF,-7,41.5
12/21/2014,2014,16,Pittsburgh Steelers,20,12,Kansas City Chiefs,PIT,-2.5,49.5
12/21/2014,2014,16,St. Louis Rams,27,37,New York Giants,LAR,-7,43.5
12/21/2014,2014,16,Tampa Bay Buccaneers,3,20,Green Bay Packers,GB,-11.5,49
12/22/2014,2014,16,Cincinnati Bengals,37,28,Denver Broncos,DEN,-3.5,47.5
12/28/2014,2014,17,Atlanta Falcons,3,34,Carolina Panthers,ATL,-2.5,48
12/28/2014,2014,17,Baltimore Ravens,20,10,Cleveland Browns,BAL,-14,40
12/28/2014,2014,17,Denver Broncos,47,14,Oakland Raiders,DEN,-16.5,48.5
12/28/2014,2014,17,Green Bay Packers,30,20,Detroit Lions,GB,-9,47
12/28/2014,2014,17,Houston Texans,23,17,Jacksonville Jaguars,HOU,-8.5,38.5
12/28/2014,2014,17,Kansas City Chiefs,19,7,San Diego Chargers,KC,-3,42
12/28/2014,2014,17,Miami Dolphins,24,37,New York Jets,MIA,-7,41
12/28/2014,2014,17,Minnesota Vikings,13,9,Chicago Bears,MIN,-7,47.5
12/28/2014,2014,17,New England Patriots,9,17,Buffalo Bills,NE,-4.5,43.5
12/28/2014,2014,17,New York Giants,26,34,Philadelphia Eagles,PHI,-1,52
12/28/2014,2014,17,Pittsburgh Steelers,27,17,Cincinnati Bengals,PIT,-3,48.5
12/28/2014,2014,17,San Francisco 49ers,20,17,Arizona Cardinals,SF,-6,37.5
12/28/2014,2014,17,Seattle Seahawks,20,6,St. Louis Rams,SEA,-11,41.5
12/28/2014,2014,17,Tampa Bay Buccaneers,20,23,New Orleans Saints,NO,-6,46.5
12/28/2014,2014,17,Tennessee Titans,10,27,Indianapolis Colts,IND,-7.5,46.5
12/28/2014,2014,17,Washington Redskins,17,44,Dallas Cowboys,DAL,-6,47.5
1/3/2015,2014,Wildcard,Carolina Panthers,27,16,Arizona Cardinals,CAR,-5.5,37.5
1/3/2015,2014,Wildcard,Pittsburgh Steelers,17,30,Baltimore Ravens,PIT,-3,45
1/4/2015,2014,Wildcard,Dallas Cowboys,24,20,Detroit Lions,DAL,-6,48.5
1/4/2015,2014,Wildcard,Indianapolis Colts,26,10,Cincinnati Bengals,IND,-3.5,48
1/10/2015,2014,Division,New England Patriots,35,31,Baltimore Ravens,NE,-7,47.5
1/10/2015,2014,Division,Seattle Seahawks,31,17,Carolina Panthers,SEA,-13.5,39.5
1/11/2015,2014,Division,Denver Broncos,13,24,Indianapolis Colts,DEN,-9.5,53.5
1/11/2015,2014,Division,Green Bay Packers,26,21,Dallas Cowboys,GB,-5.5,51.5
1/18/2015,2014,Conference,New England Patriots,45,7,Indianapolis Colts,NE,-7,52
1/18/2015,2014,Conference,Seattle Seahawks,28,22,Green Bay Packers,SEA,-8.5,45
2/1/2015,2014,Superbowl,Seattle Seahawks,24,28,New England Patriots,NE,-1,47.5
9/10/2015,2015,1,New England Patriots,28,21,Pittsburgh Steelers,NE,-7,51
9/13/2015,2015,1,Arizona Cardinals,31,19,New Orleans Saints,ARI,-2.5,48.5
9/13/2015,2015,1,Buffalo Bills,27,14,Indianapolis Colts,IND,-1,44.5
9/13/2015,2015,1,Chicago Bears,23,31,Green Bay Packers,GB,-6.5,48.5
9/13/2015,2015,1,Dallas Cowboys,27,26,New York Giants,DAL,-7,52.5
9/13/2015,2015,1,Denver Broncos,19,13,Baltimore Ravens,DEN,-4.5,46.5
9/13/2015,2015,1,Houston Texans,20,27,Kansas City Chiefs,KC,-1,40.5
9/13/2015,2015,1,Jacksonville Jaguars,9,20,Carolina Panthers,CAR,-3,41
9/13/2015,2015,1,New York Jets,31,10,Cleveland Browns,NYJ,-3.5,38.5
9/13/2015,2015,1,Oakland Raiders,13,33,Cincinnati Bengals,LVR,-3,43
9/13/2015,2015,1,San Diego Chargers,33,28,Detroit Lions,LAC,-3.5,45.5
9/13/2015,2015,1,St. Louis Rams,34,31,Seattle Seahawks,SEA,-3.5,41
9/13/2015,2015,1,Tampa Bay Buccaneers,14,42,Tennessee Titans,TB,-3,40.5
9/13/2015,2015,1,Washington Redskins,10,17,Miami Dolphins,MIA,-4,45.5
9/14/2015,2015,1,Atlanta Falcons,26,24,Philadelphia Eagles,PHI,-3,56
9/14/2015,2015,1,San Francisco 49ers,20,3,Minnesota Vikings,MIN,-2.5,42.5
9/17/2015,2015,2,Kansas City Chiefs,24,31,Denver Broncos,KC,-3,42
9/20/2015,2015,2,Buffalo Bills,32,40,New England Patriots,BUF,-1,44.5
9/20/2015,2015,2,Carolina Panthers,24,17,Houston Texans,CAR,-3,41
9/20/2015,2015,2,Chicago Bears,23,48,Arizona Cardinals,ARI,-2,46
9/20/2015,2015,2,Cincinnati Bengals,24,19,San Diego Chargers,CIN,-3.5,48
9/20/2015,2015,2,Cleveland Browns,28,14,Tennessee Titans,TEN,-1,41
9/20/2015,2015,2,Green Bay Packers,27,17,Seattle Seahawks,GB,-3,49.5
9/20/2015,2015,2,Jacksonville Jaguars,23,20,Miami Dolphins,MIA,-6,42
9/20/2015,2015,2,Minnesota Vikings,26,16,Detroit Lions,MIN,-2.5,44
9/20/2015,2015,2,New Orleans Saints,19,26,Tampa Bay Buccaneers,NO,-9,47
9/20/2015,2015,2,New York Giants,20,24,Atlanta Falcons,NYG,-2,50
9/20/2015,2015,2,Oakland Raiders,37,33,Baltimore Ravens,BAL,-6,42
9/20/2015,2015,2,Philadelphia Eagles,10,20,Dallas Cowboys,PHI,-6.5,54
9/20/2015,2015,2,Pittsburgh Steelers,43,18,San Francisco 49ers,PIT,-6,46
9/20/2015,2015,2,Washington Redskins,24,10,St. Louis Rams,LAR,-3,41
9/21/2015,2015,2,Indianapolis Colts,7,20,New York Jets,IND,-6,46
9/24/2015,2015,3,New York Giants,32,21,Washington Redskins,NYG,-3,45
9/27/2015,2015,3,Arizona Cardinals,47,7,San Francisco 49ers,ARI,-7,45
9/27/2015,2015,3,Baltimore Ravens,24,28,Cincinnati Bengals,BAL,-1.5,45.5
9/27/2015,2015,3,Carolina Panthers,27,22,New Orleans Saints,CAR,-9.5,43
9/27/2015,2015,3,Cleveland Browns,20,27,Oakland Raiders,CLE,-3.5,44
9/27/2015,2015,3,Dallas Cowboys,28,39,Atlanta Falcons,PICK,0,43.5
9/27/2015,2015,3,Detroit Lions,12,24,Denver Broncos,DEN,-3,45
9/27/2015,2015,3,Houston Texans,19,9,Tampa Bay Buccaneers,HOU,-6,41
9/27/2015,2015,3,Miami Dolphins,14,41,Buffalo Bills,MIA,-1,43.5
9/27/2015,2015,3,Minnesota Vikings,31,14,San Diego Chargers,MIN,-2,45.5
9/27/2015,2015,3,New England Patriots,51,17,Jacksonville Jaguars,NE,-14,49
9/27/2015,2015,3,New York Jets,17,24,Philadelphia Eagles,NYJ,-3,47
9/27/2015,2015,3,Seattle Seahawks,26,0,Chicago Bears,SEA,-16.5,43.5
9/27/2015,2015,3,St. Louis Rams,6,12,Pittsburgh Steelers,LAR,-1,48.5
9/27/2015,2015,3,Tennessee Titans,33,35,Indianapolis Colts,IND,-3.5,46.5
9/28/2015,2015,3,Green Bay Packers,38,28,Kansas City Chiefs,GB,-5.5,47.5
10/1/2015,2015,4,Pittsburgh Steelers,20,23,Baltimore Ravens,BAL,-3,44
10/4/2015,2015,4,Arizona Cardinals,22,24,St. Louis Rams,ARI,-7,43.5
10/4/2015,2015,4,Atlanta Falcons,48,21,Houston Texans,ATL,-4.5,47.5
10/4/2015,2015,4,Buffalo Bills,10,24,New York Giants,BUF,-6,46.5
10/4/2015,2015,4,Chicago Bears,22,20,Oakland Raiders,LVR,-3,44.5
10/4/2015,2015,4,Cincinnati Bengals,36,21,Kansas City Chiefs,CIN,-3.5,45
10/4/2015,2015,4,Denver Broncos,23,20,Minnesota Vikings,DEN,-7,43.5
10/4/2015,2015,4,Indianapolis Colts,16,13,Jacksonville Jaguars,IND,-4,43.5
10/4/2015,2015,4,Miami Dolphins,14,27,New York Jets,NYJ,-2.5,42.5
10/4/2015,2015,4,New Orleans Saints,26,20,Dallas Cowboys,NO,-3,48.5
10/4/2015,2015,4,San Diego Chargers,30,27,Cleveland Browns,LAC,-5,44.5
10/4/2015,2015,4,San Francisco 49ers,3,17,Green Bay Packers,GB,-7.5,48
10/4/2015,2015,4,Tampa Bay Buccaneers,23,37,Carolina Panthers,CAR,-3,40.5
10/4/2015,2015,4,Washington Redskins,23,20,Philadelphia Eagles,PHI,-3,45.5
10/5/2015,2015,4,Seattle Seahawks,13,10,Detroit Lions,SEA,-10,43
10/8/2015,2015,5,Houston Texans,20,27,Indianapolis Colts,HOU,-5,41
10/11/2015,2015,5,Atlanta Falcons,25,19,Washington Redskins,ATL,-7,48.5
10/11/2015,2015,5,Baltimore Ravens,30,33,Cleveland Browns,BAL,-6.5,43
10/11/2015,2015,5,Cincinnati Bengals,27,24,Seattle Seahawks,CIN,-3,44.5
10/11/2015,2015,5,Dallas Cowboys,6,30,New England Patriots,NE,-8.5,50.5
10/11/2015,2015,5,Detroit Lions,17,42,Arizona Cardinals,ARI,-4.5,46
10/11/2015,2015,5,Green Bay Packers,24,10,St. Louis Rams,GB,-9,46
10/11/2015,2015,5,Kansas City Chiefs,17,18,Chicago Bears,KC,-9.5,44.5
10/11/2015,2015,5,New York Giants,30,27,San Francisco 49ers,NYG,-7.5,44
10/11/2015,2015,5,Oakland Raiders,10,16,Denver Broncos,DEN,-5.5,45
10/11/2015,2015,5,Philadelphia Eagles,39,17,New Orleans Saints,PHI,-6.5,49.5
10/11/2015,2015,5,Tampa Bay Buccaneers,38,31,Jacksonville Jaguars,TB,-1,41.5
10/11/2015,2015,5,Tennessee Titans,13,14,Buffalo Bills,BUF,-1,43
10/12/2015,2015,5,San Diego Chargers,20,24,Pittsburgh Steelers,LAC,-4,45.5
10/15/2015,2015,6,New Orleans Saints,31,21,Atlanta Falcons,ATL,-3,52.5
10/18/2015,2015,6,Buffalo Bills,21,34,Cincinnati Bengals,CIN,-3,42
10/18/2015,2015,6,Cleveland Browns,23,26,Denver Broncos,DEN,-3.5,42
10/18/2015,2015,6,Detroit Lions,37,34,Chicago Bears,DET,-3.5,45.5
10/18/2015,2015,6,Green Bay Packers,27,20,San Diego Chargers,GB,-10.5,50.5
10/18/2015,2015,6,Indianapolis Colts,27,34,New England Patriots,NE,-9,54
10/18/2015,2015,6,Jacksonville Jaguars,20,31,Houston Texans,JAX,-3,43
10/18/2015,2015,6,Minnesota Vikings,16,10,Kansas City Chiefs,MIN,-3.5,43
10/18/2015,2015,6,New York Jets,34,20,Washington Redskins,NYJ,-7.5,40
10/18/2015,2015,6,Pittsburgh Steelers,25,13,Arizona Cardinals,ARI,-5.5,45
10/18/2015,2015,6,San Francisco 49ers,25,20,Baltimore Ravens,BAL,-2.5,43.5
10/18/2015,2015,6,Seattle Seahawks,23,27,Carolina Panthers,SEA,-7,41
10/18/2015,2015,6,Tennessee Titans,10,38,Miami Dolphins,TEN,-2.5,43.5
10/19/2015,2015,6,Philadelphia Eagles,27,7,New York Giants,PHI,-3.5,50.5
10/22/2015,2015,7,San Francisco 49ers,3,20,Seattle Seahawks,SEA,-6.5,42
10/25/2015,2015,7,Carolina Panthers,27,16,Philadelphia Eagles,CAR,-2.5,46
10/25/2015,2015,7,Detroit Lions,19,28,Minnesota Vikings,DET,-1,45
10/25/2015,2015,7,Indianapolis Colts,21,27,New Orleans Saints,IND,-5,53
10/25/2015,2015,7,Jacksonville Jaguars,34,31,Buffalo Bills,BUF,-3.5,41.5
10/25/2015,2015,7,Kansas City Chiefs,23,13,Pittsburgh Steelers,KC,-3.5,41.5
10/25/2015,2015,7,Miami Dolphins,44,26,Houston Texans,MIA,-4.5,45.5
10/25/2015,2015,7,New England Patriots,30,23,New York Jets,NE,-7,47.5
10/25/2015,2015,7,New York Giants,27,20,Dallas Cowboys,NYG,-3,44.5
10/25/2015,2015,7,San Diego Chargers,29,37,Oakland Raiders,LAC,-3.5,48.5
10/25/2015,2015,7,St. Louis Rams,24,6,Cleveland Browns,LAR,-6,44
10/25/2015,2015,7,Tennessee Titans,7,10,Atlanta Falcons,ATL,-6,45.5
10/25/2015,2015,7,Washington Redskins,31,30,Tampa Bay Buccaneers,WAS,-3,41.5
10/26/2015,2015,7,Arizona Cardinals,26,18,Baltimore Ravens,ARI,-10,49.5
10/29/2015,2015,8,New England Patriots,36,7,Miami Dolphins,NE,-8,51.5
11/1/2015,2015,8,Atlanta Falcons,20,23,Tampa Bay Buccaneers,ATL,-8,47.5
11/1/2015,2015,8,Baltimore Ravens,29,26,San Diego Chargers,BAL,-4.5,50.5
11/1/2015,2015,8,Chicago Bears,20,23,Minnesota Vikings,MIN,-1.5,44
11/1/2015,2015,8,Cleveland Browns,20,34,Arizona Cardinals,ARI,-7,46
11/1/2015,2015,8,Dallas Cowboys,12,13,Seattle Seahawks,SEA,-5,41.5
11/1/2015,2015,8,Denver Broncos,29,10,Green Bay Packers,GB,-2.5,45.5
11/1/2015,2015,8,Houston Texans,20,6,Tennessee Titans,HOU,-3.5,43
11/1/2015,2015,8,Kansas City Chiefs,45,10,Detroit Lions,DET,-3,45
11/1/2015,2015,8,New Orleans Saints,52,49,New York Giants,NO,-3,52
11/1/2015,2015,8,Oakland Raiders,34,20,New York Jets,NYJ,-3,44
11/1/2015,2015,8,Pittsburgh Steelers,10,16,Cincinnati Bengals,PICK,0,49.5
11/1/2015,2015,8,St. Louis Rams,27,6,San Francisco 49ers,LAR,-8,41
11/2/2015,2015,8,Carolina Panthers,29,26,Indianapolis Colts,CAR,-5.5,45.5
11/5/2015,2015,9,Cincinnati Bengals,31,10,Cleveland Browns,CIN,-13,46
11/8/2015,2015,9,Buffalo Bills,33,17,Miami Dolphins,BUF,-4,44
11/8/2015,2015,9,Carolina Panthers,37,29,Green Bay Packers,GB,-2.5,46
11/8/2015,2015,9,Dallas Cowboys,27,33,Philadelphia Eagles,PHI,-3,44
11/8/2015,2015,9,Indianapolis Colts,27,24,Denver Broncos,DEN,-3.5,45.5
11/8/2015,2015,9,Minnesota Vikings,21,18,St. Louis Rams,MIN,-1,40
11/8/2015,2015,9,New England Patriots,27,10,Washington Redskins,NE,-13.5,51.5
11/8/2015,2015,9,New Orleans Saints,28,34,Tennessee Titans,NO,-6.5,50
11/8/2015,2015,9,New York Jets,28,23,Jacksonville Jaguars,NYJ,-8,42.5
11/8/2015,2015,9,Pittsburgh Steelers,38,35,Oakland Raiders,PIT,-6,48
11/8/2015,2015,9,San Francisco 49ers,17,16,Atlanta Falcons,ATL,-8.5,43.5
11/8/2015,2015,9,Tampa Bay Buccaneers,18,32,New York Giants,NYG,-2,49
11/9/2015,2015,9,San Diego Chargers,19,22,Chicago Bears,LAC,-3.5,49.5
11/12/2015,2015,10,New York Jets,17,22,Buffalo Bills,NYJ,-2.5,42
11/15/2015,2015,10,Baltimore Ravens,20,22,Jacksonville Jaguars,BAL,-5,47
11/15/2015,2015,10,Denver Broncos,13,29,Kansas City Chiefs,DEN,-3.5,42
11/15/2015,2015,10,Green Bay Packers,16,18,Detroit Lions,GB,-10.5,50
11/15/2015,2015,10,New York Giants,26,27,New England Patriots,NE,-7,52.5
11/15/2015,2015,10,Oakland Raiders,14,30,Minnesota Vikings,LVR,-3,44
11/15/2015,2015,10,Philadelphia Eagles,19,20,Miami Dolphins,PHI,-6,49.5
11/15/2015,2015,10,Pittsburgh Steelers,30,9,Cleveland Browns,PIT,-7,43
11/15/2015,2015,10,Seattle Seahawks,32,39,Arizona Cardinals,SEA,-3,43.5
11/15/2015,2015,10,St. Louis Rams,13,37,Chicago Bears,LAR,-7,42.5
11/15/2015,2015,10,Tampa Bay Buccaneers,10,6,Dallas Cowboys,DAL,-1,43.5
11/15/2015,2015,10,Tennessee Titans,10,27,Carolina Panthers,CAR,-3.5,43
11/15/2015,2015,10,Washington Redskins,47,14,New Orleans Saints,NO,-1,52
11/16/2015,2015,10,Cincinnati Bengals,6,10,Houston Texans,CIN,-10,46.5
11/19/2015,2015,11,Jacksonville Jaguars,19,13,Tennessee Titans,JAX,-3,41.5
11/22/2015,2015,11,Arizona Cardinals,34,31,Cincinnati Bengals,ARI,-4,48
11/22/2015,2015,11,Atlanta Falcons,21,24,Indianapolis Colts,ATL,-3.5,47.5
11/22/2015,2015,11,Baltimore Ravens,16,13,St. Louis Rams,BAL,-3,41.5
11/22/2015,2015,11,Carolina Panthers,44,16,Washington Redskins,CAR,-7,44.5
11/22/2015,2015,11,Chicago Bears,15,17,Denver Broncos,DEN,-2,41.5
11/22/2015,2015,11,Detroit Lions,18,13,Oakland Raiders,LVR,-1.5,50
11/22/2015,2015,11,Houston Texans,24,17,New York Jets,NYJ,-4,40
11/22/2015,2015,11,Miami Dolphins,14,24,Dallas Cowboys,DAL,-2,45
11/22/2015,2015,11,Minnesota Vikings,13,30,Green Bay Packers,PICK,0,45
11/22/2015,2015,11,Philadelphia Eagles,17,45,Tampa Bay Buccaneers,PHI,-6.5,45.5
11/22/2015,2015,11,San Diego Chargers,3,33,Kansas City Chiefs,KC,-3,45.5
11/22/2015,2015,11,Seattle Seahawks,29,13,San Francisco 49ers,SEA,-14,40
11/23/2015,2015,11,New England Patriots,20,13,Buffalo Bills,NE,-7,47.5
11/26/2015,2015,12,Dallas Cowboys,14,33,Carolina Panthers,CAR,-1,44.5
11/26/2015,2015,12,Detroit Lions,45,14,Philadelphia Eagles,DET,-3,47
11/26/2015,2015,12,Green Bay Packers,13,17,Chicago Bears,GB,-8,45
11/29/2015,2015,12,Atlanta Falcons,10,20,Minnesota Vikings,ATL,-2,45
11/29/2015,2015,12,Cincinnati Bengals,31,7,St. Louis Rams,CIN,-9.5,42
11/29/2015,2015,12,Denver Broncos,30,24,New England Patriots,NE,-2.5,43
11/29/2015,2015,12,Houston Texans,24,6,New Orleans Saints,HOU,-3.5,51
11/29/2015,2015,12,Indianapolis Colts,25,12,Tampa Bay Buccaneers,IND,-3,46.5
11/29/2015,2015,12,Jacksonville Jaguars,25,31,San Diego Chargers,JAX,-5,47
11/29/2015,2015,12,Kansas City Chiefs,30,22,Buffalo Bills,KC,-4.5,41
11/29/2015,2015,12,New York Jets,38,20,Miami Dolphins,NYJ,-4.5,43.5
11/29/2015,2015,12,San Francisco 49ers,13,19,Arizona Cardinals,ARI,-8.5,45
11/29/2015,2015,12,Seattle Seahawks,39,30,Pittsburgh Steelers,SEA,-3,46.5
11/29/2015,2015,12,Tennessee Titans,21,24,Oakland Raiders,LVR,-1,45
11/29/2015,2015,12,Washington Redskins,20,14,New York Giants,NYG,-1.5,48
11/30/2015,2015,12,Cleveland Browns,27,33,Baltimore Ravens,CLE,-6,41
12/3/2015,2015,13,Detroit Lions,23,27,Green Bay Packers,GB,-2.5,46.5
12/6/2015,2015,13,Buffalo Bills,30,21,Houston Texans,BUF,-3,42
12/6/2015,2015,13,Chicago Bears,20,26,San Francisco 49ers,CHI,-6.5,43
12/6/2015,2015,13,Cleveland Browns,3,37,Cincinnati Bengals,CIN,-7.5,44
12/6/2015,2015,13,Miami Dolphins,15,13,Baltimore Ravens,MIA,-3.5,43
12/6/2015,2015,13,Minnesota Vikings,7,38,Seattle Seahawks,SEA,-2.5,43
12/6/2015,2015,13,New England Patriots,28,35,Philadelphia Eagles,NE,-9.5,49
12/6/2015,2015,13,New Orleans Saints,38,41,Carolina Panthers,CAR,-6,50.5
12/6/2015,2015,13,New York Giants,20,23,New York Jets,NYJ,-2.5,46
12/6/2015,2015,13,Oakland Raiders,20,34,Kansas City Chiefs,KC,-3,45.5
12/6/2015,2015,13,Pittsburgh Steelers,45,10,Indianapolis Colts,PIT,-9.5,50.5
12/6/2015,2015,13,San Diego Chargers,3,17,Denver Broncos,DEN,-6,45
12/6/2015,2015,13,St. Louis Rams,3,27,Arizona Cardinals,ARI,-3.5,43
12/6/2015,2015,13,Tampa Bay Buccaneers,23,19,Atlanta Falcons,PICK,0,46.5
12/6/2015,2015,13,Tennessee Titans,42,39,Jacksonville Jaguars,TEN,-3,43.5
12/7/2015,2015,13,Washington Redskins,16,19,Dallas Cowboys,WAS,-2,43.5
12/10/2015,2015,14,Arizona Cardinals,23,20,Minnesota Vikings,ARI,-10,46.5
12/13/2015,2015,14,Baltimore Ravens,6,35,Seattle Seahawks,SEA,-10.5,42
12/13/2015,2015,14,Carolina Panthers,38,0,Atlanta Falcons,CAR,-8.5,45.5
12/13/2015,2015,14,Chicago Bears,21,24,Washington Redskins,CHI,-4,43.5
12/13/2015,2015,14,Cincinnati Bengals,20,33,Pittsburgh Steelers,CIN,-1,48.5
12/13/2015,2015,14,Cleveland Browns,24,10,San Francisco 49ers,CLE,-2.5,43
12/13/2015,2015,14,Denver Broncos,12,15,Oakland Raiders,DEN,-6,43
12/13/2015,2015,14,Green Bay Packers,28,7,Dallas Cowboys,GB,-6.5,42.5
12/13/2015,2015,14,Houston Texans,6,27,New England Patriots,NE,-5,46.5
12/13/2015,2015,14,Jacksonville Jaguars,51,16,Indianapolis Colts,JAX,-1,46
12/13/2015,2015,14,Kansas City Chiefs,10,3,San Diego Chargers,KC,-12,41.5
12/13/2015,2015,14,New York Jets,30,8,Tennessee Titans,NYJ,-8,43
12/13/2015,2015,14,Philadelphia Eagles,23,20,Buffalo Bills,PHI,-1,48.5
12/13/2015,2015,14,St. Louis Rams,21,14,Detroit Lions,DET,-3,41.5
12/13/2015,2015,14,Tampa Bay Buccaneers,17,24,New Orleans Saints,TB,-6,51.5
12/14/2015,2015,14,Miami Dolphins,24,31,New York Giants,NYG,-2,48
12/17/2015,2015,15,St. Louis Rams,31,23,Tampa Bay Buccaneers,LAR,-1,41
12/19/2015,2015,15,Dallas Cowboys,16,19,New York Jets,NYJ,-3.5,41
12/20/2015,2015,15,Baltimore Ravens,14,34,Kansas City Chiefs,KC,-6.5,41
12/20/2015,2015,15,Indianapolis Colts,10,16,Houston Texans,IND,-2,41.5
12/20/2015,2015,15,Jacksonville Jaguars,17,23,Atlanta Falcons,JAX,-2,48
12/20/2015,2015,15,Minnesota Vikings,38,17,Chicago Bears,MIN,-4,44
12/20/2015,2015,15,New England Patriots,33,16,Tennessee Titans,NE,-14.5,48
12/20/2015,2015,15,New York Giants,35,38,Carolina Panthers,CAR,-5,46.5
12/20/2015,2015,15,Oakland Raiders,20,30,Green Bay Packers,GB,-4,47
12/20/2015,2015,15,Philadelphia Eagles,17,40,Arizona Cardinals,ARI,-4,51.5
12/20/2015,2015,15,Pittsburgh Steelers,34,27,Denver Broncos,PIT,-7.5,45.5
12/20/2015,2015,15,San Diego Chargers,30,14,Miami Dolphins,LAC,-1,47
12/20/2015,2015,15,San Francisco 49ers,14,24,Cincinnati Bengals,CIN,-6.5,41
12/20/2015,2015,15,Seattle Seahawks,30,13,Cleveland Browns,SEA,-14.5,45.5
12/20/2015,2015,15,Washington Redskins,35,25,Buffalo Bills,BUF,-2,46
12/21/2015,2015,15,New Orleans Saints,27,35,Detroit Lions,NO,-2.5,52
12/24/2015,2015,16,Oakland Raiders,23,20,San Diego Chargers,LVR,-4,45.5
12/26/2015,2015,16,Philadelphia Eagles,24,38,Washington Redskins,PHI,-3.5,48.5
12/27/2015,2015,16,Arizona Cardinals,38,8,Green Bay Packers,ARI,-6,50.5
12/27/2015,2015,16,Atlanta Falcons,20,13,Carolina Panthers,CAR,-7,46
12/27/2015,2015,16,Baltimore Ravens,20,17,Pittsburgh Steelers,PIT,-11.5,47.5
12/27/2015,2015,16,Buffalo Bills,16,6,Dallas Cowboys,BUF,-6.5,42
12/27/2015,2015,16,Detroit Lions,32,17,San Francisco 49ers,DET,-9,42.5
12/27/2015,2015,16,Kansas City Chiefs,17,13,Cleveland Browns,KC,-11.5,42.5
12/27/2015,2015,16,Miami Dolphins,12,18,Indianapolis Colts,MIA,-2.5,44
12/27/2015,2015,16,Minnesota Vikings,49,17,New York Giants,MIN,-7,44.5
12/27/2015,2015,16,New Orleans Saints,38,27,Jacksonville Jaguars,NO,-2.5,53.5
12/27/2015,2015,16,New York Jets,26,20,New England Patriots,NE,-2.5,45.5
12/27/2015,2015,16,Seattle Seahawks,17,23,St. Louis Rams,SEA,-11,42
12/27/2015,2015,16,Tampa Bay Buccaneers,21,26,Chicago Bears,TB,-3,44
12/27/2015,2015,16,Tennessee Titans,6,34,Houston Texans,HOU,-3.5,39
12/28/2015,2015,16,Denver Broncos,20,17,Cincinnati Bengals,DEN,-4,39
1/3/2016,2015,17,Arizona Cardinals,6,36,Seattle Seahawks,ARI,-6,47
1/3/2016,2015,17,Atlanta Falcons,17,20,New Orleans Saints,ATL,-6,53.5
1/3/2016,2015,17,Buffalo Bills,22,17,New York Jets,NYJ,-3,41
1/3/2016,2015,17,Carolina Panthers,38,10,Tampa Bay Buccaneers,CAR,-10,45
1/3/2016,2015,17,Chicago Bears,20,24,Detroit Lions,DET,-2.5,45
1/3/2016,2015,17,Cincinnati Bengals,24,16,Baltimore Ravens,CIN,-9.5,41
1/3/2016,2015,17,Cleveland Browns,12,28,Pittsburgh Steelers,PIT,-13,47
1/3/2016,2015,17,Dallas Cowboys,23,34,Washington Redskins,DAL,-3,41
1/3/2016,2015,17,Denver Broncos,27,20,San Diego Chargers,DEN,-10,42
1/3/2016,2015,17,Green Bay Packers,13,20,Minnesota Vikings,GB,-3,44
1/3/2016,2015,17,Houston Texans,30,6,Jacksonville Jaguars,HOU,-6,45
1/3/2016,2015,17,Indianapolis Colts,30,24,Tennessee Titans,IND,-4,39
1/3/2016,2015,17,Kansas City Chiefs,23,17,Oakland Raiders,KC,-6.5,43.5
1/3/2016,2015,17,Miami Dolphins,20,10,New England Patriots,NE,-10,46.5
1/3/2016,2015,17,New York Giants,30,35,Philadelphia Eagles,NYG,-3.5,51
1/3/2016,2015,17,San Francisco 49ers,19,16,St. Louis Rams,LAR,-3,38.5
1/9/2016,2015,Wildcard,Cincinnati Bengals,16,18,Pittsburgh Steelers,PIT,-3,45
1/9/2016,2015,Wildcard,Houston Texans,0,30,Kansas City Chiefs,KC,-3,40
1/10/2016,2015,Wildcard,Minnesota Vikings,9,10,Seattle Seahawks,SEA,-4.5,40
1/10/2016,2015,Wildcard,Washington Redskins,18,35,Green Bay Packers,WAS,-1,46
1/16/2016,2015,Division,Arizona Cardinals,26,20,Green Bay Packers,ARI,-7,49
1/16/2016,2015,Division,New England Patriots,27,20,Kansas City Chiefs,NE,-4.5,43
1/17/2016,2015,Division,Carolina Panthers,31,24,Seattle Seahawks,CAR,-2.5,44
1/17/2016,2015,Division,Denver Broncos,23,16,Pittsburgh Steelers,DEN,-7.5,41
1/24/2016,2015,Conference,Carolina Panthers,49,15,Arizona Cardinals,CAR,-3,47.5
1/24/2016,2015,Conference,Denver Broncos,20,18,New England Patriots,NE,-3,44.5
2/7/2016,2015,Superbowl,Denver Broncos,24,10,Carolina Panthers,CAR,-4.5,43
9/8/2016,2016,1,Denver Broncos,21,20,Carolina Panthers,CAR,-3,40.5
9/11/2016,2016,1,Arizona Cardinals,21,23,New England Patriots,ARI,-8.5,44
9/11/2016,2016,1,Atlanta Falcons,24,31,Tampa Bay Buccaneers,ATL,-2.5,47
9/11/2016,2016,1,Baltimore Ravens,13,7,Buffalo Bills,BAL,-3,44.5
9/11/2016,2016,1,Dallas Cowboys,19,20,New York Giants,NYG,-1,47.5
9/11/2016,2016,1,Houston Texans,23,14,Chicago Bears,HOU,-5.5,42.5
9/11/2016,2016,1,Indianapolis Colts,35,39,Detroit Lions,IND,-2.5,51.5
9/11/2016,2016,1,Jacksonville Jaguars,23,27,Green Bay Packers,GB,-3.5,47.5
9/11/2016,2016,1,Kansas City Chiefs,33,27,San Diego Chargers,KC,-6.5,46
9/11/2016,2016,1,New Orleans Saints,34,35,Oakland Raiders,NO,-3,50.5
9/11/2016,2016,1,New York Jets,22,23,Cincinnati Bengals,CIN,-1,42
9/11/2016,2016,1,Philadelphia Eagles,29,10,Cleveland Browns,PHI,-3.5,41
9/11/2016,2016,1,Seattle Seahawks,12,10,Miami Dolphins,SEA,-10.5,44
9/11/2016,2016,1,Tennessee Titans,16,25,Minnesota Vikings,MIN,-2.5,40
9/12/2016,2016,1,San Francisco 49ers,28,0,Los Angeles Rams,LAR,-2.5,43.5
9/12/2016,2016,1,Washington Redskins,16,38,Pittsburgh Steelers,PIT,-2.5,49
9/15/2016,2016,2,Buffalo Bills,31,37,New York Jets,PICK,0,40.5
9/18/2016,2016,2,Arizona Cardinals,40,7,Tampa Bay Buccaneers,ARI,-7,49.5
9/18/2016,2016,2,Carolina Panthers,46,27,San Francisco 49ers,CAR,-12.5,44
9/18/2016,2016,2,Cleveland Browns,20,25,Baltimore Ravens,BAL,-4.5,42
9/18/2016,2016,2,Denver Broncos,34,20,Indianapolis Colts,DEN,-6,47
9/18/2016,2016,2,Detroit Lions,15,16,Tennessee Titans,DET,-6,48
9/18/2016,2016,2,Houston Texans,19,12,Kansas City Chiefs,HOU,-1,42
9/18/2016,2016,2,Los Angeles Rams,9,3,Seattle Seahawks,SEA,-5.5,38
9/18/2016,2016,2,Minnesota Vikings,17,14,Green Bay Packers,GB,-2,43
9/18/2016,2016,2,New England Patriots,31,24,Miami Dolphins,NE,-5.5,42
9/18/2016,2016,2,New York Giants,16,13,New Orleans Saints,NYG,-4,54.5
9/18/2016,2016,2,Oakland Raiders,28,35,Atlanta Falcons,LVR,-4,48
9/18/2016,2016,2,Pittsburgh Steelers,24,16,Cincinnati Bengals,PIT,-3,48
9/18/2016,2016,2,San Diego Chargers,38,14,Jacksonville Jaguars,LAC,-3,47.5
9/18/2016,2016,2,Washington Redskins,23,27,Dallas Cowboys,WAS,-3,47
9/19/2016,2016,2,Chicago Bears,14,29,Philadelphia Eagles,CHI,-3,43
9/22/2016,2016,3,New England Patriots,27,0,Houston Texans,NE,-1,38.5
9/25/2016,2016,3,Buffalo Bills,33,18,Arizona Cardinals,ARI,-5,48
9/25/2016,2016,3,Carolina Panthers,10,22,Minnesota Vikings,CAR,-6.5,42.5
9/25/2016,2016,3,Cincinnati Bengals,17,29,Denver Broncos,CIN,-3.5,41.5
9/25/2016,2016,3,Dallas Cowboys,31,17,Chicago Bears,DAL,-6.5,45
9/25/2016,2016,3,Green Bay Packers,34,27,Detroit Lions,GB,-6.5,47.5
9/25/2016,2016,3,Indianapolis Colts,26,22,San Diego Chargers,IND,-1.5,51.5
9/25/2016,2016,3,Jacksonville Jaguars,17,19,Baltimore Ravens,BAL,-2,45
9/25/2016,2016,3,Kansas City Chiefs,24,3,New York Jets,KC,-3,44.5
9/25/2016,2016,3,Miami Dolphins,30,24,Cleveland Browns,MIA,-10,42.5
9/25/2016,2016,3,New York Giants,27,29,Washington Redskins,NYG,-3.5,47
9/25/2016,2016,3,Philadelphia Eagles,34,3,Pittsburgh Steelers,PIT,-4,46.5
9/25/2016,2016,3,Seattle Seahawks,37,18,San Francisco 49ers,SEA,-10.5,41.5
9/25/2016,2016,3,Tampa Bay Buccaneers,32,37,Los Angeles Rams,TB,-3.5,40.5
9/25/2016,2016,3,Tennessee Titans,10,17,Oakland Raiders,LVR,-1.5,47
9/26/2016,2016,3,New Orleans Saints,32,45,Atlanta Falcons,NO,-3,54.5
9/29/2016,2016,4,Cincinnati Bengals,22,7,Miami Dolphins,CIN,-7.5,46.5
10/2/2016,2016,4,Arizona Cardinals,13,17,Los Angeles Rams,ARI,-10,43.5
10/2/2016,2016,4,Atlanta Falcons,48,33,Carolina Panthers,CAR,-3,48.5
10/2/2016,2016,4,Baltimore Ravens,27,28,Oakland Raiders,BAL,-3.5,45
10/2/2016,2016,4,Chicago Bears,17,14,Detroit Lions,DET,-3,48
10/2/2016,2016,4,Houston Texans,27,20,Tennessee Titans,HOU,-3.5,40
10/2/2016,2016,4,Jacksonville Jaguars,30,27,Indianapolis Colts,IND,-1,48.5
10/2/2016,2016,4,New England Patriots,0,16,Buffalo Bills,NE,-3.5,41
10/2/2016,2016,4,New York Jets,17,27,Seattle Seahawks,SEA,-1,40
10/2/2016,2016,4,Pittsburgh Steelers,43,14,Kansas City Chiefs,PIT,-3.5,48.5
10/2/2016,2016,4,San Diego Chargers,34,35,New Orleans Saints,LAC,-3.5,54
10/2/2016,2016,4,San Francisco 49ers,17,24,Dallas Cowboys,DAL,-1,44
10/2/2016,2016,4,Tampa Bay Buccaneers,7,27,Denver Broncos,DEN,-3,42.5
10/2/2016,2016,4,Washington Redskins,31,20,Cleveland Browns,WAS,-7.5,47.5
10/3/2016,2016,4,Minnesota Vikings,24,10,New York Giants,MIN,-3.5,42.5
10/6/2016,2016,5,San Francisco 49ers,21,33,Arizona Cardinals,ARI,-3.5,42.5
10/9/2016,2016,5,Baltimore Ravens,10,16,Washington Redskins,BAL,-4,44.5
10/9/2016,2016,5,Cleveland Browns,13,33,New England Patriots,NE,-10,47.5
10/9/2016,2016,5,Dallas Cowboys,28,14,Cincinnati Bengals,CIN,-2.5,46
10/9/2016,2016,5,Denver Broncos,16,23,Atlanta Falcons,DEN,-3.5,44.5
10/9/2016,2016,5,Detroit Lions,24,23,Philadelphia Eagles,PHI,-3.5,46
10/9/2016,2016,5,Green Bay Packers,23,16,New York Giants,GB,-7,49
10/9/2016,2016,5,Indianapolis Colts,29,23,Chicago Bears,IND,-4,47.5
10/9/2016,2016,5,Los Angeles Rams,19,30,Buffalo Bills,BUF,-2.5,41.5
10/9/2016,2016,5,Miami Dolphins,17,30,Tennessee Titans,MIA,-2.5,44.5
10/9/2016,2016,5,Minnesota Vikings,31,13,Houston Texans,MIN,-6,39
10/9/2016,2016,5,Oakland Raiders,34,31,San Diego Chargers,LVR,-3.5,50.5
10/9/2016,2016,5,Pittsburgh Steelers,31,13,New York Jets,PIT,-10,50
10/10/2016,2016,5,Carolina Panthers,14,17,Tampa Bay Buccaneers,CAR,-6,46.5
10/13/2016,2016,6,San Diego Chargers,21,13,Denver Broncos,DEN,-3,44
10/16/2016,2016,6,Buffalo Bills,45,16,San Francisco 49ers,BUF,-7.5,44
10/16/2016,2016,6,Chicago Bears,16,17,Jacksonville Jaguars,CHI,-2.5,46
10/16/2016,2016,6,Detroit Lions,31,28,Los Angeles Rams,DET,-2.5,44
10/16/2016,2016,6,Green Bay Packers,16,30,Dallas Cowboys,GB,-5,47
10/16/2016,2016,6,Houston Texans,26,23,Indianapolis Colts,HOU,-3,47.5
10/16/2016,2016,6,Miami Dolphins,30,15,Pittsburgh Steelers,PIT,-7.5,49.5
10/16/2016,2016,6,New England Patriots,35,17,Cincinnati Bengals,NE,-7.5,48
10/16/2016,2016,6,New Orleans Saints,41,38,Carolina Panthers,CAR,-2.5,53.5
10/16/2016,2016,6,New York Giants,27,23,Baltimore Ravens,NYG,-3.5,42.5
10/16/2016,2016,6,Oakland Raiders,10,26,Kansas City Chiefs,KC,-1,46.5
10/16/2016,2016,6,Seattle Seahawks,26,24,Atlanta Falcons,SEA,-7,45.5
10/16/2016,2016,6,Tennessee Titans,28,26,Cleveland Browns,TEN,-7.5,44.5
10/16/2016,2016,6,Washington Redskins,27,20,Philadelphia Eagles,PHI,-3,45
10/17/2016,2016,6,Arizona Cardinals,28,3,New York Jets,ARI,-7,45.5
10/20/2016,2016,7,Green Bay Packers,26,10,Chicago Bears,GB,-7.5,46.5
10/23/2016,2016,7,Arizona Cardinals,6,6,Seattle Seahawks,ARI,-2.5,43
10/23/2016,2016,7,Atlanta Falcons,30,33,San Diego Chargers,ATL,-4.5,52.5
10/23/2016,2016,7,Cincinnati Bengals,31,17,Cleveland Browns,CIN,-11,46.5
10/23/2016,2016,7,Detroit Lions,20,17,Washington Redskins,WAS,-1,50
10/23/2016,2016,7,Jacksonville Jaguars,16,33,Oakland Raiders,JAX,-2,47.5
10/23/2016,2016,7,Kansas City Chiefs,27,21,New Orleans Saints,KC,-7,51.5
10/23/2016,2016,7,Los Angeles Rams,10,17,New York Giants,NYG,-2.5,44.5
10/23/2016,2016,7,Miami Dolphins,28,25,Buffalo Bills,BUF,-2.5,46
10/23/2016,2016,7,New York Jets,24,16,Baltimore Ravens,NYJ,-2.5,40
10/23/2016,2016,7,Philadelphia Eagles,21,10,Minnesota Vikings,MIN,-3,39
10/23/2016,2016,7,Pittsburgh Steelers,16,27,New England Patriots,NE,-7.5,49
10/23/2016,2016,7,San Francisco 49ers,17,34,Tampa Bay Buccaneers,SF,-1,45
10/23/2016,2016,7,Tennessee Titans,26,34,Indianapolis Colts,TEN,-4,48
10/24/2016,2016,7,Denver Broncos,27,9,Houston Texans,DEN,-8.5,40
10/27/2016,2016,8,Tennessee Titans,36,22,Jacksonville Jaguars,TEN,-3,43.5
10/30/2016,2016,8,Atlanta Falcons,33,32,Green Bay Packers,ATL,-3,51
10/30/2016,2016,8,Buffalo Bills,25,41,New England Patriots,NE,-5.5,48
10/30/2016,2016,8,Carolina Panthers,30,20,Arizona Cardinals,CAR,-2.5,45.5
10/30/2016,2016,8,Cincinnati Bengals,27,27,Washington Redskins,CIN,-3,49
10/30/2016,2016,8,Cleveland Browns,28,31,New York Jets,NYJ,-2.5,45.5
10/30/2016,2016,8,Dallas Cowboys,29,23,Philadelphia Eagles,DAL,-5,44
10/30/2016,2016,8,Denver Broncos,27,19,San Diego Chargers,DEN,-3.5,43
10/30/2016,2016,8,Houston Texans,20,13,Detroit Lions,HOU,-1,46.5
10/30/2016,2016,8,Indianapolis Colts,14,30,Kansas City Chiefs,KC,-3,50.5
10/30/2016,2016,8,New Orleans Saints,25,20,Seattle Seahawks,SEA,-1,50
10/30/2016,2016,8,Tampa Bay Buccaneers,24,30,Oakland Raiders,TB,-1,48
10/31/2016,2016,8,Chicago Bears,20,10,Minnesota Vikings,MIN,-4.5,39.5
11/3/2016,2016,9,Tampa Bay Buccaneers,28,43,Atlanta Falcons,ATL,-4.5,49
11/6/2016,2016,9,Baltimore Ravens,21,14,Pittsburgh Steelers,PIT,-3.5,46
11/6/2016,2016,9,Cleveland Browns,10,35,Dallas Cowboys,DAL,-7,49
11/6/2016,2016,9,Green Bay Packers,26,31,Indianapolis Colts,GB,-7.5,52
11/6/2016,2016,9,Kansas City Chiefs,19,14,Jacksonville Jaguars,KC,-7,42.5
11/6/2016,2016,9,Los Angeles Rams,10,13,Carolina Panthers,CAR,-3,44.5
11/6/2016,2016,9,Miami Dolphins,27,23,New York Jets,MIA,-3.5,45
11/6/2016,2016,9,Minnesota Vikings,16,22,Detroit Lions,MIN,-4.5,42.5
11/6/2016,2016,9,New York Giants,28,23,Philadelphia Eagles,NYG,-3,42.5
11/6/2016,2016,9,Oakland Raiders,30,20,Denver Broncos,LVR,-1,44.5
11/6/2016,2016,9,San Diego Chargers,43,35,Tennessee Titans,LAC,-3.5,47.5
11/6/2016,2016,9,San Francisco 49ers,23,41,New Orleans Saints,NO,-5,53
11/7/2016,2016,9,Seattle Seahawks,31,25,Buffalo Bills,SEA,-5.5,43.5
11/10/2016,2016,10,Baltimore Ravens,28,7,Cleveland Browns,BAL,-7.5,44
11/13/2016,2016,10,Arizona Cardinals,23,20,San Francisco 49ers,ARI,-14,47
11/13/2016,2016,10,Carolina Panthers,17,20,Kansas City Chiefs,CAR,-3,44
11/13/2016,2016,10,Jacksonville Jaguars,21,24,Houston Texans,JAX,-3,42
11/13/2016,2016,10,New England Patriots,24,31,Seattle Seahawks,NE,-7.5,49.5
11/13/2016,2016,10,New Orleans Saints,23,25,Denver Broncos,NO,-3,50
11/13/2016,2016,10,New York Jets,6,9,Los Angeles Rams,LAR,-1,38.5
11/13/2016,2016,10,Philadelphia Eagles,24,15,Atlanta Falcons,PHI,-1.5,49
11/13/2016,2016,10,Pittsburgh Steelers,30,35,Dallas Cowboys,PIT,-3,51
11/13/2016,2016,10,San Diego Chargers,24,31,Miami Dolphins,LAC,-4.5,49
11/13/2016,2016,10,Tampa Bay Buccaneers,36,10,Chicago Bears,CHI,-2.5,45
11/13/2016,2016,10,Tennessee Titans,47,25,Green Bay Packers,GB,-3,49
11/13/2016,2016,10,Washington Redskins,26,20,Minnesota Vikings,WAS,-2.5,41.5
11/14/2016,2016,10,New York Giants,21,20,Cincinnati Bengals,PICK,0,49.5
11/17/2016,2016,11,Carolina Panthers,23,20,New Orleans Saints,CAR,-3.5,53.5
11/20/2016,2016,11,Cincinnati Bengals,12,16,Buffalo Bills,CIN,-2.5,48
11/20/2016,2016,11,Cleveland Browns,9,24,Pittsburgh Steelers,PIT,-8.5,45.5
11/20/2016,2016,11,Dallas Cowboys,27,17,Baltimore Ravens,DAL,-7,44.5
11/20/2016,2016,11,Detroit Lions,26,19,Jacksonville Jaguars,DET,-5.5,47
11/20/2016,2016,11,Indianapolis Colts,24,17,Tennessee Titans,IND,-3,54
11/20/2016,2016,11,Kansas City Chiefs,17,19,Tampa Bay Buccaneers,KC,-7,45
11/20/2016,2016,11,Los Angeles Rams,10,14,Miami Dolphins,MIA,-1,38.5
11/20/2016,2016,11,Minnesota Vikings,30,24,Arizona Cardinals,MIN,-2,40
11/20/2016,2016,11,New York Giants,22,16,Chicago Bears,NYG,-7,41.5
11/20/2016,2016,11,San Francisco 49ers,17,30,New England Patriots,NE,-11.5,51.5
11/20/2016,2016,11,Seattle Seahawks,26,15,Philadelphia Eagles,SEA,-6.5,43
11/20/2016,2016,11,Washington Redskins,42,24,Green Bay Packers,WAS,-3,48.5
11/21/2016,2016,11,Oakland Raiders,27,20,Houston Texans,LVR,-6.5,46
11/24/2016,2016,12,Dallas Cowboys,31,26,Washington Redskins,DAL,-6,53.5
11/24/2016,2016,12,Detroit Lions,16,13,Minnesota Vikings,DET,-1.5,42
11/24/2016,2016,12,Indianapolis Colts,7,28,Pittsburgh Steelers,PIT,-8.5,49.5
11/27/2016,2016,12,Atlanta Falcons,38,19,Arizona Cardinals,ATL,-4,49
11/27/2016,2016,12,Baltimore Ravens,19,14,Cincinnati Bengals,BAL,-3.5,42
11/27/2016,2016,12,Buffalo Bills,28,21,Jacksonville Jaguars,BUF,-8.5,44
11/27/2016,2016,12,Chicago Bears,21,27,Tennessee Titans,TEN,-6.5,42
11/27/2016,2016,12,Cleveland Browns,13,27,New York Giants,NYG,-6.5,46.5
11/27/2016,2016,12,Denver Broncos,27,30,Kansas City Chiefs,DEN,-3.5,40
11/27/2016,2016,12,Houston Texans,13,21,San Diego Chargers,LAC,-2.5,46
11/27/2016,2016,12,Miami Dolphins,31,24,San Francisco 49ers,MIA,-7,45
11/27/2016,2016,12,New Orleans Saints,49,21,Los Angeles Rams,NO,-8,45
11/27/2016,2016,12,New York Jets,17,22,New England Patriots,NE,-9.5,48.5
11/27/2016,2016,12,Oakland Raiders,35,32,Carolina Panthers,LVR,-3.5,48.5
11/27/2016,2016,12,Tampa Bay Buccaneers,14,5,Seattle Seahawks,SEA,-5.5,46
11/28/2016,2016,12,Philadelphia Eagles,13,27,Green Bay Packers,PHI,-4,47.5
12/1/2016,2016,13,Minnesota Vikings,15,17,Dallas Cowboys,DAL,-3,43.5
12/4/2016,2016,13,Arizona Cardinals,31,23,Washington Redskins,ARI,-2.5,48.5
12/4/2016,2016,13,Atlanta Falcons,28,29,Kansas City Chiefs,ATL,-5,50
12/4/2016,2016,13,Baltimore Ravens,38,6,Miami Dolphins,BAL,-3.5,41.5
12/4/2016,2016,13,Chicago Bears,26,6,San Francisco 49ers,SF,-1,44
12/4/2016,2016,13,Cincinnati Bengals,32,14,Philadelphia Eagles,CIN,-1.5,42
12/4/2016,2016,13,Green Bay Packers,21,13,Houston Texans,GB,-7,44.5
12/4/2016,2016,13,Jacksonville Jaguars,10,20,Denver Broncos,DEN,-3.5,38.5
12/4/2016,2016,13,New England Patriots,26,10,Los Angeles Rams,NE,-13.5,45
12/4/2016,2016,13,New Orleans Saints,13,28,Detroit Lions,NO,-6.5,53.5
12/4/2016,2016,13,Oakland Raiders,38,24,Buffalo Bills,LVR,-3,48.5
12/4/2016,2016,13,Pittsburgh Steelers,24,14,New York Giants,PIT,-6.5,49.5
12/4/2016,2016,13,San Diego Chargers,21,28,Tampa Bay Buccaneers,LAC,-3.5,49
12/4/2016,2016,13,Seattle Seahawks,40,7,Carolina Panthers,SEA,-8.5,44
12/5/2016,2016,13,New York Jets,10,41,Indianapolis Colts,NYJ,-1,48.5
12/8/2016,2016,14,Kansas City Chiefs,21,13,Oakland Raiders,KC,-3.5,46
12/11/2016,2016,14,Buffalo Bills,20,27,Pittsburgh Steelers,PIT,-2,45.5
12/11/2016,2016,14,Carolina Panthers,28,16,San Diego Chargers,CAR,-1,48.5
12/11/2016,2016,14,Cleveland Browns,10,23,Cincinnati Bengals,CIN,-5,41.5
12/11/2016,2016,14,Detroit Lions,20,17,Chicago Bears,DET,-7.5,42
12/11/2016,2016,14,Green Bay Packers,38,10,Seattle Seahawks,SEA,-3,47
12/11/2016,2016,14,Indianapolis Colts,17,22,Houston Texans,IND,-6.5,47.5
12/11/2016,2016,14,Jacksonville Jaguars,16,25,Minnesota Vikings,MIN,-3.5,38
12/11/2016,2016,14,Los Angeles Rams,14,42,Atlanta Falcons,ATL,-5,44
12/11/2016,2016,14,Miami Dolphins,26,23,Arizona Cardinals,ARI,-2,44
12/11/2016,2016,14,New York Giants,10,7,Dallas Cowboys,DAL,-3.5,47
12/11/2016,2016,14,Philadelphia Eagles,22,27,Washington Redskins,WAS,-2.5,48.5
12/11/2016,2016,14,San Francisco 49ers,17,23,New York Jets,SF,-3,43
12/11/2016,2016,14,Tampa Bay Buccaneers,16,11,New Orleans Saints,TB,-2,52
12/11/2016,2016,14,Tennessee Titans,13,10,Denver Broncos,TEN,-2,44
12/12/2016,2016,14,New England Patriots,30,23,Baltimore Ravens,NE,-6,45
12/15/2016,2016,15,Seattle Seahawks,24,3,Los Angeles Rams,SEA,-15,39.5
12/17/2016,2016,15,New York Jets,13,34,Miami Dolphins,MIA,-2.5,40
12/18/2016,2016,15,Arizona Cardinals,41,48,New Orleans Saints,ARI,-3,48.5
12/18/2016,2016,15,Atlanta Falcons,41,13,San Francisco 49ers,ATL,-13.5,51.5
12/18/2016,2016,15,Baltimore Ravens,27,26,Philadelphia Eagles,BAL,-5,41
12/18/2016,2016,15,Buffalo Bills,33,13,Cleveland Browns,BUF,-10.5,43
12/18/2016,2016,15,Chicago Bears,27,30,Green Bay Packers,GB,-4.5,40
12/18/2016,2016,15,Cincinnati Bengals,20,24,Pittsburgh Steelers,PIT,-3,45.5
12/18/2016,2016,15,Dallas Cowboys,26,20,Tampa Bay Buccaneers,DAL,-7,47.5
12/18/2016,2016,15,Denver Broncos,3,16,New England Patriots,NE,-3,43
12/18/2016,2016,15,Houston Texans,21,20,Jacksonville Jaguars,HOU,-3.5,39.5
12/18/2016,2016,15,Kansas City Chiefs,17,19,Tennessee Titans,KC,-6,43
12/18/2016,2016,15,Minnesota Vikings,6,34,Indianapolis Colts,MIN,-5,44.5
12/18/2016,2016,15,New York Giants,17,6,Detroit Lions,NYG,-4,42.5
12/18/2016,2016,15,San Diego Chargers,16,19,Oakland Raiders,LVR,-2.5,49.5
12/19/2016,2016,15,Washington Redskins,15,26,Carolina Panthers,WAS,-7,50.5
12/22/2016,2016,16,Philadelphia Eagles,24,19,New York Giants,PHI,-1.5,42.5
12/24/2016,2016,16,Buffalo Bills,31,34,Miami Dolphins,BUF,-4.5,44.5
12/24/2016,2016,16,Carolina Panthers,16,33,Atlanta Falcons,ATL,-3,49
12/24/2016,2016,16,Chicago Bears,21,41,Washington Redskins,WAS,-3,49
12/24/2016,2016,16,Cleveland Browns,20,17,San Diego Chargers,LAC,-4.5,45
12/24/2016,2016,16,Green Bay Packers,38,25,Minnesota Vikings,GB,-6,44.5
12/24/2016,2016,16,Houston Texans,12,10,Cincinnati Bengals,HOU,-3,41.5
12/24/2016,2016,16,Jacksonville Jaguars,38,17,Tennessee Titans,TEN,-4,44
12/24/2016,2016,16,Los Angeles Rams,21,22,San Francisco 49ers,LAR,-6,39.5
12/24/2016,2016,16,New England Patriots,41,3,New York Jets,NE,-17,45
12/24/2016,2016,16,New Orleans Saints,31,24,Tampa Bay Buccaneers,NO,-3,53
12/24/2016,2016,16,Oakland Raiders,33,25,Indianapolis Colts,LVR,-3.5,52
12/24/2016,2016,16,Seattle Seahawks,31,34,Arizona Cardinals,SEA,-9,43.5
12/25/2016,2016,16,Kansas City Chiefs,33,10,Denver Broncos,KC,-3.5,38
12/25/2016,2016,16,Pittsburgh Steelers,31,27,Baltimore Ravens,PIT,-5.5,46.5
12/26/2016,2016,16,Dallas Cowboys,42,21,Detroit Lions,DAL,-6.5,46.5
1/1/2017,2016,17,Atlanta Falcons,38,32,New Orleans Saints,ATL,-7.5,58.5
1/1/2017,2016,17,Cincinnati Bengals,27,10,Baltimore Ravens,BAL,-2.5,40.5
1/1/2017,2016,17,Denver Broncos,24,6,Oakland Raiders,DEN,-1,40
1/1/2017,2016,17,Detroit Lions,24,31,Green Bay Packers,GB,-3.5,50
1/1/2017,2016,17,Indianapolis Colts,24,20,Jacksonville Jaguars,IND,-5.5,48.5
1/1/2017,2016,17,Los Angeles Rams,6,44,Arizona Cardinals,ARI,-7,39
1/1/2017,2016,17,Miami Dolphins,14,35,New England Patriots,NE,-7.5,47
1/1/2017,2016,17,Minnesota Vikings,38,10,Chicago Bears,MIN,-6,44
1/1/2017,2016,17,New York Jets,30,10,Buffalo Bills,BUF,-3.5,43
1/1/2017,2016,17,Philadelphia Eagles,27,13,Dallas Cowboys,PHI,-6.5,44
1/1/2017,2016,17,Pittsburgh Steelers,27,24,Cleveland Browns,PIT,-3,41.5
1/1/2017,2016,17,San Diego Chargers,27,37,Kansas City Chiefs,KC,-5.5,45
1/1/2017,2016,17,San Francisco 49ers,23,25,Seattle Seahawks,SEA,-11.5,45
1/1/2017,2016,17,Tampa Bay Buccaneers,17,16,Carolina Panthers,TB,-3,44.5
1/1/2017,2016,17,Tennessee Titans,24,17,Houston Texans,TEN,-3,41.5
1/1/2017,2016,17,Washington Redskins,10,19,New York Giants,WAS,-9,47.5
1/7/2017,2016,Wildcard,Houston Texans,27,14,Oakland Raiders,HOU,-4,38
1/7/2017,2016,Wildcard,Seattle Seahawks,26,6,Detroit Lions,SEA,-8,45.5
1/8/2017,2016,Wildcard,Green Bay Packers,38,13,New York Giants,GB,-5,46.5
1/8/2017,2016,Wildcard,Pittsburgh Steelers,30,12,Miami Dolphins,PIT,-11,47.5
1/14/2017,2016,Division,Atlanta Falcons,36,20,Seattle Seahawks,ATL,-6.5,51
1/14/2017,2016,Division,New England Patriots,34,16,Houston Texans,NE,-16,44
1/15/2017,2016,Division,Dallas Cowboys,31,34,Green Bay Packers,DAL,-5.5,52.5
1/15/2017,2016,Division,Kansas City Chiefs,16,18,Pittsburgh Steelers,KC,-2.5,45.5
1/22/2017,2016,Conference,Atlanta Falcons,44,21,Green Bay Packers,ATL,-6.5,59.5
1/22/2017,2016,Conference,New England Patriots,36,17,Pittsburgh Steelers,NE,-5.5,50
2/5/2017,2016,Superbowl,Atlanta Falcons,28,34,New England Patriots,NE,-3,57.5
9/7/2017,2017,1,New England Patriots,27,42,Kansas City Chiefs,NE,-9,48.5
9/10/2017,2017,1,Buffalo Bills,21,12,New York Jets,BUF,-9.5,40
9/10/2017,2017,1,Chicago Bears,17,23,Atlanta Falcons,ATL,-7,49.5
9/10/2017,2017,1,Cincinnati Bengals,0,20,Baltimore Ravens,CIN,-3,42.5
9/10/2017,2017,1,Cleveland Browns,18,21,Pittsburgh Steelers,PIT,-9,47
9/10/2017,2017,1,Dallas Cowboys,19,3,New York Giants,DAL,-3.5,47.5
9/10/2017,2017,1,Detroit Lions,35,23,Arizona Cardinals,ARI,-2,48
9/10/2017,2017,1,Green Bay Packers,17,9,Seattle Seahawks,GB,-3,50.5
9/10/2017,2017,1,Houston Texans,7,29,Jacksonville Jaguars,HOU,-5.5,39.5
9/10/2017,2017,1,Los Angeles Rams,46,9,Indianapolis Colts,IND,-1.5,41.5
9/10/2017,2017,1,San Francisco 49ers,3,23,Carolina Panthers,CAR,-5.5,48
9/10/2017,2017,1,Tennessee Titans,16,26,Oakland Raiders,TEN,-2,50.5
9/10/2017,2017,1,Washington Redskins,17,30,Philadelphia Eagles,PHI,-1,47.5
9/11/2017,2017,1,Denver Broncos,24,21,Los Angeles Chargers,DEN,-3.5,43.5
9/11/2017,2017,1,Minnesota Vikings,29,19,New Orleans Saints,MIN,-3.5,48
9/14/2017,2017,2,Cincinnati Bengals,9,13,Houston Texans,CIN,-6.5,38
9/17/2017,2017,2,Atlanta Falcons,34,23,Green Bay Packers,ATL,-2.5,41
9/17/2017,2017,2,Baltimore Ravens,24,10,Cleveland Browns,BAL,-7.5,40
9/17/2017,2017,2,Carolina Panthers,9,3,Buffalo Bills,CAR,-7,42.5
9/17/2017,2017,2,Denver Broncos,42,17,Dallas Cowboys,DAL,-2,42
9/17/2017,2017,2,Indianapolis Colts,13,16,Arizona Cardinals,ARI,-7.5,44.5
9/17/2017,2017,2,Jacksonville Jaguars,16,37,Tennessee Titans,TEN,-1.5,43.5
9/17/2017,2017,2,Kansas City Chiefs,27,20,Philadelphia Eagles,KC,-4.5,47.5
9/17/2017,2017,2,Los Angeles Chargers,17,19,Miami Dolphins,LAC,-4.5,45
9/17/2017,2017,2,Los Angeles Rams,20,27,Washington Redskins,LAR,-2.5,46
9/17/2017,2017,2,New Orleans Saints,20,36,New England Patriots,NE,-7,55
9/17/2017,2017,2,Oakland Raiders,45,20,New York Jets,LVR,-14,43.5
9/17/2017,2017,2,Pittsburgh Steelers,26,9,Minnesota Vikings,PIT,-6,45.5
9/17/2017,2017,2,Seattle Seahawks,12,9,San Francisco 49ers,SEA,-13.5,42.5
9/17/2017,2017,2,Tampa Bay Buccaneers,29,7,Chicago Bears,TB,-7,43
9/18/2017,2017,2,New York Giants,10,24,Detroit Lions,NYG,-3.5,43.5
9/21/2017,2017,3,San Francisco 49ers,39,41,Los Angeles Rams,LAR,-2,40.5
9/24/2017,2017,3,Buffalo Bills,26,16,Denver Broncos,DEN,-3,40
9/24/2017,2017,3,Carolina Panthers,13,34,New Orleans Saints,CAR,-5,46.5
9/24/2017,2017,3,Chicago Bears,23,17,Pittsburgh Steelers,PIT,-7,43.5
9/24/2017,2017,3,Detroit Lions,26,30,Atlanta Falcons,ATL,-3,51
9/24/2017,2017,3,Green Bay Packers,27,24,Cincinnati Bengals,GB,-9,47.5
9/24/2017,2017,3,Indianapolis Colts,31,28,Cleveland Browns,CLE,-1,42
9/24/2017,2017,3,Jacksonville Jaguars,44,7,Baltimore Ravens,BAL,-4,38
9/24/2017,2017,3,Los Angeles Chargers,10,24,Kansas City Chiefs,KC,-3,47.5
9/24/2017,2017,3,Minnesota Vikings,34,17,Tampa Bay Buccaneers,TB,-1.5,41
9/24/2017,2017,3,New England Patriots,36,33,Houston Texans,NE,-13,44.5
9/24/2017,2017,3,New York Jets,20,6,Miami Dolphins,MIA,-5.5,43
9/24/2017,2017,3,Philadelphia Eagles,27,24,New York Giants,PHI,-6,43
9/24/2017,2017,3,Tennessee Titans,33,27,Seattle Seahawks,TEN,-3,42
9/24/2017,2017,3,Washington Redskins,27,10,Oakland Raiders,LVR,-3,53.5
9/25/2017,2017,3,Arizona Cardinals,17,28,Dallas Cowboys,DAL,-3,46.5
9/28/2017,2017,4,Green Bay Packers,35,14,Chicago Bears,GB,-7.5,44.5
10/1/2017,2017,4,Arizona Cardinals,18,15,San Francisco 49ers,ARI,-6.5,44.5
10/1/2017,2017,4,Atlanta Falcons,17,23,Buffalo Bills,ATL,-8,48.5
10/1/2017,2017,4,Baltimore Ravens,9,26,Pittsburgh Steelers,PIT,-3,42
10/1/2017,2017,4,Cleveland Browns,7,31,Cincinnati Bengals,CIN,-3,41.5
10/1/2017,2017,4,Dallas Cowboys,30,35,Los Angeles Rams,DAL,-6,48.5
10/1/2017,2017,4,Denver Broncos,16,10,Oakland Raiders,DEN,-3,46
10/1/2017,2017,4,Houston Texans,57,14,Tennessee Titans,TEN,-2,43.5
10/1/2017,2017,4,Los Angeles Chargers,24,26,Philadelphia Eagles,LAC,-1,47.5
10/1/2017,2017,4,Miami Dolphins,0,20,New Orleans Saints,NO,-3,50.5
10/1/2017,2017,4,Minnesota Vikings,7,14,Detroit Lions,MIN,-2,42.5
10/1/2017,2017,4,New England Patriots,30,33,Carolina Panthers,NE,-9,49
10/1/2017,2017,4,New York Jets,23,20,Jacksonville Jaguars,JAX,-3,38
10/1/2017,2017,4,Seattle Seahawks,46,17,Indianapolis Colts,SEA,-13,41.5
10/1/2017,2017,4,Tampa Bay Buccaneers,25,23,New York Giants,TB,-3,44.5
10/2/2017,2017,4,Kansas City Chiefs,29,20,Washington Redskins,KC,-7,49.5
10/5/2017,2017,5,Tampa Bay Buccaneers,14,19,New England Patriots,NE,-5,55.5
10/8/2017,2017,5,Cincinnati Bengals,20,16,Buffalo Bills,CIN,-3,39
10/8/2017,2017,5,Cleveland Browns,14,17,New York Jets,NYJ,-1.5,41.5
10/8/2017,2017,5,Dallas Cowboys,31,35,Green Bay Packers,DAL,-2,52.5
10/8/2017,2017,5,Detroit Lions,24,27,Carolina Panthers,DET,-2.5,43.5
10/8/2017,2017,5,Houston Texans,34,42,Kansas City Chiefs,KC,-1,46.5
10/8/2017,2017,5,Indianapolis Colts,26,23,San Francisco 49ers,IND,-1.5,44
10/8/2017,2017,5,Los Angeles Rams,10,16,Seattle Seahawks,LAR,-1,47.5
10/8/2017,2017,5,Miami Dolphins,16,10,Tennessee Titans,TEN,-3,43.5
10/8/2017,2017,5,New York Giants,22,27,Los Angeles Chargers,NYG,-3.5,44.5
10/8/2017,2017,5,Oakland Raiders,17,30,Baltimore Ravens,LVR,-2.5,39
10/8/2017,2017,5,Philadelphia Eagles,34,7,Arizona Cardinals,PHI,-6.5,45
10/8/2017,2017,5,Pittsburgh Steelers,9,30,Jacksonville Jaguars,PIT,-8.5,43.5
10/9/2017,2017,5,Chicago Bears,17,20,Minnesota Vikings,MIN,-3,40
10/12/2017,2017,6,Carolina Panthers,23,28,Philadelphia Eagles,CAR,-3,45.5
10/15/2017,2017,6,Arizona Cardinals,38,33,Tampa Bay Buccaneers,TB,-1.5,46
10/15/2017,2017,6,Atlanta Falcons,17,20,Miami Dolphins,ATL,-13.5,45.5
10/15/2017,2017,6,Baltimore Ravens,24,27,Chicago Bears,BAL,-6.5,38.5
10/15/2017,2017,6,Denver Broncos,10,23,New York Giants,DEN,-12,39
10/15/2017,2017,6,Houston Texans,33,17,Cleveland Browns,HOU,-9.5,47
10/15/2017,2017,6,Jacksonville Jaguars,17,27,Los Angeles Rams,JAX,-2.5,42.5
10/15/2017,2017,6,Kansas City Chiefs,13,19,Pittsburgh Steelers,KC,-3.5,47
10/15/2017,2017,6,Minnesota Vikings,23,10,Green Bay Packers,GB,-3,44.5
10/15/2017,2017,6,New Orleans Saints,52,38,Detroit Lions,NO,-4,49.5
10/15/2017,2017,6,New York Jets,17,24,New England Patriots,NE,-9,48.5
10/15/2017,2017,6,Oakland Raiders,16,17,Los Angeles Chargers,LVR,-3,48.5
10/15/2017,2017,6,Washington Redskins,26,24,San Francisco 49ers,WAS,-12,46
10/16/2017,2017,6,Tennessee Titans,36,22,Indianapolis Colts,TEN,-7,46
10/19/2017,2017,7,Oakland Raiders,31,30,Kansas City Chiefs,KC,-3,46.5
10/22/2017,2017,7,Buffalo Bills,30,27,Tampa Bay Buccaneers,BUF,-3,45.5
10/22/2017,2017,7,Chicago Bears,17,3,Carolina Panthers,CAR,-3,40
10/22/2017,2017,7,Cleveland Browns,9,12,Tennessee Titans,TEN,-5.5,42.5
10/22/2017,2017,7,Green Bay Packers,17,26,New Orleans Saints,NO,-3.5,46
10/22/2017,2017,7,Indianapolis Colts,0,27,Jacksonville Jaguars,JAX,-3,41.5
10/22/2017,2017,7,Los Angeles Chargers,21,0,Denver Broncos,DEN,-1.5,41
10/22/2017,2017,7,Los Angeles Rams,33,0,Arizona Cardinals,LAR,-3,46
10/22/2017,2017,7,Miami Dolphins,31,28,New York Jets,MIA,-3,39.5
10/22/2017,2017,7,Minnesota Vikings,24,16,Baltimore Ravens,MIN,-4,38
10/22/2017,2017,7,New England Patriots,23,7,Atlanta Falcons,NE,-3,56.5
10/22/2017,2017,7,New York Giants,7,24,Seattle Seahawks,SEA,-3.5,39
10/22/2017,2017,7,Pittsburgh Steelers,29,14,Cincinnati Bengals,PIT,-4,40
10/22/2017,2017,7,San Francisco 49ers,10,40,Dallas Cowboys,DAL,-6.5,48.5
10/23/2017,2017,7,Philadelphia Eagles,34,24,Washington Redskins,PHI,-4.5,49
10/26/2017,2017,8,Baltimore Ravens,40,0,Miami Dolphins,BAL,-3,37.5
10/29/2017,2017,8,Buffalo Bills,34,14,Oakland Raiders,BUF,-2.5,45.5
10/29/2017,2017,8,Cincinnati Bengals,24,23,Indianapolis Colts,CIN,-11,41.5
10/29/2017,2017,8,Cleveland Browns,16,33,Minnesota Vikings,MIN,-9.5,38
10/29/2017,2017,8,Detroit Lions,15,20,Pittsburgh Steelers,PIT,-3,45.5
10/29/2017,2017,8,New England Patriots,21,13,Los Angeles Chargers,NE,-7,48.5
10/29/2017,2017,8,New Orleans Saints,20,12,Chicago Bears,NO,-9,47.5
10/29/2017,2017,8,New York Jets,20,25,Atlanta Falcons,ATL,-4.5,46
10/29/2017,2017,8,Philadelphia Eagles,33,10,San Francisco 49ers,PHI,-13,46
10/29/2017,2017,8,Seattle Seahawks,41,38,Houston Texans,SEA,-5.5,46
10/29/2017,2017,8,Tampa Bay Buccaneers,3,17,Carolina Panthers,TB,-2,46
10/29/2017,2017,8,Washington Redskins,19,33,Dallas Cowboys,DAL,-2,50
10/30/2017,2017,8,Kansas City Chiefs,29,19,Denver Broncos,KC,-7,43
11/2/2017,2017,9,New York Jets,34,21,Buffalo Bills,BUF,-3,43
11/5/2017,2017,9,Carolina Panthers,20,17,Atlanta Falcons,ATL,-3,42
11/5/2017,2017,9,Dallas Cowboys,28,17,Kansas City Chiefs,DAL,-2.5,53
11/5/2017,2017,9,Houston Texans,14,20,Indianapolis Colts,HOU,-6,45
11/5/2017,2017,9,Jacksonville Jaguars,23,7,Cincinnati Bengals,JAX,-6,38
11/5/2017,2017,9,Miami Dolphins,24,27,Oakland Raiders,LVR,-3,44.5
11/5/2017,2017,9,New Orleans Saints,30,10,Tampa Bay Buccaneers,NO,-7,54
11/5/2017,2017,9,New York Giants,17,51,Los Angeles Rams,LAR,-5.5,42.5
11/5/2017,2017,9,Philadelphia Eagles,51,23,Denver Broncos,PHI,-7,41
11/5/2017,2017,9,San Francisco 49ers,10,20,Arizona Cardinals,ARI,-2,39
11/5/2017,2017,9,Seattle Seahawks,14,17,Washington Redskins,SEA,-8,44.5
11/5/2017,2017,9,Tennessee Titans,23,20,Baltimore Ravens,TEN,-3,41
11/6/2017,2017,9,Green Bay Packers,17,30,Detroit Lions,DET,-2.5,42.5
11/9/2017,2017,10,Arizona Cardinals,16,22,Seattle Seahawks,SEA,-6,40
11/12/2017,2017,10,Atlanta Falcons,27,7,Dallas Cowboys,ATL,-3.5,49
11/12/2017,2017,10,Buffalo Bills,10,47,New Orleans Saints,NO,-2,48.5
11/12/2017,2017,10,Chicago Bears,16,23,Green Bay Packers,CHI,-4.5,37.5
11/12/2017,2017,10,Denver Broncos,16,41,New England Patriots,NE,-7,45
11/12/2017,2017,10,Detroit Lions,38,24,Cleveland Browns,DET,-10.5,42.5
11/12/2017,2017,10,Indianapolis Colts,17,20,Pittsburgh Steelers,PIT,-10.5,47
11/12/2017,2017,10,Jacksonville Jaguars,20,17,Los Angeles Chargers,JAX,-5,40.5
11/12/2017,2017,10,Los Angeles Rams,33,7,Houston Texans,LAR,-12,45
11/12/2017,2017,10,San Francisco 49ers,31,21,New York Giants,NYG,-3,41.5
11/12/2017,2017,10,Tampa Bay Buccaneers,15,10,New York Jets,TB,-1,44.5
11/12/2017,2017,10,Tennessee Titans,24,20,Cincinnati Bengals,TEN,-4.5,40.5
11/12/2017,2017,10,Washington Redskins,30,38,Minnesota Vikings,MIN,-1,43
11/13/2017,2017,10,Carolina Panthers,45,21,Miami Dolphins,CAR,-8,38.5
11/16/2017,2017,11,Pittsburgh Steelers,40,17,Tennessee Titans,PIT,-7,44.5
11/19/2017,2017,11,Chicago Bears,24,27,Detroit Lions,DET,-3,41
11/19/2017,2017,11,Cleveland Browns,7,19,Jacksonville Jaguars,JAX,-7.5,37.5
11/19/2017,2017,11,Dallas Cowboys,9,37,Philadelphia Eagles,PHI,-6,48
11/19/2017,2017,11,Denver Broncos,17,20,Cincinnati Bengals,DEN,-2.5,38
11/19/2017,2017,11,Green Bay Packers,0,23,Baltimore Ravens,BAL,-2,38
11/19/2017,2017,11,Houston Texans,31,21,Arizona Cardinals,HOU,-2,37.5
11/19/2017,2017,11,Los Angeles Chargers,54,24,Buffalo Bills,LAC,-6.5,41
11/19/2017,2017,11,Miami Dolphins,20,30,Tampa Bay Buccaneers,TB,-1,42
11/19/2017,2017,11,Minnesota Vikings,24,7,Los Angeles Rams,MIN,-2.5,45.5
11/19/2017,2017,11,New Orleans Saints,34,31,Washington Redskins,NO,-7.5,52.5
11/19/2017,2017,11,New York Giants,12,9,Kansas City Chiefs,KC,-10,45.5
11/19/2017,2017,11,Oakland Raiders,8,33,New England Patriots,NE,-7,54.5
11/20/2017,2017,11,Seattle Seahawks,31,34,Atlanta Falcons,SEA,-2,45.5
11/23/2017,2017,12,Dallas Cowboys,6,28,Los Angeles Chargers,LAC,-1,48
11/23/2017,2017,12,Detroit Lions,23,30,Minnesota Vikings,MIN,-3,44.5
11/23/2017,2017,12,Washington Redskins,20,10,New York Giants,WAS,-7.5,45
11/26/2017,2017,12,Arizona Cardinals,27,24,Jacksonville Jaguars,JAX,-5,38
11/26/2017,2017,12,Atlanta Falcons,34,20,Tampa Bay Buccaneers,ATL,-10,48.5
11/26/2017,2017,12,Cincinnati Bengals,30,16,Cleveland Browns,CIN,-8,38
11/26/2017,2017,12,Indianapolis Colts,16,20,Tennessee Titans,TEN,-3.5,44
11/26/2017,2017,12,Kansas City Chiefs,10,16,Buffalo Bills,KC,-10,46
11/26/2017,2017,12,Los Angeles Rams,26,20,New Orleans Saints,LAR,-2.5,53.5
11/26/2017,2017,12,New England Patriots,35,17,Miami Dolphins,NE,-16.5,47.5
11/26/2017,2017,12,New York Jets,27,35,Carolina Panthers,CAR,-5,40
11/26/2017,2017,12,Oakland Raiders,21,14,Denver Broncos,LVR,-5,43.5
11/26/2017,2017,12,Philadelphia Eagles,31,3,Chicago Bears,PHI,-13.5,44
11/26/2017,2017,12,Pittsburgh Steelers,31,28,Green Bay Packers,PIT,-14,41.5
11/26/2017,2017,12,San Francisco 49ers,13,24,Seattle Seahawks,SEA,-7,43
11/27/2017,2017,12,Baltimore Ravens,23,16,Houston Texans,BAL,-7,38
11/30/2017,2017,13,Dallas Cowboys,38,14,Washington Redskins,WAS,-2,47
12/3/2017,2017,13,Arizona Cardinals,16,32,Los Angeles Rams,LAR,-7,44.5
12/3/2017,2017,13,Atlanta Falcons,9,14,Minnesota Vikings,ATL,-3,47
12/3/2017,2017,13,Baltimore Ravens,44,20,Detroit Lions,BAL,-3,43.5
12/3/2017,2017,13,Buffalo Bills,3,23,New England Patriots,NE,-9,48
12/3/2017,2017,13,Chicago Bears,14,15,San Francisco 49ers,CHI,-3,41
12/3/2017,2017,13,Green Bay Packers,26,20,Tampa Bay Buccaneers,GB,-2,45
12/3/2017,2017,13,Jacksonville Jaguars,30,10,Indianapolis Colts,JAX,-9.5,41
12/3/2017,2017,13,Los Angeles Chargers,19,10,Cleveland Browns,LAC,-13.5,43.5
12/3/2017,2017,13,Miami Dolphins,35,9,Denver Broncos,DEN,-1.5,39.5
12/3/2017,2017,13,New Orleans Saints,31,21,Carolina Panthers,NO,-4.5,48
12/3/2017,2017,13,New York Jets,38,31,Kansas City Chiefs,KC,-3,43.5
12/3/2017,2017,13,Oakland Raiders,24,17,New York Giants,LVR,-9,41.5
12/3/2017,2017,13,Seattle Seahawks,24,10,Philadelphia Eagles,PHI,-5.5,47.5
12/3/2017,2017,13,Tennessee Titans,24,13,Houston Texans,TEN,-6.5,43
12/4/2017,2017,13,Cincinnati Bengals,20,23,Pittsburgh Steelers,PIT,-4.5,43.5
12/7/2017,2017,14,Atlanta Falcons,20,17,New Orleans Saints,ATL,-2.5,51.5
12/10/2017,2017,14,Arizona Cardinals,12,7,Tennessee Titans,TEN,-2.5,42
12/10/2017,2017,14,Buffalo Bills,13,7,Indianapolis Colts,BUF,-3.5,36.5
12/10/2017,2017,14,Carolina Panthers,31,24,Minnesota Vikings,MIN,-2.5,40.5
12/10/2017,2017,14,Cincinnati Bengals,7,33,Chicago Bears,CIN,-6,40.5
12/10/2017,2017,14,Cleveland Browns,21,27,Green Bay Packers,GB,-2.5,38.5
12/10/2017,2017,14,Denver Broncos,23,0,New York Jets,NYJ,-1,40.5
12/10/2017,2017,14,Houston Texans,16,26,San Francisco 49ers,HOU,-1,45.5
12/10/2017,2017,14,Jacksonville Jaguars,30,24,Seattle Seahawks,JAX,-3,40
12/10/2017,2017,14,Kansas City Chiefs,26,15,Oakland Raiders,KC,-4.5,48.5
12/10/2017,2017,14,Los Angeles Chargers,30,13,Washington Redskins,LAC,-6,46.5
12/10/2017,2017,14,Los Angeles Rams,35,43,Philadelphia Eagles,LAR,-1,47.5
12/10/2017,2017,14,New York Giants,10,30,Dallas Cowboys,DAL,-4,42
12/10/2017,2017,14,Pittsburgh Steelers,39,38,Baltimore Ravens,PIT,-6,43
12/10/2017,2017,14,Tampa Bay Buccaneers,21,24,Detroit Lions,PICK,0,47.5
12/11/2017,2017,14,Miami Dolphins,27,20,New England Patriots,NE,-10.5,48
12/14/2017,2017,15,Indianapolis Colts,13,25,Denver Broncos,DEN,-3,40.5
12/16/2017,2017,15,Detroit Lions,20,10,Chicago Bears,DET,-5,43.5
12/16/2017,2017,15,Kansas City Chiefs,30,13,Los Angeles Chargers,LAC,-1,47
12/17/2017,2017,15,Buffalo Bills,24,16,Miami Dolphins,BUF,-3.5,39.5
12/17/2017,2017,15,Carolina Panthers,31,24,Green Bay Packers,CAR,-3,46.5
12/17/2017,2017,15,Cleveland Browns,10,27,Baltimore Ravens,BAL,-6.5,42
12/17/2017,2017,15,Jacksonville Jaguars,45,7,Houston Texans,JAX,-10.5,39
12/17/2017,2017,15,Minnesota Vikings,34,7,Cincinnati Bengals,MIN,-12.5,42.5
12/17/2017,2017,15,New Orleans Saints,31,19,New York Jets,NO,-16.5,47
12/17/2017,2017,15,New York Giants,29,34,Philadelphia Eagles,PHI,-7.5,40
12/17/2017,2017,15,Oakland Raiders,17,20,Dallas Cowboys,DAL,-3,46
12/17/2017,2017,15,Pittsburgh Steelers,24,27,New England Patriots,NE,-2.5,52.5
12/17/2017,2017,15,San Francisco 49ers,25,23,Tennessee Titans,SF,-2.5,44.5
12/17/2017,2017,15,Seattle Seahawks,7,42,Los Angeles Rams,LAR,-1,47.5
12/17/2017,2017,15,Washington Redskins,20,15,Arizona Cardinals,WAS,-4,40
12/18/2017,2017,15,Tampa Bay Buccaneers,21,24,Atlanta Falcons,ATL,-7,49.5
12/23/2017,2017,16,Baltimore Ravens,23,16,Indianapolis Colts,BAL,-13.5,41
12/23/2017,2017,16,Green Bay Packers,0,16,Minnesota Vikings,MIN,-8.5,41
12/24/2017,2017,16,Arizona Cardinals,23,0,New York Giants,ARI,-3,39
12/24/2017,2017,16,Carolina Panthers,22,19,Tampa Bay Buccaneers,CAR,-10,46.5
12/24/2017,2017,16,Chicago Bears,20,3,Cleveland Browns,CHI,-5.5,37
12/24/2017,2017,16,Cincinnati Bengals,26,17,Detroit Lions,DET,-3.5,43.5
12/24/2017,2017,16,Dallas Cowboys,12,21,Seattle Seahawks,DAL,-4.5,47
12/24/2017,2017,16,Kansas City Chiefs,29,13,Miami Dolphins,KC,-11,43.5
12/24/2017,2017,16,New England Patriots,37,16,Buffalo Bills,NE,-11,47.5
12/24/2017,2017,16,New Orleans Saints,23,13,Atlanta Falcons,NO,-5.5,52
12/24/2017,2017,16,New York Jets,7,14,Los Angeles Chargers,LAC,-7.5,42.5
12/24/2017,2017,16,San Francisco 49ers,44,33,Jacksonville Jaguars,JAX,-4,43
12/24/2017,2017,16,Tennessee Titans,23,27,Los Angeles Rams,LAR,-5.5,46
12/24/2017,2017,16,Washington Redskins,27,11,Denver Broncos,WAS,-3,39.5
12/25/2017,2017,16,Houston Texans,6,34,Pittsburgh Steelers,PIT,-8,45.5
12/25/2017,2017,16,Philadelphia Eagles,19,10,Oakland Raiders,PHI,-10,46
12/31/2017,2017,17,Atlanta Falcons,22,10,Carolina Panthers,ATL,-5,44.5
12/31/2017,2017,17,Baltimore Ravens,27,31,Cincinnati Bengals,BAL,-8,40
12/31/2017,2017,17,Denver Broncos,24,27,Kansas City Chiefs,DEN,-3,37.5
12/31/2017,2017,17,Detroit Lions,35,11,Green Bay Packers,DET,-7.5,44.5
12/31/2017,2017,17,Indianapolis Colts,22,13,Houston Texans,IND,-5.5,41.5
12/31/2017,2017,17,Los Angeles Chargers,30,10,Oakland Raiders,LAC,-7,43
12/31/2017,2017,17,Los Angeles Rams,13,34,San Francisco 49ers,SF,-6,44.5
12/31/2017,2017,17,Miami Dolphins,16,22,Buffalo Bills,BUF,-2.5,41.5
12/31/2017,2017,17,Minnesota Vikings,23,10,Chicago Bears,MIN,-13.5,38.5
12/31/2017,2017,17,New England Patriots,26,6,New York Jets,NE,-17,43.5
12/31/2017,2017,17,New York Giants,18,10,Washington Redskins,WAS,-4.5,41
12/31/2017,2017,17,Philadelphia Eagles,0,6,Dallas Cowboys,DAL,-3.5,41
12/31/2017,2017,17,Pittsburgh Steelers,28,24,Cleveland Browns,PIT,-5,38.5
12/31/2017,2017,17,Seattle Seahawks,24,26,Arizona Cardinals,SEA,-8,38
12/31/2017,2017,17,Tampa Bay Buccaneers,31,24,New Orleans Saints,NO,-6,49
12/31/2017,2017,17,Tennessee Titans,15,10,Jacksonville Jaguars,TEN,-2.5,40
1/6/2018,2017,Wildcard,Kansas City Chiefs,21,22,Tennessee Titans,KC,-8.5,44
1/6/2018,2017,Wildcard,Los Angeles Rams,13,26,Atlanta Falcons,LAR,-6.5,48
1/7/2018,2017,Wildcard,Jacksonville Jaguars,10,3,Buffalo Bills,JAX,-8,39.5
1/7/2018,2017,Wildcard,New Orleans Saints,31,26,Carolina Panthers,NO,-6.5,47.5
1/13/2018,2017,Division,New England Patriots,35,14,Tennessee Titans,NE,-13.5,48.5
1/13/2018,2017,Division,Philadelphia Eagles,15,10,Atlanta Falcons,ATL,-2.5,40
1/14/2018,2017,Division,Minnesota Vikings,29,24,New Orleans Saints,MIN,-5.5,46.5
1/14/2018,2017,Division,Pittsburgh Steelers,42,45,Jacksonville Jaguars,PIT,-7,40.5
1/21/2018,2017,Conference,New England Patriots,24,20,Jacksonville Jaguars,NE,-7.5,46
1/21/2018,2017,Conference,Philadelphia Eagles,38,7,Minnesota Vikings,MIN,-3,39
2/4/2018,2017,Superbowl,New England Patriots,33,41,Philadelphia Eagles,NE,-4.5,48.5
9/6/2018,2018,1,Philadelphia Eagles,18,12,Atlanta Falcons,PHI,-1,44.5
9/9/2018,2018,1,Arizona Cardinals,6,24,Washington Redskins,ARI,-2,43.5
9/9/2018,2018,1,Baltimore Ravens,47,3,Buffalo Bills,BAL,-7.5,39
9/9/2018,2018,1,Carolina Panthers,16,8,Dallas Cowboys,CAR,-2.5,42.5
9/9/2018,2018,1,Cleveland Browns,21,21,Pittsburgh Steelers,PIT,-3.5,41
9/9/2018,2018,1,Denver Broncos,27,24,Seattle Seahawks,DEN,-3,42.5
9/9/2018,2018,1,Green Bay Packers,24,23,Chicago Bears,GB,-6.5,45
9/9/2018,2018,1,Indianapolis Colts,23,34,Cincinnati Bengals,CIN,-1,47.5
9/9/2018,2018,1,Los Angeles Chargers,28,38,Kansas City Chiefs,LAC,-3.5,48
9/9/2018,2018,1,Miami Dolphins,27,20,Tennessee Titans,TEN,-1,43.5
9/9/2018,2018,1,Minnesota Vikings,24,16,San Francisco 49ers,MIN,-6,46.5
9/9/2018,2018,1,New England Patriots,27,20,Houston Texans,NE,-6,49.5
9/9/2018,2018,1,New Orleans Saints,40,48,Tampa Bay Buccaneers,NO,-10,50
9/9/2018,2018,1,New York Giants,15,20,Jacksonville Jaguars,JAX,-2.5,43
9/10/2018,2018,1,Detroit Lions,17,48,New York Jets,DET,-7,44
9/10/2018,2018,1,Oakland Raiders,13,33,Los Angeles Rams,LAR,-6.5,47.5
9/13/2018,2018,2,Cincinnati Bengals,34,23,Baltimore Ravens,CIN,-1,43
9/16/2018,2018,2,Atlanta Falcons,31,24,Carolina Panthers,ATL,-5.5,44
9/16/2018,2018,2,Buffalo Bills,20,31,Los Angeles Chargers,LAC,-7.5,41.5
9/16/2018,2018,2,Dallas Cowboys,20,13,New York Giants,DAL,-3,42
9/16/2018,2018,2,Denver Broncos,20,19,Oakland Raiders,DEN,-5.5,44
9/16/2018,2018,2,Green Bay Packers,29,29,Minnesota Vikings,MIN,-2,45
9/16/2018,2018,2,Jacksonville Jaguars,31,20,New England Patriots,NE,-2,44.5
9/16/2018,2018,2,Los Angeles Rams,34,0,Arizona Cardinals,LAR,-13.5,43.5
9/16/2018,2018,2,New Orleans Saints,21,18,Cleveland Browns,NO,-10,51
9/16/2018,2018,2,New York Jets,12,20,Miami Dolphins,NYJ,-3,43
9/16/2018,2018,2,Pittsburgh Steelers,37,42,Kansas City Chiefs,PIT,-4.5,52
9/16/2018,2018,2,San Francisco 49ers,30,27,Detroit Lions,SF,-6,48.5
9/16/2018,2018,2,Tampa Bay Buccaneers,27,21,Philadelphia Eagles,PHI,-3,46.5
9/16/2018,2018,2,Tennessee Titans,20,17,Houston Texans,HOU,-3.5,41
9/16/2018,2018,2,Washington Redskins,9,21,Indianapolis Colts,WAS,-6,48
9/17/2018,2018,2,Chicago Bears,24,17,Seattle Seahawks,CHI,-4.5,42.5
9/20/2018,2018,3,Cleveland Browns,21,17,New York Jets,CLE,-3,41
9/23/2018,2018,3,Arizona Cardinals,14,16,Chicago Bears,CHI,-5.5,39
9/23/2018,2018,3,Atlanta Falcons,37,43,New Orleans Saints,ATL,-1.5,54
9/23/2018,2018,3,Baltimore Ravens,27,14,Denver Broncos,BAL,-5.5,46
9/23/2018,2018,3,Carolina Panthers,31,21,Cincinnati Bengals,CAR,-2.5,44
9/23/2018,2018,3,Detroit Lions,26,10,New England Patriots,NE,-7,55
9/23/2018,2018,3,Houston Texans,22,27,New York Giants,HOU,-6.5,44
9/23/2018,2018,3,Jacksonville Jaguars,6,9,Tennessee Titans,JAX,-10,39
9/23/2018,2018,3,Kansas City Chiefs,38,27,San Francisco 49ers,KC,-5.5,53
9/23/2018,2018,3,Los Angeles Rams,35,23,Los Angeles Chargers,LAR,-7.5,49
9/23/2018,2018,3,Miami Dolphins,28,20,Oakland Raiders,MIA,-3,46
9/23/2018,2018,3,Minnesota Vikings,6,27,Buffalo Bills,MIN,-16.5,41
9/23/2018,2018,3,Philadelphia Eagles,20,16,Indianapolis Colts,PHI,-6.5,45.5
9/23/2018,2018,3,Seattle Seahawks,24,13,Dallas Cowboys,SEA,-1,40
9/23/2018,2018,3,Washington Redskins,31,17,Green Bay Packers,GB,-2.5,45.5
9/24/2018,2018,3,Tampa Bay Buccaneers,27,30,Pittsburgh Steelers,PIT,-1,55
9/27/2018,2018,4,Los Angeles Rams,38,31,Minnesota Vikings,LAR,-7.5,48.5
9/30/2018,2018,4,Arizona Cardinals,17,20,Seattle Seahawks,SEA,-3.5,40
9/30/2018,2018,4,Atlanta Falcons,36,37,Cincinnati Bengals,ATL,-3.5,52.5
9/30/2018,2018,4,Chicago Bears,48,10,Tampa Bay Buccaneers,CHI,-3,46
9/30/2018,2018,4,Dallas Cowboys,26,24,Detroit Lions,DAL,-2.5,43.5
9/30/2018,2018,4,Green Bay Packers,22,0,Buffalo Bills,GB,-8.5,43.5
9/30/2018,2018,4,Indianapolis Colts,34,37,Houston Texans,IND,-1,48
9/30/2018,2018,4,Jacksonville Jaguars,31,12,New York Jets,JAX,-7.5,40.5
9/30/2018,2018,4,Los Angeles Chargers,29,27,San Francisco 49ers,LAC,-10.5,46
9/30/2018,2018,4,New England Patriots,38,7,Miami Dolphins,NE,-6.5,50.5
9/30/2018,2018,4,New York Giants,18,33,New Orleans Saints,NO,-3.5,51.5
9/30/2018,2018,4,Oakland Raiders,45,42,Cleveland Browns,LVR,-2.5,44.5
9/30/2018,2018,4,Pittsburgh Steelers,14,26,Baltimore Ravens,PIT,-3,51
9/30/2018,2018,4,Tennessee Titans,26,23,Philadelphia Eagles,PHI,-3,41.5
10/1/2018,2018,4,Denver Broncos,23,27,Kansas City Chiefs,KC,-3.5,53.5
10/4/2018,2018,5,New England Patriots,38,24,Indianapolis Colts,NE,-10.5,49.5
10/7/2018,2018,5,Buffalo Bills,13,12,Tennessee Titans,TEN,-6,38.5
10/7/2018,2018,5,Carolina Panthers,33,31,New York Giants,CAR,-7,43.5
10/7/2018,2018,5,Cincinnati Bengals,27,17,Miami Dolphins,CIN,-6.5,47.5
10/7/2018,2018,5,Cleveland Browns,12,9,Baltimore Ravens,BAL,-3,44.5
10/7/2018,2018,5,Detroit Lions,31,23,Green Bay Packers,GB,-1,50
10/7/2018,2018,5,Houston Texans,19,16,Dallas Cowboys,HOU,-3.5,45.5
10/7/2018,2018,5,Kansas City Chiefs,30,14,Jacksonville Jaguars,KC,-3,48
10/7/2018,2018,5,Los Angeles Chargers,26,10,Oakland Raiders,LAC,-5,52
10/7/2018,2018,5,New York Jets,34,16,Denver Broncos,NYJ,-1,43
10/7/2018,2018,5,Philadelphia Eagles,21,23,Minnesota Vikings,PHI,-3.5,48
10/7/2018,2018,5,Pittsburgh Steelers,41,17,Atlanta Falcons,PIT,-3.5,57
10/7/2018,2018,5,San Francisco 49ers,18,28,Arizona Cardinals,SF,-3,40.5
10/7/2018,2018,5,Seattle Seahawks,31,33,Los Angeles Rams,LAR,-7.5,50.5
10/8/2018,2018,5,New Orleans Saints,43,19,Washington Redskins,NO,-5.5,51.5
10/11/2018,2018,6,New York Giants,13,34,Philadelphia Eagles,PHI,-1.5,45
10/14/2018,2018,6,Atlanta Falcons,34,29,Tampa Bay Buccaneers,ATL,-3,57
10/14/2018,2018,6,Cincinnati Bengals,21,28,Pittsburgh Steelers,CIN,-1.5,49.5
10/14/2018,2018,6,Cleveland Browns,14,38,Los Angeles Chargers,CLE,-1,47
10/14/2018,2018,6,Dallas Cowboys,40,7,Jacksonville Jaguars,JAX,-3,39
10/14/2018,2018,6,Denver Broncos,20,23,Los Angeles Rams,LAR,-7,50
10/14/2018,2018,6,Houston Texans,20,13,Buffalo Bills,HOU,-10.5,40.5
10/14/2018,2018,6,Miami Dolphins,31,28,Chicago Bears,CHI,-7.5,40.5
10/14/2018,2018,6,Minnesota Vikings,27,17,Arizona Cardinals,MIN,-10,43.5
10/14/2018,2018,6,New England Patriots,43,40,Kansas City Chiefs,NE,-3.5,59.5
10/14/2018,2018,6,New York Jets,42,34,Indianapolis Colts,NYJ,-2.5,47.5
10/14/2018,2018,6,Oakland Raiders,3,27,Seattle Seahawks,SEA,-3,48
10/14/2018,2018,6,Tennessee Titans,0,21,Baltimore Ravens,BAL,-2.5,43.5
10/14/2018,2018,6,Washington Redskins,23,17,Carolina Panthers,CAR,-1,44.5
10/15/2018,2018,6,Green Bay Packers,33,30,San Francisco 49ers,GB,-9,46.5
10/18/2018,2018,7,Arizona Cardinals,10,45,Denver Broncos,DEN,-1,42.5
10/21/2018,2018,7,Baltimore Ravens,23,24,New Orleans Saints,BAL,-2.5,49
10/21/2018,2018,7,Chicago Bears,31,38,New England Patriots,NE,-1,48.5
10/21/2018,2018,7,Indianapolis Colts,37,5,Buffalo Bills,IND,-7,43.5
10/21/2018,2018,7,Jacksonville Jaguars,7,20,Houston Texans,JAX,-3.5,42.5
10/21/2018,2018,7,Kansas City Chiefs,45,10,Cincinnati Bengals,KC,-6.5,56
10/21/2018,2018,7,Los Angeles Chargers,20,19,Tennessee Titans,LAC,-6.5,46
10/21/2018,2018,7,Miami Dolphins,21,32,Detroit Lions,DET,-3,47
10/21/2018,2018,7,New York Jets,17,37,Minnesota Vikings,MIN,-3.5,45
10/21/2018,2018,7,Philadelphia Eagles,17,21,Carolina Panthers,PHI,-5,45
10/21/2018,2018,7,San Francisco 49ers,10,39,Los Angeles Rams,LAR,-8,52
10/21/2018,2018,7,Tampa Bay Buccaneers,26,23,Cleveland Browns,TB,-3.5,52.5
10/21/2018,2018,7,Washington Redskins,20,17,Dallas Cowboys,DAL,-1,40.5
10/22/2018,2018,7,Atlanta Falcons,23,20,New York Giants,ATL,-4,53
10/25/2018,2018,8,Houston Texans,42,23,Miami Dolphins,HOU,-7.5,45
10/28/2018,2018,8,Arizona Cardinals,18,15,San Francisco 49ers,ARI,-2.5,40
10/28/2018,2018,8,Carolina Panthers,36,21,Baltimore Ravens,BAL,-2.5,44
10/28/2018,2018,8,Chicago Bears,24,10,New York Jets,CHI,-8.5,42.5
10/28/2018,2018,8,Cincinnati Bengals,37,34,Tampa Bay Buccaneers,CIN,-3.5,55
10/28/2018,2018,8,Detroit Lions,14,28,Seattle Seahawks,DET,-3,48
10/28/2018,2018,8,Jacksonville Jaguars,18,24,Philadelphia Eagles,PHI,-3.5,44
10/28/2018,2018,8,Kansas City Chiefs,30,23,Denver Broncos,KC,-8.5,53
10/28/2018,2018,8,Los Angeles Rams,29,27,Green Bay Packers,LAR,-7.5,57
10/28/2018,2018,8,Minnesota Vikings,20,30,New Orleans Saints,MIN,-2.5,53.5
10/28/2018,2018,8,New York Giants,13,20,Washington Redskins,WAS,-1,44
10/28/2018,2018,8,Oakland Raiders,28,42,Indianapolis Colts,IND,-3.5,51
10/28/2018,2018,8,Pittsburgh Steelers,33,18,Cleveland Browns,PIT,-8.5,47.5
10/29/2018,2018,8,Buffalo Bills,6,25,New England Patriots,NE,-13.5,44.5
11/1/2018,2018,9,San Francisco 49ers,34,3,Oakland Raiders,LVR,-1.5,44
11/4/2018,2018,9,Baltimore Ravens,16,23,Pittsburgh Steelers,BAL,-1.5,46.5
11/4/2018,2018,9,Buffalo Bills,9,41,Chicago Bears,CHI,-10.5,38
11/4/2018,2018,9,Carolina Panthers,42,28,Tampa Bay Buccaneers,CAR,-6,55.5
11/4/2018,2018,9,Cleveland Browns,21,37,Kansas City Chiefs,KC,-7.5,51.5
11/4/2018,2018,9,Denver Broncos,17,19,Houston Texans,DEN,-1,46.5
11/4/2018,2018,9,Miami Dolphins,13,6,New York Jets,MIA,-3,43
11/4/2018,2018,9,Minnesota Vikings,24,9,Detroit Lions,MIN,-4.5,47.5
11/4/2018,2018,9,New England Patriots,31,17,Green Bay Packers,NE,-5,56
11/4/2018,2018,9,New Orleans Saints,45,35,Los Angeles Rams,LAR,-1.5,57
11/4/2018,2018,9,Seattle Seahawks,17,25,Los Angeles Chargers,SEA,-1,48
11/4/2018,2018,9,Washington Redskins,14,38,Atlanta Falcons,WAS,-1.5,46.5
11/5/2018,2018,9,Dallas Cowboys,14,28,Tennessee Titans,DAL,-4.5,40.5
11/8/2018,2018,10,Pittsburgh Steelers,52,21,Carolina Panthers,PIT,-3.5,51
11/11/2018,2018,10,Chicago Bears,34,22,Detroit Lions,CHI,-7.5,44.5
11/11/2018,2018,10,Cincinnati Bengals,14,51,New Orleans Saints,NO,-6,53.5
11/11/2018,2018,10,Cleveland Browns,28,16,Atlanta Falcons,ATL,-5.5,49.5
11/11/2018,2018,10,Green Bay Packers,31,12,Miami Dolphins,GB,-11,48.5
11/11/2018,2018,10,Indianapolis Colts,29,26,Jacksonville Jaguars,IND,-3,48
11/11/2018,2018,10,Kansas City Chiefs,26,14,Arizona Cardinals,KC,-16.5,49.5
11/11/2018,2018,10,Los Angeles Rams,36,31,Seattle Seahawks,LAR,-10,51
11/11/2018,2018,10,New York Jets,10,41,Buffalo Bills,NYJ,-7,38
11/11/2018,2018,10,Oakland Raiders,6,20,Los Angeles Chargers,LAC,-10.5,50
11/11/2018,2018,10,Philadelphia Eagles,20,27,Dallas Cowboys,PHI,-7.5,45.5
11/11/2018,2018,10,Tampa Bay Buccaneers,3,16,Washington Redskins,TB,-3.5,51
11/11/2018,2018,10,Tennessee Titans,34,10,New England Patriots,NE,-6.5,47
11/12/2018,2018,10,San Francisco 49ers,23,27,New York Giants,SF,-3,45
11/15/2018,2018,11,Seattle Seahawks,27,24,Green Bay Packers,SEA,-3,49
11/18/2018,2018,11,Arizona Cardinals,21,23,Oakland Raiders,ARI,-4.5,41
11/18/2018,2018,11,Atlanta Falcons,19,22,Dallas Cowboys,ATL,-3.5,50
11/18/2018,2018,11,Baltimore Ravens,24,21,Cincinnati Bengals,BAL,-6.5,44
11/18/2018,2018,11,Chicago Bears,25,20,Minnesota Vikings,CHI,-2.5,44
11/18/2018,2018,11,Detroit Lions,20,19,Carolina Panthers,CAR,-4,48
11/18/2018,2018,11,Indianapolis Colts,38,10,Tennessee Titans,IND,-1,50
11/18/2018,2018,11,Jacksonville Jaguars,16,20,Pittsburgh Steelers,PIT,-4,47
11/18/2018,2018,11,Los Angeles Chargers,22,23,Denver Broncos,LAC,-7.5,46.5
11/18/2018,2018,11,New Orleans Saints,48,7,Philadelphia Eagles,NO,-7,56.5
11/18/2018,2018,11,New York Giants,38,35,Tampa Bay Buccaneers,NYG,-3,53.5
11/18/2018,2018,11,Washington Redskins,21,23,Houston Texans,HOU,-3,40.5
11/19/2018,2018,11,Los Angeles Rams,54,51,Kansas City Chiefs,LAR,-3,63.5
11/22/2018,2018,12,Dallas Cowboys,31,23,Washington Redskins,DAL,-7,40
11/22/2018,2018,12,Detroit Lions,16,23,Chicago Bears,CHI,-3,43
11/22/2018,2018,12,New Orleans Saints,31,17,Atlanta Falcons,NO,-11.5,61.5
11/25/2018,2018,12,Baltimore Ravens,34,17,Oakland Raiders,BAL,-13,42
11/25/2018,2018,12,Buffalo Bills,24,21,Jacksonville Jaguars,JAX,-3,36.5
11/25/2018,2018,12,Carolina Panthers,27,30,Seattle Seahawks,CAR,-3,46.5
11/25/2018,2018,12,Cincinnati Bengals,20,35,Cleveland Browns,CLE,-1,46.5
11/25/2018,2018,12,Denver Broncos,24,17,Pittsburgh Steelers,PIT,-3,47.5
11/25/2018,2018,12,Indianapolis Colts,27,24,Miami Dolphins,IND,-9,52.5
11/25/2018,2018,12,Los Angeles Chargers,45,10,Arizona Cardinals,LAC,-14,43
11/25/2018,2018,12,Minnesota Vikings,24,17,Green Bay Packers,MIN,-3.5,48
11/25/2018,2018,12,New York Jets,13,27,New England Patriots,NE,-13,46.5
11/25/2018,2018,12,Philadelphia Eagles,25,22,New York Giants,PHI,-4.5,49
11/25/2018,2018,12,Tampa Bay Buccaneers,27,9,San Francisco 49ers,TB,-1.5,54.5
11/26/2018,2018,12,Houston Texans,34,17,Tennessee Titans,HOU,-3.5,42.5
11/29/2018,2018,13,Dallas Cowboys,13,10,New Orleans Saints,NO,-7.5,51.5
12/2/2018,2018,13,Atlanta Falcons,16,26,Baltimore Ravens,ATL,-2.5,46.5
12/2/2018,2018,13,Cincinnati Bengals,10,24,Denver Broncos,DEN,-4,45
12/2/2018,2018,13,Detroit Lions,16,30,Los Angeles Rams,LAR,-10.5,54
12/2/2018,2018,13,Green Bay Packers,17,20,Arizona Cardinals,GB,-13.5,41
12/2/2018,2018,13,Houston Texans,29,13,Cleveland Browns,HOU,-5,47.5
12/2/2018,2018,13,Jacksonville Jaguars,6,0,Indianapolis Colts,IND,-4,45.5
12/2/2018,2018,13,Miami Dolphins,21,17,Buffalo Bills,MIA,-3.5,40
12/2/2018,2018,13,New England Patriots,24,10,Minnesota Vikings,NE,-6,49.5
12/2/2018,2018,13,New York Giants,30,27,Chicago Bears,CHI,-4,44
12/2/2018,2018,13,Oakland Raiders,33,40,Kansas City Chiefs,KC,-14,53.5
12/2/2018,2018,13,Pittsburgh Steelers,30,33,Los Angeles Chargers,PIT,-3,52.5
12/2/2018,2018,13,Seattle Seahawks,43,16,San Francisco 49ers,SEA,-10,45.5
12/2/2018,2018,13,Tampa Bay Buccaneers,24,17,Carolina Panthers,CAR,-3.5,52
12/2/2018,2018,13,Tennessee Titans,26,22,New York Jets,TEN,-10.5,40.5
12/3/2018,2018,13,Philadelphia Eagles,28,13,Washington Redskins,PHI,-5.5,45
12/6/2018,2018,14,Tennessee Titans,30,9,Jacksonville Jaguars,TEN,-5.5,37.5
12/9/2018,2018,14,Arizona Cardinals,3,17,Detroit Lions,DET,-2.5,40.5
12/9/2018,2018,14,Buffalo Bills,23,27,New York Jets,BUF,-4.5,37
12/9/2018,2018,14,Chicago Bears,15,6,Los Angeles Rams,LAR,-3,51
12/9/2018,2018,14,Cleveland Browns,26,20,Carolina Panthers,CAR,-1,47.5
12/9/2018,2018,14,Dallas Cowboys,29,23,Philadelphia Eagles,DAL,-3.5,45.5
12/9/2018,2018,14,Green Bay Packers,34,20,Atlanta Falcons,GB,-4,50.5
12/9/2018,2018,14,Houston Texans,21,24,Indianapolis Colts,HOU,-4,49
12/9/2018,2018,14,Kansas City Chiefs,27,24,Baltimore Ravens,KC,-6.5,48.5
12/9/2018,2018,14,Los Angeles Chargers,26,21,Cincinnati Bengals,LAC,-17,48.5
12/9/2018,2018,14,Miami Dolphins,34,33,New England Patriots,NE,-9.5,49.5
12/9/2018,2018,14,Oakland Raiders,24,21,Pittsburgh Steelers,PIT,-10.5,51
12/9/2018,2018,14,San Francisco 49ers,20,14,Denver Broncos,DEN,-3,45.5
12/9/2018,2018,14,Tampa Bay Buccaneers,14,28,New Orleans Saints,NO,-10,54
12/9/2018,2018,14,Washington Redskins,16,40,New York Giants,NYG,-3,40.5
12/10/2018,2018,14,Seattle Seahawks,21,7,Minnesota Vikings,SEA,-3,45.5
12/13/2018,2018,15,Kansas City Chiefs,28,29,Los Angeles Chargers,KC,-3.5,54
12/15/2018,2018,15,Denver Broncos,16,17,Cleveland Browns,DEN,-1,47
12/15/2018,2018,15,New York Jets,22,29,Houston Texans,HOU,-7,44
12/16/2018,2018,15,Atlanta Falcons,40,14,Arizona Cardinals,ATL,-10,43.5
12/16/2018,2018,15,Baltimore Ravens,20,12,Tampa Bay Buccaneers,BAL,-8.5,45
12/16/2018,2018,15,Buffalo Bills,14,13,Detroit Lions,BUF,-2.5,40
12/16/2018,2018,15,Chicago Bears,24,17,Green Bay Packers,CHI,-5.5,46.5
12/16/2018,2018,15,Cincinnati Bengals,30,16,Oakland Raiders,CIN,-3,46
12/16/2018,2018,15,Indianapolis Colts,23,0,Dallas Cowboys,IND,-3,46.5
12/16/2018,2018,15,Jacksonville Jaguars,13,16,Washington Redskins,JAX,-7.5,36.5
12/16/2018,2018,15,Los Angeles Rams,23,30,Philadelphia Eagles,LAR,-13.5,52.5
12/16/2018,2018,15,Minnesota Vikings,41,17,Miami Dolphins,MIN,-7.5,45
12/16/2018,2018,15,New York Giants,0,17,Tennessee Titans,TEN,-2.5,42
12/16/2018,2018,15,Pittsburgh Steelers,17,10,New England Patriots,NE,-2.5,56
12/16/2018,2018,15,San Francisco 49ers,26,23,Seattle Seahawks,SEA,-3.5,44
12/17/2018,2018,15,Carolina Panthers,9,12,New Orleans Saints,NO,-6,50.5
12/22/2018,2018,16,Los Angeles Chargers,10,22,Baltimore Ravens,LAC,-4,42.5
12/22/2018,2018,16,Tennessee Titans,25,16,Washington Redskins,TEN,-11.5,37.5
12/23/2018,2018,16,Arizona Cardinals,9,31,Los Angeles Rams,LAR,-14.5,43
12/23/2018,2018,16,Carolina Panthers,10,24,Atlanta Falcons,ATL,-3,46
12/23/2018,2018,16,Cleveland Browns,26,18,Cincinnati Bengals,CLE,-10,44
12/23/2018,2018,16,Dallas Cowboys,27,20,Tampa Bay Buccaneers,DAL,-7.5,48
12/23/2018,2018,16,Detroit Lions,9,27,Minnesota Vikings,MIN,-6.5,42.5
12/23/2018,2018,16,Indianapolis Colts,28,27,New York Giants,IND,-10,48.5
12/23/2018,2018,16,Miami Dolphins,7,17,Jacksonville Jaguars,MIA,-3,39.5
12/23/2018,2018,16,New England Patriots,24,12,Buffalo Bills,NE,-13.5,45
12/23/2018,2018,16,New Orleans Saints,31,28,Pittsburgh Steelers,NO,-6.5,53
12/23/2018,2018,16,New York Jets,38,44,Green Bay Packers,GB,-3,47.5
12/23/2018,2018,16,Philadelphia Eagles,32,30,Houston Texans,PHI,-1,46.5
12/23/2018,2018,16,San Francisco 49ers,9,14,Chicago Bears,CHI,-4,44
12/23/2018,2018,16,Seattle Seahawks,38,31,Kansas City Chiefs,KC,-1,54.5
12/24/2018,2018,16,Oakland Raiders,27,14,Denver Broncos,DEN,-2.5,42.5
12/30/2018,2018,17,Baltimore Ravens,26,24,Cleveland Browns,BAL,-7,41
12/30/2018,2018,17,Buffalo Bills,42,17,Miami Dolphins,BUF,-5.5,39.5
12/30/2018,2018,17,Denver Broncos,9,23,Los Angeles Chargers,LAC,-7,43.5
12/30/2018,2018,17,Green Bay Packers,0,31,Detroit Lions,GB,-7.5,44.5
12/30/2018,2018,17,Houston Texans,20,3,Jacksonville Jaguars,HOU,-7,39.5
12/30/2018,2018,17,Kansas City Chiefs,35,3,Oakland Raiders,KC,-14.5,52.5
12/30/2018,2018,17,Los Angeles Rams,48,32,San Francisco 49ers,LAR,-10.5,49.5
12/30/2018,2018,17,Minnesota Vikings,10,24,Chicago Bears,MIN,-6,40.5
12/30/2018,2018,17,New England Patriots,38,3,New York Jets,NE,-14.5,46.5
12/30/2018,2018,17,New Orleans Saints,14,33,Carolina Panthers,NO,-8,42
12/30/2018,2018,17,New York Giants,35,36,Dallas Cowboys,NYG,-7.5,38.5
12/30/2018,2018,17,Pittsburgh Steelers,16,13,Cincinnati Bengals,PIT,-14,45
12/30/2018,2018,17,Seattle Seahawks,27,24,Arizona Cardinals,SEA,-14,39.5
12/30/2018,2018,17,Tampa Bay Buccaneers,32,34,Atlanta Falcons,ATL,-2.5,51.5
12/30/2018,2018,17,Tennessee Titans,17,33,Indianapolis Colts,IND,-5.5,42.5
12/30/2018,2018,17,Washington Redskins,0,24,Philadelphia Eagles,PHI,-6,42.5
1/5/2019,2018,Wildcard,Dallas Cowboys,24,22,Seattle Seahawks,DAL,-2.5,43
1/5/2019,2018,Wildcard,Houston Texans,7,21,Indianapolis Colts,HOU,-2,48.5
1/6/2019,2018,Wildcard,Baltimore Ravens,17,23,Los Angeles Chargers,BAL,-3,43
1/6/2019,2018,Wildcard,Chicago Bears,15,16,Philadelphia Eagles,CHI,-6.5,41.5
1/12/2019,2018,Division,Kansas City Chiefs,31,13,Indianapolis Colts,KC,-4,54
1/12/2019,2018,Division,Los Angeles Rams,30,22,Dallas Cowboys,LAR,-7.5,48
1/13/2019,2018,Division,New England Patriots,41,28,Los Angeles Chargers,NE,-3.5,47.5
1/13/2019,2018,Division,New Orleans Saints,20,14,Philadelphia Eagles,NO,-8.5,52
1/20/2019,2018,Conference,Kansas City Chiefs,31,37,New England Patriots,KC,-3,56
1/20/2019,2018,Conference,New Orleans Saints,23,26,Los Angeles Rams,NO,-3,55.5
2/3/2019,2018,Superbowl,Los Angeles Rams,3,13,New England Patriots,NE,-2,55.5
9/5/2019,2019,1,Chicago Bears,3,10,Green Bay Packers,CHI,-3,46.5
9/8/2019,2019,1,Arizona Cardinals,27,27,Detroit Lions,DET,-3,45.5
9/8/2019,2019,1,Carolina Panthers,27,30,Los Angeles Rams,LAR,-2,49.5
9/8/2019,2019,1,Cleveland Browns,13,43,Tennessee Titans,CLE,-5.5,44
9/8/2019,2019,1,Dallas Cowboys,35,17,New York Giants,DAL,-7,44
9/8/2019,2019,1,Jacksonville Jaguars,26,40,Kansas City Chiefs,KC,-3.5,49
9/8/2019,2019,1,Los Angeles Chargers,30,24,Indianapolis Colts,LAC,-6,44.5
9/8/2019,2019,1,Miami Dolphins,10,59,Baltimore Ravens,BAL,-7,40.5
9/8/2019,2019,1,Minnesota Vikings,28,12,Atlanta Falcons,MIN,-3.5,47
9/8/2019,2019,1,New England Patriots,33,3,Pittsburgh Steelers,NE,-5.5,49
9/8/2019,2019,1,New York Jets,16,17,Buffalo Bills,NYJ,-2.5,41
9/8/2019,2019,1,Philadelphia Eagles,32,27,Washington Redskins,PHI,-10,44.5
9/8/2019,2019,1,Seattle Seahawks,21,20,Cincinnati Bengals,SEA,-9,44
9/8/2019,2019,1,Tampa Bay Buccaneers,17,31,San Francisco 49ers,TB,-1,51
9/9/2019,2019,1,New Orleans Saints,30,28,Houston Texans,NO,-6.5,51.5
9/9/2019,2019,1,Oakland Raiders,24,16,Denver Broncos,DEN,-3,42.5
9/12/2019,2019,2,Carolina Panthers,14,20,Tampa Bay Buccaneers,CAR,-6.5,48
9/15/2019,2019,2,Atlanta Falcons,24,20,Philadelphia Eagles,PHI,-1,53
9/15/2019,2019,2,Baltimore Ravens,23,17,Arizona Cardinals,BAL,-13,45.5
9/15/2019,2019,2,Cincinnati Bengals,17,41,San Francisco 49ers,CIN,-1,46
9/15/2019,2019,2,Denver Broncos,14,16,Chicago Bears,CHI,-3,40.5
9/15/2019,2019,2,Detroit Lions,13,10,Los Angeles Chargers,LAC,-1,46.5
9/15/2019,2019,2,Green Bay Packers,21,16,Minnesota Vikings,GB,-3,43
9/15/2019,2019,2,Houston Texans,13,12,Jacksonville Jaguars,HOU,-7,43
9/15/2019,2019,2,Los Angeles Rams,27,9,New Orleans Saints,LAR,-2,52
9/15/2019,2019,2,Miami Dolphins,0,43,New England Patriots,NE,-18,48.5
9/15/2019,2019,2,New York Giants,14,28,Buffalo Bills,BUF,-1,44.5
9/15/2019,2019,2,Oakland Raiders,10,28,Kansas City Chiefs,KC,-7,53
9/15/2019,2019,2,Pittsburgh Steelers,26,28,Seattle Seahawks,PIT,-4,47
9/15/2019,2019,2,Tennessee Titans,17,19,Indianapolis Colts,TEN,-3.5,43.5
9/15/2019,2019,2,Washington Redskins,21,31,Dallas Cowboys,DAL,-6,46
9/16/2019,2019,2,New York Jets,3,23,Cleveland Browns,CLE,-6.5,45
9/19/2019,2019,3,Jacksonville Jaguars,20,7,Tennessee Titans,TEN,-2,38
9/22/2019,2019,3,Arizona Cardinals,20,38,Carolina Panthers,ARI,-2.5,45.5
9/22/2019,2019,3,Buffalo Bills,21,17,Cincinnati Bengals,BUF,-6,43.5
9/22/2019,2019,3,Cleveland Browns,13,20,Los Angeles Rams,LAR,-4,48
9/22/2019,2019,3,Dallas Cowboys,31,6,Miami Dolphins,DAL,-21.5,46.5
9/22/2019,2019,3,Green Bay Packers,27,16,Denver Broncos,GB,-7,41.5
9/22/2019,2019,3,Indianapolis Colts,27,24,Atlanta Falcons,IND,-1.5,48
9/22/2019,2019,3,Kansas City Chiefs,33,28,Baltimore Ravens,KC,-5,52
9/22/2019,2019,3,Los Angeles Chargers,20,27,Houston Texans,LAC,-3,49
9/22/2019,2019,3,Minnesota Vikings,34,14,Oakland Raiders,MIN,-9,43.5
9/22/2019,2019,3,New England Patriots,30,14,New York Jets,NE,-21,43
9/22/2019,2019,3,Philadelphia Eagles,24,27,Detroit Lions,PHI,-4,45
9/22/2019,2019,3,San Francisco 49ers,24,20,Pittsburgh Steelers,SF,-6,44.5
9/22/2019,2019,3,Seattle Seahawks,27,33,New Orleans Saints,SEA,-5,44
9/22/2019,2019,3,Tampa Bay Buccaneers,31,32,New York Giants,TB,-5,48
9/23/2019,2019,3,Washington Redskins,15,31,Chicago Bears,CHI,-5,41
9/26/2019,2019,4,Green Bay Packers,27,34,Philadelphia Eagles,GB,-3.5,46.5
9/29/2019,2019,4,Arizona Cardinals,10,27,Seattle Seahawks,SEA,-5.5,48.5
9/29/2019,2019,4,Atlanta Falcons,10,24,Tennessee Titans,ATL,-3.5,46.5
9/29/2019,2019,4,Baltimore Ravens,25,40,Cleveland Browns,BAL,-7,47.5
9/29/2019,2019,4,Buffalo Bills,10,16,New England Patriots,NE,-7,41.5
9/29/2019,2019,4,Chicago Bears,16,6,Minnesota Vikings,CHI,-1,38.5
9/29/2019,2019,4,Denver Broncos,24,26,Jacksonville Jaguars,DEN,-2.5,37.5
9/29/2019,2019,4,Detroit Lions,30,34,Kansas City Chiefs,KC,-7,54.5
9/29/2019,2019,4,Houston Texans,10,16,Carolina Panthers,HOU,-5,47.5
9/29/2019,2019,4,Indianapolis Colts,24,31,Oakland Raiders,IND,-6,46.5
9/29/2019,2019,4,Los Angeles Rams,40,55,Tampa Bay Buccaneers,LAR,-9,48.5
9/29/2019,2019,4,Miami Dolphins,10,30,Los Angeles Chargers,LAC,-15,43.5
9/29/2019,2019,4,New Orleans Saints,12,10,Dallas Cowboys,DAL,-2.5,47
9/29/2019,2019,4,New York Giants,24,3,Washington Redskins,NYG,-3,48
9/30/2019,2019,4,Pittsburgh Steelers,27,3,Cincinnati Bengals,PIT,-3.5,45
10/3/2019,2019,5,Seattle Seahawks,30,29,Los Angeles Rams,SEA,-1.5,48.5
10/6/2019,2019,5,Carolina Panthers,34,27,Jacksonville Jaguars,CAR,-3,40.5
10/6/2019,2019,5,Cincinnati Bengals,23,26,Arizona Cardinals,CIN,-3,46.5
10/6/2019,2019,5,Dallas Cowboys,24,34,Green Bay Packers,DAL,-3,46.5
10/6/2019,2019,5,Houston Texans,53,32,Atlanta Falcons,HOU,-4,49
10/6/2019,2019,5,Kansas City Chiefs,13,19,Indianapolis Colts,KC,-10.5,55.5
10/6/2019,2019,5,Los Angeles Chargers,13,20,Denver Broncos,LAC,-4.5,45.5
10/6/2019,2019,5,New Orleans Saints,31,24,Tampa Bay Buccaneers,NO,-3,46.5
10/6/2019,2019,5,New York Giants,10,28,Minnesota Vikings,MIN,-5.5,43.5
10/6/2019,2019,5,Oakland Raiders,24,21,Chicago Bears,CHI,-6.5,39.5
10/6/2019,2019,5,Philadelphia Eagles,31,6,New York Jets,PHI,-14,43
10/6/2019,2019,5,Pittsburgh Steelers,23,26,Baltimore Ravens,BAL,-3,44
10/6/2019,2019,5,Tennessee Titans,7,14,Buffalo Bills,TEN,-3,39.5
10/6/2019,2019,5,Washington Redskins,7,33,New England Patriots,NE,-16.5,41.5
10/7/2019,2019,5,San Francisco 49ers,31,3,Cleveland Browns,SF,-4.5,48
10/10/2019,2019,6,New England Patriots,35,14,New York Giants,NE,-16.5,43
10/13/2019,2019,6,Arizona Cardinals,34,33,Atlanta Falcons,ATL,-3,52
10/13/2019,2019,6,Baltimore Ravens,23,17,Cincinnati Bengals,BAL,-10.5,46.5
10/13/2019,2019,6,Cleveland Browns,28,32,Seattle Seahawks,CLE,-1,45.5
10/13/2019,2019,6,Denver Broncos,16,0,Tennessee Titans,DEN,-1.5,41
10/13/2019,2019,6,Jacksonville Jaguars,6,13,New Orleans Saints,JAX,-2.5,42.5
10/13/2019,2019,6,Kansas City Chiefs,24,31,Houston Texans,KC,-3.5,54.5
10/13/2019,2019,6,Los Angeles Chargers,17,24,Pittsburgh Steelers,LAC,-6,42.5
10/13/2019,2019,6,Los Angeles Rams,7,20,San Francisco 49ers,LAR,-3,50
10/13/2019,2019,6,Miami Dolphins,16,17,Washington Redskins,WAS,-5.5,42.5
10/13/2019,2019,6,Minnesota Vikings,38,20,Philadelphia Eagles,MIN,-3.5,44.5
10/13/2019,2019,6,New York Jets,24,22,Dallas Cowboys,DAL,-7,43.5
10/13/2019,2019,6,Tampa Bay Buccaneers,26,37,Carolina Panthers,CAR,-2,47.5
10/14/2019,2019,6,Green Bay Packers,23,22,Detroit Lions,GB,-3.5,47
10/17/2019,2019,7,Denver Broncos,6,30,Kansas City Chiefs,KC,-3,49.5
10/20/2019,2019,7,Atlanta Falcons,10,37,Los Angeles Rams,LAR,-3,54.5
10/20/2019,2019,7,Buffalo Bills,31,21,Miami Dolphins,BUF,-17,42.5
10/20/2019,2019,7,Chicago Bears,25,36,New Orleans Saints,CHI,-4,37
10/20/2019,2019,7,Cincinnati Bengals,17,27,Jacksonville Jaguars,JAX,-4,44
10/20/2019,2019,7,Dallas Cowboys,37,10,Philadelphia Eagles,DAL,-3,50
10/20/2019,2019,7,Detroit Lions,30,42,Minnesota Vikings,MIN,-2.5,43.5
10/20/2019,2019,7,Green Bay Packers,42,24,Oakland Raiders,GB,-5.5,47.5
10/20/2019,2019,7,Indianapolis Colts,30,23,Houston Texans,IND,-1,46.5
10/20/2019,2019,7,New York Giants,21,27,Arizona Cardinals,NYG,-3.5,50
10/20/2019,2019,7,Seattle Seahawks,16,30,Baltimore Ravens,SEA,-3,48.5
10/20/2019,2019,7,Tennessee Titans,23,20,Los Angeles Chargers,TEN,-2.5,42.5
10/20/2019,2019,7,Washington Redskins,0,9,San Francisco 49ers,SF,-10,39
10/21/2019,2019,7,New York Jets,0,33,New England Patriots,NE,-10,43
10/24/2019,2019,8,Minnesota Vikings,19,9,Washington Redskins,MIN,-16.5,42
10/27/2019,2019,8,Atlanta Falcons,20,27,Seattle Seahawks,SEA,-7.5,48.5
10/27/2019,2019,8,Buffalo Bills,13,31,Philadelphia Eagles,BUF,-1,39.5
10/27/2019,2019,8,Chicago Bears,16,17,Los Angeles Chargers,CHI,-3.5,41
10/27/2019,2019,8,Detroit Lions,31,26,New York Giants,DET,-6.5,49
10/27/2019,2019,8,Houston Texans,27,24,Oakland Raiders,HOU,-6,52
10/27/2019,2019,8,Indianapolis Colts,15,13,Denver Broncos,IND,-6,42
10/27/2019,2019,8,Jacksonville Jaguars,29,15,New York Jets,JAX,-6.5,40
10/27/2019,2019,8,Kansas City Chiefs,24,31,Green Bay Packers,GB,-5,47.5
10/27/2019,2019,8,Los Angeles Rams,24,10,Cincinnati Bengals,LAR,-12,48.5
10/27/2019,2019,8,New England Patriots,27,13,Cleveland Browns,NE,-10,43
10/27/2019,2019,8,New Orleans Saints,31,9,Arizona Cardinals,NO,-12.5,48
10/27/2019,2019,8,San Francisco 49ers,51,13,Carolina Panthers,SF,-4,40.5
10/27/2019,2019,8,Tennessee Titans,27,23,Tampa Bay Buccaneers,TEN,-2,45.5
10/28/2019,2019,8,Pittsburgh Steelers,27,14,Miami Dolphins,PIT,-14,44
10/31/2019,2019,9,Arizona Cardinals,25,28,San Francisco 49ers,SF,-10,43
11/3/2019,2019,9,Baltimore Ravens,37,20,New England Patriots,NE,-3,44.5
11/3/2019,2019,9,Buffalo Bills,24,9,Washington Redskins,BUF,-10.5,37
11/3/2019,2019,9,Carolina Panthers,30,20,Tennessee Titans,CAR,-3.5,43
11/3/2019,2019,9,Denver Broncos,24,19,Cleveland Browns,CLE,-4,39
11/3/2019,2019,9,Jacksonville Jaguars,3,26,Houston Texans,JAX,-1,46
11/3/2019,2019,9,Kansas City Chiefs,26,23,Minnesota Vikings,MIN,-5.5,45.5
11/3/2019,2019,9,Los Angeles Chargers,26,11,Green Bay Packers,GB,-4,50
11/3/2019,2019,9,Miami Dolphins,26,18,New York Jets,NYJ,-3,42.5
11/3/2019,2019,9,Oakland Raiders,31,24,Detroit Lions,LVR,-2.5,51
11/3/2019,2019,9,Philadelphia Eagles,22,14,Chicago Bears,PHI,-5,41
11/3/2019,2019,9,Pittsburgh Steelers,26,24,Indianapolis Colts,PIT,-1,40
11/3/2019,2019,9,Seattle Seahawks,40,34,Tampa Bay Buccaneers,SEA,-4,51
11/4/2019,2019,9,New York Giants,18,37,Dallas Cowboys,DAL,-6.5,48.5
11/7/2019,2019,10,Oakland Raiders,26,24,Los Angeles Chargers,LAC,-1,49
11/10/2019,2019,10,Chicago Bears,20,13,Detroit Lions,CHI,-6,38
11/10/2019,2019,10,Cincinnati Bengals,13,49,Baltimore Ravens,BAL,-10.5,44
11/10/2019,2019,10,Cleveland Browns,19,16,Buffalo Bills,CLE,-3,42
11/10/2019,2019,10,Dallas Cowboys,24,28,Minnesota Vikings,DAL,-3,48
11/10/2019,2019,10,Green Bay Packers,24,16,Carolina Panthers,GB,-5,49
11/10/2019,2019,10,Indianapolis Colts,12,16,Miami Dolphins,IND,-11,44
11/10/2019,2019,10,New Orleans Saints,9,26,Atlanta Falcons,NO,-13.5,51.5
11/10/2019,2019,10,New York Jets,34,27,New York Giants,NYG,-3,43
11/10/2019,2019,10,Pittsburgh Steelers,17,12,Los Angeles Rams,LAR,-4.5,43.5
11/10/2019,2019,10,Tampa Bay Buccaneers,30,27,Arizona Cardinals,TB,-5.5,51.5
11/10/2019,2019,10,Tennessee Titans,35,32,Kansas City Chiefs,KC,-6,49
11/11/2019,2019,10,San Francisco 49ers,24,27,Seattle Seahawks,SF,-6.5,46.5
11/14/2019,2019,11,Cleveland Browns,21,7,Pittsburgh Steelers,CLE,-3,41.5
11/17/2019,2019,11,Baltimore Ravens,41,7,Houston Texans,BAL,-4.5,51
11/17/2019,2019,11,Carolina Panthers,3,29,Atlanta Falcons,CAR,-4,49
11/17/2019,2019,11,Detroit Lions,27,35,Dallas Cowboys,DAL,-7,46.5
11/17/2019,2019,11,Indianapolis Colts,33,13,Jacksonville Jaguars,IND,-2.5,41.5
11/17/2019,2019,11,Los Angeles Rams,17,7,Chicago Bears,LAR,-5.5,40
11/17/2019,2019,11,Miami Dolphins,20,37,Buffalo Bills,BUF,-7,41
11/17/2019,2019,11,Minnesota Vikings,27,23,Denver Broncos,MIN,-10,40
11/17/2019,2019,11,Oakland Raiders,17,10,Cincinnati Bengals,LVR,-13,48
11/17/2019,2019,11,Philadelphia Eagles,10,17,New England Patriots,NE,-4.5,45
11/17/2019,2019,11,San Francisco 49ers,36,26,Arizona Cardinals,SF,-10,44
11/17/2019,2019,11,Tampa Bay Buccaneers,17,34,New Orleans Saints,NO,-5,50.5
11/17/2019,2019,11,Washington Redskins,17,34,New York Jets,WAS,-2,37.5
11/18/2019,2019,11,Los Angeles Chargers,17,24,Kansas City Chiefs,KC,-5.5,52.5
11/21/2019,2019,12,Houston Texans,20,17,Indianapolis Colts,HOU,-3.5,46
11/24/2019,2019,12,Atlanta Falcons,22,35,Tampa Bay Buccaneers,ATL,-3.5,51.5
11/24/2019,2019,12,Buffalo Bills,20,3,Denver Broncos,BUF,-3.5,37
11/24/2019,2019,12,Chicago Bears,19,14,New York Giants,CHI,-6,41
11/24/2019,2019,12,Cincinnati Bengals,10,16,Pittsburgh Steelers,PIT,-6.5,37
11/24/2019,2019,12,Cleveland Browns,41,24,Miami Dolphins,CLE,-11,46
11/24/2019,2019,12,New England Patriots,13,9,Dallas Cowboys,NE,-5.5,44.5
11/24/2019,2019,12,New Orleans Saints,34,31,Carolina Panthers,NO,-10,46.5
11/24/2019,2019,12,New York Jets,34,3,Oakland Raiders,LVR,-3,44.5
11/24/2019,2019,12,Philadelphia Eagles,9,17,Seattle Seahawks,SEA,-2,45.5
11/24/2019,2019,12,San Francisco 49ers,37,8,Green Bay Packers,SF,-3,48
11/24/2019,2019,12,Tennessee Titans,42,20,Jacksonville Jaguars,TEN,-4,42.5
11/24/2019,2019,12,Washington Redskins,19,16,Detroit Lions,DET,-4,40
11/25/2019,2019,12,Los Angeles Rams,6,45,Baltimore Ravens,BAL,-3.5,47
11/28/2019,2019,13,Atlanta Falcons,18,26,New Orleans Saints,NO,-7,48
11/28/2019,2019,13,Dallas Cowboys,15,26,Buffalo Bills,DAL,-6.5,46.5
11/28/2019,2019,13,Detroit Lions,20,24,Chicago Bears,CHI,-5.5,37
12/1/2019,2019,13,Arizona Cardinals,7,34,Los Angeles Rams,LAR,-2.5,47
12/1/2019,2019,13,Baltimore Ravens,20,17,San Francisco 49ers,BAL,-5.5,45
12/1/2019,2019,13,Carolina Panthers,21,29,Washington Redskins,CAR,-10.5,38.5
12/1/2019,2019,13,Cincinnati Bengals,22,6,New York Jets,NYJ,-3,43
12/1/2019,2019,13,Denver Broncos,23,20,Los Angeles Chargers,LAC,-4.5,38.5
12/1/2019,2019,13,Houston Texans,28,22,New England Patriots,NE,-3,47
12/1/2019,2019,13,Indianapolis Colts,17,31,Tennessee Titans,TEN,-1,41.5
12/1/2019,2019,13,Jacksonville Jaguars,11,28,Tampa Bay Buccaneers,TB,-3,46.5
12/1/2019,2019,13,Kansas City Chiefs,40,9,Oakland Raiders,KC,-10.5,49.5
12/1/2019,2019,13,Miami Dolphins,37,31,Philadelphia Eagles,PHI,-10,44.5
12/1/2019,2019,13,New York Giants,13,31,Green Bay Packers,GB,-6.5,43.5
12/1/2019,2019,13,Pittsburgh Steelers,20,13,Cleveland Browns,CLE,-1,40
12/2/2019,2019,13,Seattle Seahawks,37,30,Minnesota Vikings,SEA,-2.5,48.5
12/5/2019,2019,14,Chicago Bears,31,24,Dallas Cowboys,DAL,-3,43
12/8/2019,2019,14,Arizona Cardinals,17,23,Pittsburgh Steelers,PIT,-2.5,43.5
12/8/2019,2019,14,Atlanta Falcons,40,20,Carolina Panthers,ATL,-3.5,48
12/8/2019,2019,14,Buffalo Bills,17,24,Baltimore Ravens,BAL,-6,44
12/8/2019,2019,14,Cleveland Browns,27,19,Cincinnati Bengals,CLE,-6.5,43.5
12/8/2019,2019,14,Green Bay Packers,20,15,Washington Redskins,GB,-13,42
12/8/2019,2019,14,Houston Texans,24,38,Denver Broncos,HOU,-8,42.5
12/8/2019,2019,14,Jacksonville Jaguars,10,45,Los Angeles Chargers,LAC,-3,42
12/8/2019,2019,14,Los Angeles Rams,28,12,Seattle Seahawks,LAR,-1,47.5
12/8/2019,2019,14,Minnesota Vikings,20,7,Detroit Lions,MIN,-11.5,44
12/8/2019,2019,14,New England Patriots,16,23,Kansas City Chiefs,NE,-3,48.5
12/8/2019,2019,14,New Orleans Saints,46,48,San Francisco 49ers,NO,-1.5,45
12/8/2019,2019,14,New York Jets,22,21,Miami Dolphins,NYJ,-5,47
12/8/2019,2019,14,Oakland Raiders,21,42,Tennessee Titans,TEN,-2.5,47
12/8/2019,2019,14,Tampa Bay Buccaneers,38,35,Indianapolis Colts,TB,-3,46.5
12/9/2019,2019,14,Philadelphia Eagles,23,17,New York Giants,PHI,-9.5,45
12/12/2019,2019,15,Baltimore Ravens,42,21,New York Jets,BAL,-17,44
12/15/2019,2019,15,Arizona Cardinals,38,24,Cleveland Browns,CLE,-3,49
12/15/2019,2019,15,Carolina Panthers,24,30,Seattle Seahawks,SEA,-6,48.5
12/15/2019,2019,15,Cincinnati Bengals,13,34,New England Patriots,NE,-10.5,41.5
12/15/2019,2019,15,Dallas Cowboys,44,21,Los Angeles Rams,LAR,-1,48.5
12/15/2019,2019,15,Detroit Lions,17,38,Tampa Bay Buccaneers,TB,-6,46
12/15/2019,2019,15,Green Bay Packers,21,13,Chicago Bears,GB,-4.5,41
12/15/2019,2019,15,Kansas City Chiefs,23,3,Denver Broncos,KC,-9,43
12/15/2019,2019,15,Los Angeles Chargers,10,39,Minnesota Vikings,MIN,-1,45
12/15/2019,2019,15,New York Giants,36,20,Miami Dolphins,NYG,-3.5,46.5
12/15/2019,2019,15,Oakland Raiders,16,20,Jacksonville Jaguars,LVR,-6.5,46
12/15/2019,2019,15,Pittsburgh Steelers,10,17,Buffalo Bills,PIT,-1,37
12/15/2019,2019,15,San Francisco 49ers,22,29,Atlanta Falcons,SF,-10,49.5
12/15/2019,2019,15,Tennessee Titans,21,24,Houston Texans,TEN,-3,50
12/15/2019,2019,15,Washington Redskins,27,37,Philadelphia Eagles,PHI,-6.5,38.5
12/16/2019,2019,15,New Orleans Saints,34,7,Indianapolis Colts,NO,-8.5,49
12/21/2019,2019,16,New England Patriots,24,17,Buffalo Bills,NE,-6.5,38.5
12/21/2019,2019,16,San Francisco 49ers,34,31,Los Angeles Rams,SF,-7,45.5
12/21/2019,2019,16,Tampa Bay Buccaneers,20,23,Houston Texans,HOU,-3,50.5
12/22/2019,2019,16,Atlanta Falcons,24,12,Jacksonville Jaguars,ATL,-7,48
12/22/2019,2019,16,Chicago Bears,3,26,Kansas City Chiefs,KC,-7,45.5
12/22/2019,2019,16,Cleveland Browns,15,31,Baltimore Ravens,BAL,-10,49
12/22/2019,2019,16,Denver Broncos,27,17,Detroit Lions,DEN,-7.5,40
12/22/2019,2019,16,Indianapolis Colts,38,6,Carolina Panthers,IND,-7,46.5
12/22/2019,2019,16,Los Angeles Chargers,17,24,Oakland Raiders,LAC,-7.5,45
12/22/2019,2019,16,Miami Dolphins,38,35,Cincinnati Bengals,CIN,-1.5,45
12/22/2019,2019,16,New York Jets,16,10,Pittsburgh Steelers,PIT,-3,36.5
12/22/2019,2019,16,Philadelphia Eagles,17,9,Dallas Cowboys,DAL,-2,46.5
12/22/2019,2019,16,Seattle Seahawks,13,27,Arizona Cardinals,SEA,-8,51
12/22/2019,2019,16,Tennessee Titans,28,38,New Orleans Saints,NO,-3,49
12/22/2019,2019,16,Washington Redskins,35,41,New York Giants,NYG,-1,42
12/23/2019,2019,16,Minnesota Vikings,10,23,Green Bay Packers,MIN,-4,46.5
12/29/2019,2019,17,Baltimore Ravens,28,10,Pittsburgh Steelers,PIT,-1,35
12/29/2019,2019,17,Buffalo Bills,6,13,New York Jets,NYJ,-1,37
12/29/2019,2019,17,Carolina Panthers,10,42,New Orleans Saints,NO,-14,44.5
12/29/2019,2019,17,Cincinnati Bengals,33,23,Cleveland Browns,CLE,-2.5,43.5
12/29/2019,2019,17,Dallas Cowboys,47,16,Washington Redskins,DAL,-12.5,47.5
12/29/2019,2019,17,Denver Broncos,16,15,Oakland Raiders,DEN,-4.5,41
12/29/2019,2019,17,Detroit Lions,20,23,Green Bay Packers,GB,-13,44
12/29/2019,2019,17,Houston Texans,14,35,Tennessee Titans,TEN,-10,43
12/29/2019,2019,17,Jacksonville Jaguars,38,20,Indianapolis Colts,IND,-5.5,41.5
12/29/2019,2019,17,Kansas City Chiefs,31,21,Los Angeles Chargers,KC,-9.5,46
12/29/2019,2019,17,Los Angeles Rams,31,24,Arizona Cardinals,LAR,-7,45.5
12/29/2019,2019,17,Minnesota Vikings,19,21,Chicago Bears,CHI,-4.5,36
12/29/2019,2019,17,New England Patriots,24,27,Miami Dolphins,NE,-17,45.5
12/29/2019,2019,17,New York Giants,17,34,Philadelphia Eagles,PHI,-3.5,44.5
12/29/2019,2019,17,Seattle Seahawks,21,26,San Francisco 49ers,SF,-3.5,47
12/29/2019,2019,17,Tampa Bay Buccaneers,22,28,Atlanta Falcons,TB,-1,48.5
1/4/2020,2019,Wildcard,Houston Texans,22,19,Buffalo Bills,HOU,-2.5,43
1/4/2020,2019,Wildcard,New England Patriots,13,20,Tennessee Titans,NE,-4.5,45
1/5/2020,2019,Wildcard,New Orleans Saints,20,26,Minnesota Vikings,NO,-7.5,49.5
1/5/2020,2019,Wildcard,Philadelphia Eagles,9,17,Seattle Seahawks,PHI,-1,44.5
1/11/2020,2019,Division,Baltimore Ravens,12,28,Tennessee Titans,BAL,-10,47.5
1/11/2020,2019,Division,San Francisco 49ers,27,10,Minnesota Vikings,SF,-7,44.5
1/12/2020,2019,Division,Green Bay Packers,28,23,Seattle Seahawks,GB,-4.5,45.5
1/12/2020,2019,Division,Kansas City Chiefs,51,31,Houston Texans,KC,-10,50.5
1/19/2020,2019,Conference,Kansas City Chiefs,35,24,Tennessee Titans,KC,-7,51
1/19/2020,2019,Conference,San Francisco 49ers,37,20,Green Bay Packers,SF,-8,46.5
2/2/2020,2019,Superbowl,Kansas City Chiefs,31,20,San Francisco 49ers,KC,-1.5,53
9/10/2020,2020,1,Kansas City Chiefs,34,20,Houston Texans,KC,-9,54
9/13/2020,2020,1,Atlanta Falcons,25,38,Seattle Seahawks,SEA,-1,49
9/13/2020,2020,1,Baltimore Ravens,38,6,Cleveland Browns,BAL,-7,47.5
9/13/2020,2020,1,Buffalo Bills,27,17,New York Jets,BUF,-6.5,39.5
9/13/2020,2020,1,Carolina Panthers,30,34,Las Vegas Raiders,LVR,-3,48
9/13/2020,2020,1,Cincinnati Bengals,13,16,Los Angeles Chargers,LAC,-3,41.5
9/13/2020,2020,1,Detroit Lions,23,27,Chicago Bears,DET,-2.5,42.5
9/13/2020,2020,1,Jacksonville Jaguars,27,20,Indianapolis Colts,IND,-8,45
9/13/2020,2020,1,Los Angeles Rams,20,17,Dallas Cowboys,DAL,-2,51.5
9/13/2020,2020,1,Minnesota Vikings,34,43,Green Bay Packers,MIN,-2.5,44.5
9/13/2020,2020,1,New England Patriots,21,11,Miami Dolphins,NE,-7,41.5
9/13/2020,2020,1,New Orleans Saints,34,23,Tampa Bay Buccaneers,NO,-3.5,47.5
9/13/2020,2020,1,San Francisco 49ers,20,24,Arizona Cardinals,SF,-6.5,48
9/13/2020,2020,1,Washington,27,17,Philadelphia Eagles,PHI,-5,42
9/14/2020,2020,1,Denver Broncos,14,16,Tennessee Titans,TEN,-3,41
9/14/2020,2020,1,New York Giants,16,26,Pittsburgh Steelers,PIT,-5.5,45
9/17/2020,2020,2,Cleveland Browns,35,30,Cincinnati Bengals,CLE,-6,43
9/20/2020,2020,2,Arizona Cardinals,30,15,Washington Football Team,ARI,-7,46.5
9/20/2020,2020,2,Chicago Bears,17,13,New York Giants,CHI,-5.5,42
9/20/2020,2020,2,Dallas Cowboys,40,39,Atlanta Falcons,DAL,-3.5,53.5
9/20/2020,2020,2,Green Bay Packers,42,21,Detroit Lions,GB,-6,50
9/20/2020,2020,2,Houston Texans,16,33,Baltimore Ravens,BAL,-7,49
9/20/2020,2020,2,Indianapolis Colts,28,11,Minnesota Vikings,IND,-3,49
9/20/2020,2020,2,Los Angeles Chargers,20,23,Kansas City Chiefs,KC,-8.5,47.5
9/20/2020,2020,2,Miami Dolphins,28,31,Buffalo Bills,BUF,-5.5,42
9/20/2020,2020,2,New York Jets,13,31,San Francisco 49ers,SF,-7,41.5
9/20/2020,2020,2,Philadelphia Eagles,19,37,Los Angeles Rams,PHI,-1.5,45.5
9/20/2020,2020,2,Pittsburgh Steelers,26,21,Denver Broncos,PIT,-6.5,40.5
9/20/2020,2020,2,Seattle Seahawks,35,30,New England Patriots,SEA,-4,44.5
9/20/2020,2020,2,Tampa Bay Buccaneers,31,17,Carolina Panthers,TB,-8,47
9/20/2020,2020,2,Tennessee Titans,33,30,Jacksonville Jaguars,TEN,-7.5,44
9/21/2020,2020,2,Las Vegas Raiders,34,24,New Orleans Saints,NO,-5.5,48.5
9/24/2020,2020,3,Jacksonville Jaguars,13,31,Miami Dolphins,JAX,-3,48
9/27/2020,2020,3,Arizona Cardinals,23,26,Detroit Lions,ARI,-5.5,55.5
9/27/2020,2020,3,Atlanta Falcons,26,30,Chicago Bears,ATL,-3,47
9/27/2020,2020,3,Buffalo Bills,35,32,Los Angeles Rams,BUF,-2,47
9/27/2020,2020,3,Cleveland Browns,34,20,Washington Football Team,CLE,-7,44.5
9/27/2020,2020,3,Denver Broncos,10,28,Tampa Bay Buccaneers,TB,-6,42.5
9/27/2020,2020,3,Indianapolis Colts,36,7,New York Jets,IND,-11.5,44
9/27/2020,2020,3,Los Angeles Chargers,16,21,Carolina Panthers,LAC,-6.5,43.5
9/27/2020,2020,3,Minnesota Vikings,30,31,Tennessee Titans,TEN,-2.5,50
9/27/2020,2020,3,New England Patriots,36,20,Las Vegas Raiders,NE,-6.5,47
9/27/2020,2020,3,New Orleans Saints,30,37,Green Bay Packers,NO,-3,53
9/27/2020,2020,3,New York Giants,9,36,San Francisco 49ers,SF,-3,43
9/27/2020,2020,3,Philadelphia Eagles,23,23,Cincinnati Bengals,PHI,-4.5,47.5
9/27/2020,2020,3,Pittsburgh Steelers,28,21,Houston Texans,PIT,-4,46
9/27/2020,2020,3,Seattle Seahawks,38,31,Dallas Cowboys,SEA,-5,56.5
9/28/2020,2020,3,Baltimore Ravens,20,34,Kansas City Chiefs,BAL,-3,54
10/1/2020,2020,4,New York Jets,28,37,Denver Broncos,NYJ,-1.5,41
10/4/2020,2020,4,Carolina Panthers,31,21,Arizona Cardinals,ARI,-3,51.5
10/4/2020,2020,4,Chicago Bears,11,19,Indianapolis Colts,IND,-3,43
10/4/2020,2020,4,Cincinnati Bengals,33,25,Jacksonville Jaguars,CIN,-2.5,49
10/4/2020,2020,4,Dallas Cowboys,38,49,Cleveland Browns,DAL,-3.5,56
10/4/2020,2020,4,Detroit Lions,29,35,New Orleans Saints,NO,-3,54.5
10/4/2020,2020,4,Houston Texans,23,31,Minnesota Vikings,HOU,-3.5,53.5
10/4/2020,2020,4,Las Vegas Raiders,23,30,Buffalo Bills,BUF,-3,53
10/4/2020,2020,4,Los Angeles Rams,17,9,New York Giants,LAR,-13,48.5
10/4/2020,2020,4,Miami Dolphins,23,31,Seattle Seahawks,SEA,-5.5,54.5
10/4/2020,2020,4,San Francisco 49ers,20,25,Philadelphia Eagles,SF,-7.5,45
10/4/2020,2020,4,Tampa Bay Buccaneers,38,31,Los Angeles Chargers,TB,-7,42.5
10/4/2020,2020,4,Washington,17,31,Baltimore Ravens,BAL,-14,45
10/5/2020,2020,4,Green Bay Packers,30,16,Atlanta Falcons,GB,-7,56.5
10/5/2020,2020,4,Kansas City Chiefs,26,10,New England Patriots,KC,-7,53
10/8/2020,2020,5,Chicago Bears,20,19,Tampa Bay Buccaneers,TB,-3.5,44.5
10/11/2020,2020,5,Atlanta Falcons,16,23,Carolina Panthers,ATL,-2.5,54
10/11/2020,2020,5,Baltimore Ravens,27,3,Cincinnati Bengals,BAL,-11,50.5
10/11/2020,2020,5,Cleveland Browns,32,23,Indianapolis Colts,CLE,-1,48
10/11/2020,2020,5,Dallas Cowboys,37,34,New York Giants,DAL,-8,53
10/11/2020,2020,5,Houston Texans,30,14,Jacksonville Jaguars,HOU,-5.5,54.5
10/11/2020,2020,5,Kansas City Chiefs,32,40,Las Vegas Raiders,KC,-10.5,54.5
10/11/2020,2020,5,New York Jets,10,30,Arizona Cardinals,ARI,-7,47.5
10/11/2020,2020,5,Pittsburgh Steelers,38,29,Philadelphia Eagles,PIT,-7,43.5
10/11/2020,2020,5,San Francisco 49ers,17,43,Miami Dolphins,SF,-7.5,51
10/11/2020,2020,5,Seattle Seahawks,27,26,Minnesota Vikings,SEA,-6.5,56.5
10/11/2020,2020,5,Washington,10,30,Los Angeles Rams,LAR,-7,46
10/12/2020,2020,5,New Orleans Saints,30,27,Los Angeles Chargers,NO,-7,49.5
10/13/2020,2020,5,Tennessee Titans,42,16,Buffalo Bills,BUF,-3.5,53
10/18/2020,2020,6,Carolina Panthers,16,23,Chicago Bears,CAR,-1.5,44.5
10/18/2020,2020,6,Indianapolis Colts,31,27,Cincinnati Bengals,IND,-7.5,45.5
10/18/2020,2020,6,Jacksonville Jaguars,16,34,Detroit Lions,DET,-3,54.5
10/18/2020,2020,6,Miami Dolphins,24,0,New York Jets,MIA,-9,47
10/18/2020,2020,6,Minnesota Vikings,23,40,Atlanta Falcons,MIN,-4,54
10/18/2020,2020,6,New England Patriots,12,18,Denver Broncos,NE,-8,45
10/18/2020,2020,6,New York Giants,20,19,Washington Football Team,NYG,-2.5,43
10/18/2020,2020,6,Philadelphia Eagles,28,30,Baltimore Ravens,BAL,-10,46.5
10/18/2020,2020,6,Pittsburgh Steelers,38,7,Cleveland Browns,PIT,-3,51
10/18/2020,2020,6,San Francisco 49ers,24,16,Los Angeles Rams,LAR,-2.5,51.5
10/18/2020,2020,6,Tampa Bay Buccaneers,38,10,Green Bay Packers,GB,-1,55
10/18/2020,2020,6,Tennessee Titans,42,36,Houston Texans,TEN,-3.5,53.5
10/19/2020,2020,6,Buffalo Bills,17,26,Kansas City Chiefs,KC,-5,57.5
10/19/2020,2020,6,Dallas Cowboys,10,38,Arizona Cardinals,ARI,-1,55
10/22/2020,2020,7,Philadelphia Eagles,22,21,New York Giants,PHI,-4.5,45
10/25/2020,2020,7,Arizona Cardinals,37,34,Seattle Seahawks,SEA,-3.5,56
10/25/2020,2020,7,Atlanta Falcons,22,23,Detroit Lions,ATL,-2,55
10/25/2020,2020,7,Cincinnati Bengals,34,37,Cleveland Browns,CLE,-3,51
10/25/2020,2020,7,Denver Broncos,16,43,Kansas City Chiefs,KC,-7,46
10/25/2020,2020,7,Houston Texans,20,35,Green Bay Packers,GB,-3,57
10/25/2020,2020,7,Las Vegas Raiders,20,45,Tampa Bay Buccaneers,TB,-3.5,52
10/25/2020,2020,7,Los Angeles Chargers,39,29,Jacksonville Jaguars,LAC,-7.5,48.5
10/25/2020,2020,7,New England Patriots,6,33,San Francisco 49ers,NE,-3,44.5
10/25/2020,2020,7,New Orleans Saints,27,24,Carolina Panthers,NO,-6.5,50
10/25/2020,2020,7,New York Jets,10,18,Buffalo Bills,BUF,-10,46
10/25/2020,2020,7,Tennessee Titans,24,27,Pittsburgh Steelers,TEN,-1,51
10/25/2020,2020,7,Washington,25,3,Dallas Cowboys,WAS,-1,45
10/26/2020,2020,7,Los Angeles Rams,24,10,Chicago Bears,LAR,-6,45
10/29/2020,2020,8,Carolina Panthers,17,25,Atlanta Falcons,CAR,-2,51
11/1/2020,2020,8,Baltimore Ravens,24,28,Pittsburgh Steelers,BAL,-4,46
11/1/2020,2020,8,Buffalo Bills,24,21,New England Patriots,BUF,-4.5,40.5
11/1/2020,2020,8,Chicago Bears,23,26,New Orleans Saints,NO,-4,43
11/1/2020,2020,8,Cincinnati Bengals,31,20,Tennessee Titans,TEN,-7,50.5
11/1/2020,2020,8,Cleveland Browns,6,16,Las Vegas Raiders,CLE,-1.5,48
11/1/2020,2020,8,Denver Broncos,31,30,Los Angeles Chargers,LAC,-3.5,44.5
11/1/2020,2020,8,Detroit Lions,21,41,Indianapolis Colts,IND,-3,49.5
11/1/2020,2020,8,Green Bay Packers,22,28,Minnesota Vikings,GB,-6.5,50
11/1/2020,2020,8,Kansas City Chiefs,35,9,New York Jets,KC,-19.5,49
11/1/2020,2020,8,Miami Dolphins,28,17,Los Angeles Rams,LAR,-3.5,45.5
11/1/2020,2020,8,Philadelphia Eagles,23,9,Dallas Cowboys,PHI,-11.5,42.5
11/1/2020,2020,8,Seattle Seahawks,37,27,San Francisco 49ers,SEA,-3,53.5
11/2/2020,2020,8,New York Giants,23,25,Tampa Bay Buccaneers,TB,-12.5,45
11/5/2020,2020,9,San Francisco 49ers,17,34,Green Bay Packers,GB,-7.5,48.5
11/8/2020,2020,9,Arizona Cardinals,31,34,Miami Dolphins,ARI,-5.5,49
11/8/2020,2020,9,Atlanta Falcons,34,27,Denver Broncos,ATL,-4,49
11/8/2020,2020,9,Buffalo Bills,44,34,Seattle Seahawks,SEA,-3,55
11/8/2020,2020,9,Dallas Cowboys,19,24,Pittsburgh Steelers,PIT,-14,44
11/8/2020,2020,9,Indianapolis Colts,10,24,Baltimore Ravens,BAL,-1,48
11/8/2020,2020,9,Jacksonville Jaguars,25,27,Houston Texans,HOU,-6.5,49.5
11/8/2020,2020,9,Kansas City Chiefs,33,31,Carolina Panthers,KC,-10,51.5
11/8/2020,2020,9,Los Angeles Chargers,26,31,Las Vegas Raiders,LVR,-1,52.5
11/8/2020,2020,9,Minnesota Vikings,34,20,Detroit Lions,MIN,-4,52
11/8/2020,2020,9,Tampa Bay Buccaneers,3,38,New Orleans Saints,TB,-4,50.5
11/8/2020,2020,9,Tennessee Titans,24,17,Chicago Bears,TEN,-6.5,47
11/8/2020,2020,9,Washington,20,23,New York Giants,WAS,-2.5,43
11/9/2020,2020,9,New York Jets,27,30,New England Patriots,NE,-9.5,41.5
11/12/2020,2020,10,Tennessee Titans,17,34,Indianapolis Colts,TEN,-1,48.5
11/15/2020,2020,10,Arizona Cardinals,32,30,Buffalo Bills,ARI,-2.5,56
11/15/2020,2020,10,Carolina Panthers,23,46,Tampa Bay Buccaneers,TB,-6,51
11/15/2020,2020,10,Cleveland Browns,10,7,Houston Texans,CLE,-4,45.5
11/15/2020,2020,10,Detroit Lions,30,27,Washington Football Team,DET,-3,46
11/15/2020,2020,10,Green Bay Packers,24,20,Jacksonville Jaguars,GB,-14,47.5
11/15/2020,2020,10,Las Vegas Raiders,37,12,Denver Broncos,LVR,-3.5,50.5
11/15/2020,2020,10,Los Angeles Rams,23,16,Seattle Seahawks,LAR,-3,54.5
11/15/2020,2020,10,Miami Dolphins,29,21,Los Angeles Chargers,MIA,-2,48.5
11/15/2020,2020,10,New England Patriots,23,17,Baltimore Ravens,BAL,-7,43.5
11/15/2020,2020,10,New Orleans Saints,27,13,San Francisco 49ers,NO,-9.5,49.5
11/15/2020,2020,10,New York Giants,27,17,Philadelphia Eagles,PHI,-4,44.5
11/15/2020,2020,10,Pittsburgh Steelers,36,10,Cincinnati Bengals,PIT,-7,46.5
11/16/2020,2020,10,Chicago Bears,13,19,Minnesota Vikings,MIN,-3,43.5
11/19/2020,2020,11,Seattle Seahawks,28,21,Arizona Cardinals,SEA,-3,57.5
11/22/2020,2020,11,Baltimore Ravens,24,30,Tennessee Titans,BAL,-6,50
11/22/2020,2020,11,Carolina Panthers,20,0,Detroit Lions,DET,-1.5,46.5
11/22/2020,2020,11,Cleveland Browns,22,17,Philadelphia Eagles,CLE,-3,47
11/22/2020,2020,11,Denver Broncos,20,13,Miami Dolphins,MIA,-3.5,46
11/22/2020,2020,11,Houston Texans,27,20,New England Patriots,NE,-2.5,49
11/22/2020,2020,11,Indianapolis Colts,34,31,Green Bay Packers,IND,-1.5,51.5
11/22/2020,2020,11,Jacksonville Jaguars,3,27,Pittsburgh Steelers,PIT,-10.5,46
11/22/2020,2020,11,Las Vegas Raiders,31,35,Kansas City Chiefs,KC,-7.5,57
11/22/2020,2020,11,Los Angeles Chargers,34,28,New York Jets,LAC,-9.5,46.5
11/22/2020,2020,11,Minnesota Vikings,28,31,Dallas Cowboys,MIN,-7,48.5
11/22/2020,2020,11,New Orleans Saints,24,9,Atlanta Falcons,NO,-3.5,49
11/22/2020,2020,11,Washington,20,9,Cincinnati Bengals,WAS,-1.5,47
11/23/2020,2020,11,Tampa Bay Buccaneers,24,27,Los Angeles Rams,TB,-4.5,48
11/26/2020,2020,12,Dallas Cowboys,16,41,Washington Football Team,DAL,-3,46
11/26/2020,2020,12,Detroit Lions,25,41,Houston Texans,HOU,-3,51
11/29/2020,2020,12,Atlanta Falcons,43,6,Las Vegas Raiders,LVR,-3,53.5
11/29/2020,2020,12,Buffalo Bills,27,17,Los Angeles Chargers,BUF,-4.5,52
11/29/2020,2020,12,Cincinnati Bengals,17,19,New York Giants,NYG,-6,44.5
11/29/2020,2020,12,Denver Broncos,3,31,New Orleans Saints,NO,-14.5,36.5
11/29/2020,2020,12,Green Bay Packers,41,25,Chicago Bears,GB,-9.5,44
11/29/2020,2020,12,Indianapolis Colts,26,45,Tennessee Titans,IND,-3,51.5
11/29/2020,2020,12,Jacksonville Jaguars,25,27,Cleveland Browns,CLE,-7,48.5
11/29/2020,2020,12,Los Angeles Rams,20,23,San Francisco 49ers,LAR,-6.5,44.5
11/29/2020,2020,12,Minnesota Vikings,28,27,Carolina Panthers,MIN,-3,50
11/29/2020,2020,12,New England Patriots,20,17,Arizona Cardinals,ARI,-2,49
11/29/2020,2020,12,New York Jets,3,20,Miami Dolphins,MIA,-7,44.5
11/29/2020,2020,12,Tampa Bay Buccaneers,24,27,Kansas City Chiefs,KC,-3.5,56
11/30/2020,2020,12,Philadelphia Eagles,17,23,Seattle Seahawks,SEA,-6.5,49
12/2/2020,2020,12,Pittsburgh Steelers,19,14,Baltimore Ravens,PIT,-5,44.5
12/6/2020,2020,13,Arizona Cardinals,28,38,Los Angeles Rams,LAR,-2.5,48.5
12/6/2020,2020,13,Atlanta Falcons,16,21,New Orleans Saints,NO,-2.5,46
12/6/2020,2020,13,Chicago Bears,30,34,Detroit Lions,CHI,-3,44
12/6/2020,2020,13,Green Bay Packers,30,16,Philadelphia Eagles,GB,-8.5,49.5
12/6/2020,2020,13,Houston Texans,20,26,Indianapolis Colts,IND,-3.5,50
12/6/2020,2020,13,Kansas City Chiefs,22,16,Denver Broncos,KC,-13,51.5
12/6/2020,2020,13,Los Angeles Chargers,0,45,New England Patriots,LAC,-2,47
12/6/2020,2020,13,Miami Dolphins,19,7,Cincinnati Bengals,MIA,-10,43
12/6/2020,2020,13,Minnesota Vikings,27,24,Jacksonville Jaguars,MIN,-10,51.5
12/6/2020,2020,13,New York Jets,28,31,Las Vegas Raiders,LVR,-7.5,48.5
12/6/2020,2020,13,Seattle Seahawks,12,17,New York Giants,SEA,-11,48
12/6/2020,2020,13,Tennessee Titans,35,41,Cleveland Browns,TEN,-3.5,53.5
12/7/2020,2020,13,Pittsburgh Steelers,17,23,Washington Football Team,PIT,-6,43.5
12/7/2020,2020,13,San Francisco 49ers,24,34,Buffalo Bills,SF,-1.5,48
12/8/2020,2020,13,Baltimore Ravens,34,17,Dallas Cowboys,BAL,-8.5,45.5
12/10/2020,2020,14,Los Angeles Rams,24,3,New England Patriots,LAR,-5,43.5
12/13/2020,2020,14,Buffalo Bills,26,15,Pittsburgh Steelers,BUF,-2,48.5
12/13/2020,2020,14,Carolina Panthers,27,32,Denver Broncos,CAR,-4,45.5
12/13/2020,2020,14,Chicago Bears,36,7,Houston Texans,HOU,-1,46.5
12/13/2020,2020,14,Cincinnati Bengals,7,30,Dallas Cowboys,DAL,-3,44
12/13/2020,2020,14,Detroit Lions,24,31,Green Bay Packers,GB,-9,55.5
12/13/2020,2020,14,Jacksonville Jaguars,10,31,Tennessee Titans,TEN,-7.5,53
12/13/2020,2020,14,Las Vegas Raiders,27,44,Indianapolis Colts,IND,-2.5,52
12/13/2020,2020,14,Los Angeles Chargers,20,17,Atlanta Falcons,LAC,-1,49
12/13/2020,2020,14,Miami Dolphins,27,33,Kansas City Chiefs,KC,-7,51.5
12/13/2020,2020,14,New York Giants,7,26,Arizona Cardinals,ARI,-3,47.5
12/13/2020,2020,14,Philadelphia Eagles,24,21,New Orleans Saints,NO,-7.5,42.5
12/13/2020,2020,14,San Francisco 49ers,15,23,Washington Football Team,SF,-3,43.5
12/13/2020,2020,14,Seattle Seahawks,40,3,New York Jets,SEA,-16.5,49
12/13/2020,2020,14,Tampa Bay Buccaneers,26,14,Minnesota Vikings,TB,-7,52.5
12/14/2020,2020,14,Cleveland Browns,42,47,Baltimore Ravens,BAL,-3,45.5
12/17/2020,2020,15,Las Vegas Raiders,27,30,Los Angeles Chargers,LVR,-3.5,52.5
12/19/2020,2020,15,Denver Broncos,19,48,Buffalo Bills,BUF,-6,48
12/19/2020,2020,15,Green Bay Packers,24,16,Carolina Panthers,GB,-9,53
12/20/2020,2020,15,Arizona Cardinals,33,26,Philadelphia Eagles,ARI,-6,49.5
12/20/2020,2020,15,Atlanta Falcons,27,31,Tampa Bay Buccaneers,TB,-6,49.5
12/20/2020,2020,15,Baltimore Ravens,40,14,Jacksonville Jaguars,BAL,-12.5,49
12/20/2020,2020,15,Dallas Cowboys,41,33,San Francisco 49ers,SF,-4,45.5
12/20/2020,2020,15,Indianapolis Colts,27,20,Houston Texans,IND,-7.5,52.5
12/20/2020,2020,15,Los Angeles Rams,20,23,New York Jets,LAR,-17,44.5
12/20/2020,2020,15,Miami Dolphins,22,12,New England Patriots,NE,-1,40
12/20/2020,2020,15,Minnesota Vikings,27,33,Chicago Bears,MIN,-3,47
12/20/2020,2020,15,New Orleans Saints,29,32,Kansas City Chiefs,KC,-2.5,54
12/20/2020,2020,15,New York Giants,6,20,Cleveland Browns,CLE,-6.5,44.5
12/20/2020,2020,15,Tennessee Titans,46,25,Detroit Lions,TEN,-8.5,54
12/20/2020,2020,15,Washington,15,20,Seattle Seahawks,SEA,-6,44
12/21/2020,2020,15,Cincinnati Bengals,27,17,Pittsburgh Steelers,PIT,-14.5,40.5
12/25/2020,2020,16,New Orleans Saints,52,33,Minnesota Vikings,NO,-6.5,49.5
12/26/2020,2020,16,Arizona Cardinals,12,20,San Francisco 49ers,ARI,-6,49
12/26/2020,2020,16,Detroit Lions,7,47,Tampa Bay Buccaneers,TB,-12,55
12/26/2020,2020,16,Las Vegas Raiders,25,26,Miami Dolphins,MIA,-2.5,50
12/27/2020,2020,16,Baltimore Ravens,27,13,New York Giants,BAL,-9.5,43.5
12/27/2020,2020,16,Dallas Cowboys,37,17,Philadelphia Eagles,PHI,-3,50.5
12/27/2020,2020,16,Green Bay Packers,40,14,Tennessee Titans,GB,-3,52.5
12/27/2020,2020,16,Houston Texans,31,37,Cincinnati Bengals,HOU,-7.5,46
12/27/2020,2020,16,Jacksonville Jaguars,17,41,Chicago Bears,CHI,-9.5,47
12/27/2020,2020,16,Kansas City Chiefs,17,14,Atlanta Falcons,KC,-11,54
12/27/2020,2020,16,Los Angeles Chargers,19,16,Denver Broncos,LAC,-2,47.5
12/27/2020,2020,16,New York Jets,23,16,Cleveland Browns,CLE,-6.5,45
12/27/2020,2020,16,Pittsburgh Steelers,28,24,Indianapolis Colts,IND,-1,42.5
12/27/2020,2020,16,Seattle Seahawks,20,9,Los Angeles Rams,SEA,-1.5,48
12/27/2020,2020,16,Washington,13,20,Carolina Panthers,CAR,-1,42
12/28/2020,2020,16,New England Patriots,9,38,Buffalo Bills,BUF,-7,47
1/3/2021,2020,17,Buffalo Bills,56,26,Miami Dolphins,MIA,-3,42.5
1/3/2021,2020,17,Carolina Panthers,7,33,New Orleans Saints,NO,-6,46.5
1/3/2021,2020,17,Chicago Bears,16,35,Green Bay Packers,GB,-4.5,48.5
1/3/2021,2020,17,Cincinnati Bengals,3,38,Baltimore Ravens,BAL,-13.5,45
1/3/2021,2020,17,Cleveland Browns,24,22,Pittsburgh Steelers,CLE,-10.5,44.5
1/3/2021,2020,17,Denver Broncos,31,32,Las Vegas Raiders,LVR,-2.5,50.5
1/3/2021,2020,17,Detroit Lions,35,37,Minnesota Vikings,MIN,-3,53.5
1/3/2021,2020,17,Houston Texans,38,41,Tennessee Titans,TEN,-7,55.5
1/3/2021,2020,17,Indianapolis Colts,28,14,Jacksonville Jaguars,IND,-15.5,48
1/3/2021,2020,17,Kansas City Chiefs,21,38,Los Angeles Chargers,LAC,-6.5,43
1/3/2021,2020,17,Los Angeles Rams,18,7,Arizona Cardinals,LAR,-1,42
1/3/2021,2020,17,New England Patriots,28,14,New York Jets,NE,-3,41
1/3/2021,2020,17,New York Giants,23,19,Dallas Cowboys,DAL,-1.5,43.5
1/3/2021,2020,17,Philadelphia Eagles,14,20,Washington Football Team,WAS,-6.5,43.5
1/3/2021,2020,17,San Francisco 49ers,23,26,Seattle Seahawks,SEA,-7,45
1/3/2021,2020,17,Tampa Bay Buccaneers,44,27,Atlanta Falcons,TB,-7,51
1/9/2021,2020,Wildcard,Buffalo Bills,27,24,Indianapolis Colts,BUF,-7,50.5
1/9/2021,2020,Wildcard,Seattle Seahawks,20,30,Los Angeles Rams,SEA,-3,42.5
1/9/2021,2020,Wildcard,Washington,23,31,Tampa Bay Buccaneers,TB,-10,45
1/10/2021,2020,Wildcard,New Orleans Saints,21,9,Chicago Bears,NO,-11,48
1/10/2021,2020,Wildcard,Pittsburgh Steelers,37,48,Cleveland Browns,PIT,-5.5,47.5
1/10/2021,2020,Wildcard,Tennessee Titans,13,20,Baltimore Ravens,BAL,-3.5,53.5
1/16/2021,2020,Division,Buffalo Bills,17,3,Baltimore Ravens,BUF,-2.5,49.5
1/16/2021,2020,Division,Green Bay Packers,32,18,Los Angeles Rams,GB,-7,45
1/17/2021,2020,Division,Kansas City Chiefs,22,17,Cleveland Browns,KC,-8,56
1/17/2021,2020,Division,New Orleans Saints,20,30,Tampa Bay Buccaneers,NO,-2.5,53
1/24/2021,2020,Conference,Green Bay Packers,26,31,Tampa Bay Buccaneers,GB,-3,53
1/24/2021,2020,Conference,Kansas City Chiefs,38,24,Buffalo Bills,KC,-3,55
2/7/2021,2020,Superbowl,Tampa Bay Buccaneers,31,9,Kansas City Chiefs,KC,-3,54.5
9/9/2021,2021,1,Tampa Bay Buccaneers,31,29,Dallas Cowboys,TB,-7.5,51.5
9/12/2021,2021,1,Atlanta Falcons,6,32,Philadelphia Eagles,ATL,-3.5,48
9/12/2021,2021,1,Buffalo Bills,16,23,Pittsburgh Steelers,BUF,-6.5,48.5
9/12/2021,2021,1,Carolina Panthers,19,14,New York Jets,CAR,-5,44.5
9/12/2021,2021,1,Cincinnati Bengals,27,24,Minnesota Vikings,MIN,-3,48
9/12/2021,2021,1,Detroit Lions,33,41,San Francisco 49ers,SF,-7.5,46
9/12/2021,2021,1,Houston Texans,37,21,Jacksonville Jaguars,JAX,-3,44.5
9/12/2021,2021,1,Indianapolis Colts,16,28,Seattle Seahawks,SEA,-2.5,48.5
9/12/2021,2021,1,Kansas City Chiefs,33,29,Cleveland Browns,KC,-6,53
9/12/2021,2021,1,Los Angeles Rams,34,14,Chicago Bears,LAR,-7.5,44.5
9/12/2021,2021,1,New England Patriots,16,17,Miami Dolphins,NE,-2.5,44.5
9/12/2021,2021,1,New Orleans Saints,38,3,Green Bay Packers,GB,-4,49.5
9/12/2021,2021,1,New York Giants,13,27,Denver Broncos,DEN,-2.5,42.5
9/12/2021,2021,1,Tennessee Titans,13,38,Arizona Cardinals,TEN,-3,51.5
9/12/2021,2021,1,Washington,16,20,Los Angeles Chargers,LAC,-1,44.5
9/13/2021,2021,1,Las Vegas Raiders,33,27,Baltimore Ravens,BAL,-4.5,51
9/16/2021,2021,2,Washington,30,29,New York Giants,WAS,-3,41
9/19/2021,2021,2,Arizona Cardinals,34,33,Minnesota Vikings,ARI,-4,51
9/19/2021,2021,2,Baltimore Ravens,36,35,Kansas City Chiefs,KC,-4,55.5
9/19/2021,2021,2,Carolina Panthers,26,7,New Orleans Saints,NO,-3.5,44
9/19/2021,2021,2,Chicago Bears,20,17,Cincinnati Bengals,CHI,-3,45
9/19/2021,2021,2,Cleveland Browns,31,21,Houston Texans,CLE,-12.5,48
9/19/2021,2021,2,Indianapolis Colts,24,27,Los Angeles Rams,LAR,-4,47.5
9/19/2021,2021,2,Jacksonville Jaguars,13,23,Denver Broncos,DEN,-6,45.5
9/19/2021,2021,2,Los Angeles Chargers,17,20,Dallas Cowboys,LAC,-3,55
9/19/2021,2021,2,Miami Dolphins,0,35,Buffalo Bills,BUF,-3,48
9/19/2021,2021,2,New York Jets,6,25,New England Patriots,NE,-5.5,42.5
9/19/2021,2021,2,Philadelphia Eagles,11,17,San Francisco 49ers,SF,-3.5,50
9/19/2021,2021,2,Pittsburgh Steelers,17,26,Las Vegas Raiders,PIT,-6,47.5
9/19/2021,2021,2,Seattle Seahawks,30,33,Tennessee Titans,SEA,-5.5,54
9/19/2021,2021,2,Tampa Bay Buccaneers,48,25,Atlanta Falcons,TB,-12.5,52
9/20/2021,2021,2,Green Bay Packers,35,17,Detroit Lions,GB,-10.5,48
9/23/2021,2021,3,Houston Texans,9,24,Carolina Panthers,CAR,-8,43
9/26/2021,2021,3,Buffalo Bills,43,21,Washington Football Team,BUF,-7,45.5
9/26/2021,2021,3,Cleveland Browns,26,6,Chicago Bears,CLE,-7.5,45
9/26/2021,2021,3,Denver Broncos,26,0,New York Jets,DEN,-10,41.5
9/26/2021,2021,3,Detroit Lions,17,19,Baltimore Ravens,BAL,-7.5,51
9/26/2021,2021,3,Jacksonville Jaguars,19,31,Arizona Cardinals,ARI,-8,51.5
9/26/2021,2021,3,Kansas City Chiefs,24,30,Los Angeles Chargers,KC,-7,55
9/26/2021,2021,3,Las Vegas Raiders,31,28,Miami Dolphins,LVR,-3.5,45
9/26/2021,2021,3,Los Angeles Rams,34,24,Tampa Bay Buccaneers,TB,-1,55
9/26/2021,2021,3,Minnesota Vikings,30,17,Seattle Seahawks,SEA,-2,54
9/26/2021,2021,3,New England Patriots,13,28,New Orleans Saints,NE,-3,43.5
9/26/2021,2021,3,New York Giants,14,17,Atlanta Falcons,NYG,-2.5,48
9/26/2021,2021,3,Pittsburgh Steelers,10,24,Cincinnati Bengals,PIT,-2.5,42.5
9/26/2021,2021,3,San Francisco 49ers,28,30,Green Bay Packers,SF,-3,50.5
9/26/2021,2021,3,Tennessee Titans,25,16,Indianapolis Colts,TEN,-5,47
9/27/2021,2021,3,Dallas Cowboys,41,21,Philadelphia Eagles,DAL,-3.5,51.5
9/30/2021,2021,4,Cincinnati Bengals,24,21,Jacksonville Jaguars,CIN,-7.5,46
10/3/2021,2021,4,Atlanta Falcons,30,34,Washington Football Team,WAS,-2,47.5
10/3/2021,2021,4,Buffalo Bills,40,0,Houston Texans,BUF,-19,47.5
10/3/2021,2021,4,Chicago Bears,24,14,Detroit Lions,CHI,-3,41.5
10/3/2021,2021,4,Dallas Cowboys,36,28,Carolina Panthers,DAL,-4.5,51.5
10/3/2021,2021,4,Denver Broncos,7,23,Baltimore Ravens,DEN,-1,44
10/3/2021,2021,4,Green Bay Packers,27,17,Pittsburgh Steelers,GB,-6,45
10/3/2021,2021,4,Los Angeles Rams,20,37,Arizona Cardinals,LAR,-4,54
10/3/2021,2021,4,Miami Dolphins,17,27,Indianapolis Colts,MIA,-2.5,41.5
10/3/2021,2021,4,Minnesota Vikings,7,14,Cleveland Browns,CLE,-1,52
10/3/2021,2021,4,New England Patriots,17,19,Tampa Bay Buccaneers,TB,-6.5,49
10/3/2021,2021,4,New Orleans Saints,21,27,New York Giants,NO,-7,42.5
10/3/2021,2021,4,New York Jets,27,24,Tennessee Titans,TEN,-6,44.5
10/3/2021,2021,4,Philadelphia Eagles,30,42,Kansas City Chiefs,KC,-7,54
10/3/2021,2021,4,San Francisco 49ers,21,28,Seattle Seahawks,SF,-2.5,52
10/4/2021,2021,4,Los Angeles Chargers,28,14,Las Vegas Raiders,LAC,-3,51.5
10/7/2021,2021,5,Seattle Seahawks,17,26,Los Angeles Rams,LAR,-2.5,53.5
10/10/2021,2021,5,Arizona Cardinals,17,10,San Francisco 49ers,ARI,-6,48.5
10/10/2021,2021,5,Atlanta Falcons,27,20,New York Jets,ATL,-3,45.5
10/10/2021,2021,5,Carolina Panthers,18,21,Philadelphia Eagles,CAR,-2.5,46
10/10/2021,2021,5,Cincinnati Bengals,22,25,Green Bay Packers,GB,-2,50
10/10/2021,2021,5,Dallas Cowboys,44,20,New York Giants,DAL,-7,52.5
10/10/2021,2021,5,Houston Texans,22,25,New England Patriots,NE,-8,39
10/10/2021,2021,5,Jacksonville Jaguars,19,37,Tennessee Titans,TEN,-4.5,49
10/10/2021,2021,5,Kansas City Chiefs,20,38,Buffalo Bills,KC,-3,57
10/10/2021,2021,5,Las Vegas Raiders,9,20,Chicago Bears,LVR,-5.5,46
10/10/2021,2021,5,Los Angeles Chargers,47,42,Cleveland Browns,LAC,-2.5,47
10/10/2021,2021,5,Minnesota Vikings,19,17,Detroit Lions,MIN,-10,49.5
10/10/2021,2021,5,Pittsburgh Steelers,27,19,Denver Broncos,DEN,-1.5,40
10/10/2021,2021,5,Tampa Bay Buccaneers,45,17,Miami Dolphins,TB,-11,48
10/10/2021,2021,5,Washington,22,33,New Orleans Saints,NO,-2.5,43.5
10/11/2021,2021,5,Baltimore Ravens,31,25,Indianapolis Colts,BAL,-7.5,46.5
10/14/2021,2021,6,Philadelphia Eagles,22,28,Tampa Bay Buccaneers,TB,-7,53
10/17/2021,2021,6,Baltimore Ravens,34,6,Los Angeles Chargers,BAL,-3,51
10/17/2021,2021,6,Carolina Panthers,28,34,Minnesota Vikings,MIN,-2.5,45.5
10/17/2021,2021,6,Chicago Bears,14,24,Green Bay Packers,GB,-5.5,44
10/17/2021,2021,6,Cleveland Browns,14,37,Arizona Cardinals,CLE,-3,48
10/17/2021,2021,6,Denver Broncos,24,34,Las Vegas Raiders,DEN,-5,45
10/17/2021,2021,6,Detroit Lions,11,34,Cincinnati Bengals,CIN,-3.5,46.5
10/17/2021,2021,6,Indianapolis Colts,31,3,Houston Texans,IND,-11.5,45
10/17/2021,2021,6,Jacksonville Jaguars,23,20,Miami Dolphins,MIA,-1.5,47.5
10/17/2021,2021,6,New England Patriots,29,35,Dallas Cowboys,DAL,-3.5,50.5
10/17/2021,2021,6,New York Giants,11,38,Los Angeles Rams,LAR,-7.5,49
10/17/2021,2021,6,Pittsburgh Steelers,23,20,Seattle Seahawks,PIT,-5.5,43
10/17/2021,2021,6,Washington,13,31,Kansas City Chiefs,KC,-6.5,54
10/18/2021,2021,6,Tennessee Titans,34,31,Buffalo Bills,BUF,-6,53.5
10/21/2021,2021,7,Cleveland Browns,17,14,Denver Broncos,CLE,-2,40
10/24/2021,2021,7,Arizona Cardinals,31,5,Houston Texans,ARI,-20,47.5
10/24/2021,2021,7,Baltimore Ravens,17,41,Cincinnati Bengals,BAL,-6.5,46
10/24/2021,2021,7,Green Bay Packers,24,10,Washington Football Team,GB,-8.5,48
10/24/2021,2021,7,Las Vegas Raiders,33,22,Philadelphia Eagles,LVR,-1,48
10/24/2021,2021,7,Los Angeles Rams,28,19,Detroit Lions,LAR,-16,51
10/24/2021,2021,7,Miami Dolphins,28,30,Atlanta Falcons,ATL,-1.5,47.5
10/24/2021,2021,7,New England Patriots,54,13,New York Jets,NE,-7,42.5
10/24/2021,2021,7,New York Giants,25,3,Carolina Panthers,CAR,-3,43
10/24/2021,2021,7,San Francisco 49ers,18,30,Indianapolis Colts,SF,-3.5,41.5
10/24/2021,2021,7,Tampa Bay Buccaneers,38,3,Chicago Bears,TB,-12,47
10/24/2021,2021,7,Tennessee Titans,27,3,Kansas City Chiefs,KC,-4,58.5
10/25/2021,2021,7,Seattle Seahawks,10,13,New Orleans Saints,NO,-6,42
10/28/2021,2021,8,Arizona Cardinals,21,24,Green Bay Packers,ARI,-6.5,51
10/31/2021,2021,8,Atlanta Falcons,13,19,Carolina Panthers,ATL,-2.5,47
10/31/2021,2021,8,Buffalo Bills,26,11,Miami Dolphins,BUF,-15,48.5
10/31/2021,2021,8,Chicago Bears,22,33,San Francisco 49ers,SF,-4.5,40
10/31/2021,2021,8,Cleveland Browns,10,15,Pittsburgh Steelers,CLE,-5.5,43
10/31/2021,2021,8,Denver Broncos,17,10,Washington Football Team,DEN,-4,45
10/31/2021,2021,8,Detroit Lions,6,44,Philadelphia Eagles,PHI,-3,48
10/31/2021,2021,8,Houston Texans,22,38,Los Angeles Rams,LAR,-16.5,47
10/31/2021,2021,8,Indianapolis Colts,31,34,Tennessee Titans,IND,-3,51
10/31/2021,2021,8,Los Angeles Chargers,24,27,New England Patriots,LAC,-3.5,50.5
10/31/2021,2021,8,Minnesota Vikings,16,20,Dallas Cowboys,MIN,-4,49
10/31/2021,2021,8,New Orleans Saints,36,27,Tampa Bay Buccaneers,TB,-4,48
10/31/2021,2021,8,New York Jets,34,31,Cincinnati Bengals,CIN,-11.5,43
10/31/2021,2021,8,Seattle Seahawks,31,7,Jacksonville Jaguars,SEA,-4,44.5
11/1/2021,2021,8,Kansas City Chiefs,20,17,New York Giants,KC,-10.5,53
11/4/2021,2021,9,Indianapolis Colts,45,30,New York Jets,IND,-10,45.5
11/7/2021,2021,9,Baltimore Ravens,34,31,Minnesota Vikings,BAL,-7,51
11/7/2021,2021,9,Carolina Panthers,6,24,New England Patriots,NE,-3.5,41.5
11/7/2021,2021,9,Cincinnati Bengals,16,41,Cleveland Browns,CIN,-2,47.5
11/7/2021,2021,9,Dallas Cowboys,16,30,Denver Broncos,DAL,-10,50
11/7/2021,2021,9,Jacksonville Jaguars,9,6,Buffalo Bills,BUF,-14.5,48.5
11/7/2021,2021,9,Kansas City Chiefs,13,7,Green Bay Packers,KC,-7,48
11/7/2021,2021,9,Los Angeles Rams,16,28,Tennessee Titans,LAR,-7,53
11/7/2021,2021,9,Miami Dolphins,17,9,Houston Texans,MIA,-4,45
11/7/2021,2021,9,New Orleans Saints,25,27,Atlanta Falcons,NO,-6.5,43
11/7/2021,2021,9,New York Giants,23,16,Las Vegas Raiders,LVR,-3,47
11/7/2021,2021,9,Philadelphia Eagles,24,27,Los Angeles Chargers,LAC,-1,49.5
11/7/2021,2021,9,San Francisco 49ers,17,31,Arizona Cardinals,SF,-5.5,44.5
11/8/2021,2021,9,Pittsburgh Steelers,29,27,Chicago Bears,PIT,-7,40
11/11/2021,2021,10,Miami Dolphins,22,10,Baltimore Ravens,BAL,-8.5,47
11/14/2021,2021,10,Arizona Cardinals,10,34,Carolina Panthers,ARI,-7,41.5
11/14/2021,2021,10,Dallas Cowboys,43,3,Atlanta Falcons,DAL,-7.5,55
11/14/2021,2021,10,Denver Broncos,13,30,Philadelphia Eagles,DEN,-1,44.5
11/14/2021,2021,10,Green Bay Packers,17,0,Seattle Seahawks,GB,-3,49
11/14/2021,2021,10,Indianapolis Colts,23,17,Jacksonville Jaguars,IND,-10.5,48
11/14/2021,2021,10,Las Vegas Raiders,14,41,Kansas City Chiefs,KC,-2.5,54
11/14/2021,2021,10,Los Angeles Chargers,20,27,Minnesota Vikings,LAC,-3,53.5
11/14/2021,2021,10,New England Patriots,45,7,Cleveland Browns,NE,-2.5,45
11/14/2021,2021,10,New York Jets,17,45,Buffalo Bills,BUF,-13.5,48.5
11/14/2021,2021,10,Pittsburgh Steelers,16,16,Detroit Lions,PIT,-6,40.5
11/14/2021,2021,10,Tennessee Titans,23,21,New Orleans Saints,TEN,-3,42.5
11/14/2021,2021,10,Washington,29,19,Tampa Bay Buccaneers,TB,-10,50.5
11/15/2021,2021,10,San Francisco 49ers,31,10,Los Angeles Rams,LAR,-3.5,50
11/18/2021,2021,11,Atlanta Falcons,0,25,New England Patriots,NE,-7,47
11/21/2021,2021,11,Buffalo Bills,15,41,Indianapolis Colts,BUF,-7,49.5
11/21/2021,2021,11,Carolina Panthers,21,27,Washington Football Team,CAR,-3,43
11/21/2021,2021,11,Chicago Bears,13,16,Baltimore Ravens,BAL,-1,40.5
11/21/2021,2021,11,Cleveland Browns,13,10,Detroit Lions,CLE,-13.5,42.5
11/21/2021,2021,11,Jacksonville Jaguars,10,30,San Francisco 49ers,SF,-6.5,45.5
11/21/2021,2021,11,Kansas City Chiefs,19,9,Dallas Cowboys,KC,-2.5,56
11/21/2021,2021,11,Las Vegas Raiders,13,32,Cincinnati Bengals,CIN,-2,50.5
11/21/2021,2021,11,Los Angeles Chargers,41,37,Pittsburgh Steelers,LAC,-6,47.5
11/21/2021,2021,11,Minnesota Vikings,34,31,Green Bay Packers,GB,-1,47
11/21/2021,2021,11,New York Jets,17,24,Miami Dolphins,MIA,-3.5,44.5
11/21/2021,2021,11,Philadelphia Eagles,40,29,New Orleans Saints,PHI,-3,42
11/21/2021,2021,11,Seattle Seahawks,13,23,Arizona Cardinals,SEA,-4.5,45
11/21/2021,2021,11,Tennessee Titans,13,22,Houston Texans,TEN,-10,44.5
11/22/2021,2021,11,Tampa Bay Buccaneers,30,10,New York Giants,TB,-11.5,50
11/25/2021,2021,12,Dallas Cowboys,33,36,Las Vegas Raiders,DAL,-7,51
11/25/2021,2021,12,Detroit Lions,14,16,Chicago Bears,CHI,-2,41.5
11/25/2021,2021,12,New Orleans Saints,6,31,Buffalo Bills,BUF,-7,45
11/28/2021,2021,12,Baltimore Ravens,16,10,Cleveland Browns,BAL,-3,47.5
11/28/2021,2021,12,Cincinnati Bengals,41,10,Pittsburgh Steelers,CIN,-3.5,43.5
11/28/2021,2021,12,Denver Broncos,28,13,Los Angeles Chargers,LAC,-3,47
11/28/2021,2021,12,Green Bay Packers,36,28,Los Angeles Rams,LAR,-2,46.5
11/28/2021,2021,12,Houston Texans,14,21,New York Jets,HOU,-3,44.5
11/28/2021,2021,12,Indianapolis Colts,31,38,Tampa Bay Buccaneers,TB,-3,53
11/28/2021,2021,12,Jacksonville Jaguars,14,21,Atlanta Falcons,ATL,-1.5,46
11/28/2021,2021,12,Miami Dolphins,33,10,Carolina Panthers,CAR,-1,41
11/28/2021,2021,12,New England Patriots,36,13,Tennessee Titans,NE,-7,43
11/28/2021,2021,12,New York Giants,13,7,Philadelphia Eagles,PHI,-4,45
11/28/2021,2021,12,San Francisco 49ers,34,26,Minnesota Vikings,SF,-4,49
11/29/2021,2021,12,Washington,17,15,Seattle Seahawks,SEA,-1.5,46.5
12/2/2021,2021,13,New Orleans Saints,17,27,Dallas Cowboys,DAL,-6.5,45.5
12/5/2021,2021,13,Atlanta Falcons,17,30,Tampa Bay Buccaneers,TB,-10.5,51
12/5/2021,2021,13,Chicago Bears,22,33,Arizona Cardinals,ARI,-7.5,43
12/5/2021,2021,13,Cincinnati Bengals,22,41,Los Angeles Chargers,CIN,-2.5,49.5
12/5/2021,2021,13,Detroit Lions,29,27,Minnesota Vikings,MIN,-7,47
12/5/2021,2021,13,Houston Texans,0,31,Indianapolis Colts,IND,-10,45.5
12/5/2021,2021,13,Kansas City Chiefs,22,9,Denver Broncos,KC,-8.5,46.5
12/5/2021,2021,13,Las Vegas Raiders,15,17,Washington Football Team,LVR,-1.5,47.5
12/5/2021,2021,13,Los Angeles Rams,37,7,Jacksonville Jaguars,LAR,-14,48
12/5/2021,2021,13,Miami Dolphins,20,9,New York Giants,MIA,-7,40
12/5/2021,2021,13,New York Jets,18,33,Philadelphia Eagles,PHI,-5,44
12/5/2021,2021,13,Pittsburgh Steelers,20,19,Baltimore Ravens,BAL,-4,44
12/5/2021,2021,13,Seattle Seahawks,30,23,San Francisco 49ers,SF,-3,45
12/6/2021,2021,13,Buffalo Bills,10,14,New England Patriots,BUF,-3,39.5
12/9/2021,2021,14,Minnesota Vikings,36,28,Pittsburgh Steelers,MIN,-3.5,45
12/12/2021,2021,14,Carolina Panthers,21,29,Atlanta Falcons,CAR,-2.5,41.5
12/12/2021,2021,14,Cincinnati Bengals,23,26,San Francisco 49ers,SF,-1.5,49
12/12/2021,2021,14,Cleveland Browns,24,22,Baltimore Ravens,CLE,-3,44
12/12/2021,2021,14,Denver Broncos,38,10,Detroit Lions,DEN,-12.5,42
12/12/2021,2021,14,Green Bay Packers,45,30,Chicago Bears,GB,-12,43
12/12/2021,2021,14,Houston Texans,13,33,Seattle Seahawks,SEA,-9.5,41
12/12/2021,2021,14,Kansas City Chiefs,48,9,Las Vegas Raiders,KC,-9.5,48
12/12/2021,2021,14,Los Angeles Chargers,37,21,New York Giants,LAC,-9,43.5
12/12/2021,2021,14,New York Jets,9,30,New Orleans Saints,NO,-4.5,42
12/12/2021,2021,14,Tampa Bay Buccaneers,33,27,Buffalo Bills,TB,-3.5,52.5
12/12/2021,2021,14,Tennessee Titans,20,0,Jacksonville Jaguars,TEN,-8.5,44.5
12/12/2021,2021,14,Washington,20,27,Dallas Cowboys,DAL,-6.5,48
12/13/2021,2021,14,Arizona Cardinals,23,30,Los Angeles Rams,ARI,-3,51
12/16/2021,2021,15,Los Angeles Chargers,28,34,Kansas City Chiefs,KC,-3,54
12/18/2021,2021,15,Indianapolis Colts,27,17,New England Patriots,IND,-1.5,46
12/19/2021,2021,15,Baltimore Ravens,30,31,Green Bay Packers,GB,-9,45.5
12/19/2021,2021,15,Buffalo Bills,31,14,Carolina Panthers,BUF,-14.5,43
12/19/2021,2021,15,Denver Broncos,10,15,Cincinnati Bengals,DEN,-3,44
12/19/2021,2021,15,Detroit Lions,30,12,Arizona Cardinals,ARI,-13,48.5
12/19/2021,2021,15,Jacksonville Jaguars,16,30,Houston Texans,JAX,-6,40
12/19/2021,2021,15,Miami Dolphins,31,24,New York Jets,MIA,-10,42
12/19/2021,2021,15,New York Giants,6,21,Dallas Cowboys,DAL,-12,43.5
12/19/2021,2021,15,Pittsburgh Steelers,19,13,Tennessee Titans,PIT,-1,44
12/19/2021,2021,15,San Francisco 49ers,31,13,Atlanta Falcons,SF,-9,47.5
12/19/2021,2021,15,Tampa Bay Buccaneers,0,9,New Orleans Saints,TB,-11.5,45.5
12/20/2021,2021,15,Chicago Bears,9,17,Minnesota Vikings,MIN,-7,47
12/20/2021,2021,15,Cleveland Browns,14,16,Las Vegas Raiders,LVR,-1,40.5
12/21/2021,2021,15,Los Angeles Rams,20,10,Seattle Seahawks,LAR,-7,47
12/21/2021,2021,15,Philadelphia Eagles,27,17,Washington Football Team,PHI,-10,39.5
12/23/2021,2021,16,Tennessee Titans,20,17,San Francisco 49ers,SF,-3.5,45.5
12/25/2021,2021,16,Arizona Cardinals,16,22,Indianapolis Colts,ARI,-3,48
12/25/2021,2021,16,Green Bay Packers,24,22,Cleveland Browns,GB,-7.5,46.5
12/26/2021,2021,16,Atlanta Falcons,20,16,Detroit Lions,ATL,-7.5,42.5
12/26/2021,2021,16,Carolina Panthers,6,32,Tampa Bay Buccaneers,TB,-11,44.5
12/26/2021,2021,16,Cincinnati Bengals,41,21,Baltimore Ravens,CIN,-7.5,43.5
12/26/2021,2021,16,Dallas Cowboys,56,14,Washington Football Team,DAL,-10,46
12/26/2021,2021,16,Houston Texans,41,29,Los Angeles Chargers,LAC,-13,45.5
12/26/2021,2021,16,Kansas City Chiefs,36,10,Pittsburgh Steelers,KC,-10,44.5
12/26/2021,2021,16,Las Vegas Raiders,17,13,Denver Broncos,DEN,-1,41.5
12/26/2021,2021,16,Minnesota Vikings,23,30,Los Angeles Rams,LAR,-3,48.5
12/26/2021,2021,16,New England Patriots,21,33,Buffalo Bills,NE,-1,43.5
12/26/2021,2021,16,New York Jets,26,21,Jacksonville Jaguars,NYJ,-2.5,43
12/26/2021,2021,16,Philadelphia Eagles,34,10,New York Giants,PHI,-11,41
12/26/2021,2021,16,Seattle Seahawks,24,25,Chicago Bears,SEA,-7,41
12/27/2021,2021,16,New Orleans Saints,3,20,Miami Dolphins,MIA,-3,37.5
1/2/2022,2021,17,Baltimore Ravens,19,20,Los Angeles Rams,LAR,-7,46.5
1/2/2022,2021,17,Buffalo Bills,29,15,Atlanta Falcons,BUF,-14,46
1/2/2022,2021,17,Chicago Bears,29,3,New York Giants,CHI,-6.5,36.5
1/2/2022,2021,17,Cincinnati Bengals,34,31,Kansas City Chiefs,KC,-3.5,51
1/2/2022,2021,17,Dallas Cowboys,22,25,Arizona Cardinals,DAL,-6.5,52.5
1/2/2022,2021,17,Green Bay Packers,37,10,Minnesota Vikings,GB,-13,42.5
1/2/2022,2021,17,Indianapolis Colts,20,23,Las Vegas Raiders,IND,-8.5,46.5
1/2/2022,2021,17,Los Angeles Chargers,34,13,Denver Broncos,LAC,-7.5,46
1/2/2022,2021,17,New England Patriots,50,10,Jacksonville Jaguars,NE,-17.5,41.5
1/2/2022,2021,17,New Orleans Saints,18,10,Carolina Panthers,NO,-7,37
1/2/2022,2021,17,New York Jets,24,28,Tampa Bay Buccaneers,TB,-14,47.5
1/2/2022,2021,17,San Francisco 49ers,23,7,Houston Texans,SF,-13.5,44.5
1/2/2022,2021,17,Seattle Seahawks,51,29,Detroit Lions,SEA,-8.5,41.5
1/2/2022,2021,17,Tennessee Titans,34,3,Miami Dolphins,TEN,-3,41
1/2/2022,2021,17,Washington,16,20,Philadelphia Eagles,PHI,-4.5,44.5
1/3/2022,2021,17,Pittsburgh Steelers,26,14,Cleveland Browns,PIT,-2,42
1/8/2022,2021,18,Denver Broncos,24,28,Kansas City Chiefs,KC,-11.5,44.5
1/8/2022,2021,18,Philadelphia Eagles,26,51,Dallas Cowboys,DAL,-6,46.5
1/9/2022,2021,18,Arizona Cardinals,30,38,Seattle Seahawks,ARI,-5,48.5
1/9/2022,2021,18,Atlanta Falcons,20,30,New Orleans Saints,NO,-4.5,40
1/9/2022,2021,18,Baltimore Ravens,13,16,Pittsburgh Steelers,BAL,-3,41
1/9/2022,2021,18,Buffalo Bills,27,10,New York Jets,BUF,-16,42
1/9/2022,2021,18,Cleveland Browns,21,16,Cincinnati Bengals,CLE,-6.5,38
1/9/2022,2021,18,Detroit Lions,37,30,Green Bay Packers,GB,-4,45
1/9/2022,2021,18,Houston Texans,25,28,Tennessee Titans,TEN,-10.5,43
1/9/2022,2021,18,Jacksonville Jaguars,26,11,Indianapolis Colts,IND,-14,43
1/9/2022,2021,18,Las Vegas Raiders,35,32,Los Angeles Chargers,LAC,-3,49.5
1/9/2022,2021,18,Los Angeles Rams,24,27,San Francisco 49ers,SF,-3.5,46.5
1/9/2022,2021,18,Miami Dolphins,33,24,New England Patriots,NE,-6,41
1/9/2022,2021,18,Minnesota Vikings,31,17,Chicago Bears,MIN,-3.5,44.5
1/9/2022,2021,18,New York Giants,7,22,Washington Football Team,WAS,-6,36
1/9/2022,2021,18,Tampa Bay Buccaneers,41,17,Carolina Panthers,TB,-10.5,43.5
1/15/2022,2021,Wildcard,Buffalo Bills,47,17,New England Patriots,BUF,-4.5,43
1/15/2022,2021,Wildcard,Cincinnati Bengals,26,19,Las Vegas Raiders,CIN,-6,48.5
1/16/2022,2021,Wildcard,Dallas Cowboys,17,23,San Francisco 49ers,DAL,-3.5,51
1/16/2022,2021,Wildcard,Kansas City Chiefs,42,21,Pittsburgh Steelers,KC,-12.5,47
1/16/2022,2021,Wildcard,Tampa Bay Buccaneers,31,15,Philadelphia Eagles,TB,-7,47
1/17/2022,2021,Wildcard,Los Angeles Rams,34,11,Arizona Cardinals,LAR,-3.5,49
1/22/2022,2021,Division,Green Bay Packers,10,13,San Francisco 49ers,GB,-5.5,47
1/22/2022,2021,Division,Tennessee Titans,16,19,Cincinnati Bengals,TEN,-4,48.5
1/23/2022,2021,Division,Kansas City Chiefs,42,36,Buffalo Bills,KC,-2.5,54
1/23/2022,2021,Division,Tampa Bay Buccaneers,27,30,Los Angeles Rams,TB,-3,48
1/30/2022,2021,Conference,Kansas City Chiefs,24,27,Cincinnati Bengals,KC,-7,54.5
1/30/2022,2021,Conference,Los Angeles Rams,20,17,San Francisco 49ers,LAR,-3.5,46
2/13/2022,2021,Superbowl,Cincinnati Bengals,20,23,Los Angeles Rams,LAR,-4.5,48.5
9/8/2022,2022,1,Los Angeles Rams,10,31,Buffalo Bills,BUF,-2,52
9/11/2022,2022,1,Arizona Cardinals,21,44,Kansas City Chiefs,KC,-6,54
9/11/2022,2022,1,Atlanta Falcons,26,27,New Orleans Saints,NO,-5.5,44
9/11/2022,2022,1,Carolina Panthers,24,26,Cleveland Browns,CAR,-1,42
9/11/2022,2022,1,Chicago Bears,19,10,San Francisco 49ers,SF,-6.5,38
9/11/2022,2022,1,Cincinnati Bengals,20,23,Pittsburgh Steelers,CIN,-7,44.5
9/11/2022,2022,1,Dallas Cowboys,3,19,Tampa Bay Buccaneers,TB,-2.5,49.5
9/11/2022,2022,1,Detroit Lions,35,38,Philadelphia Eagles,PHI,-5.5,48.5
9/11/2022,2022,1,Houston Texans,20,20,Indianapolis Colts,IND,-7,45.5
9/11/2022,2022,1,Los Angeles Chargers,24,19,Las Vegas Raiders,LAC,-3.5,52.5
9/11/2022,2022,1,Miami Dolphins,20,7,New England Patriots,MIA,-3,46.5
9/11/2022,2022,1,Minnesota Vikings,23,7,Green Bay Packers,MIN,-2,46.5
9/11/2022,2022,1,New York Jets,9,24,Baltimore Ravens,BAL,-6.5,44
9/11/2022,2022,1,Tennessee Titans,20,21,New York Giants,TEN,-5.5,44
9/11/2022,2022,1,Washington Commanders,28,22,Jacksonville Jaguars,WAS,-3,43
9/12/2022,2022,1,Seattle Seahawks,17,16,Denver Broncos,DEN,-6,44
9/15/2022,2022,2,Kansas City Chiefs,27,24,Los Angeles Chargers,KC,-4,52.5
9/18/2022,2022,2,Baltimore Ravens,38,42,Miami Dolphins,BAL,-3.5,44
9/18/2022,2022,2,Cleveland Browns,30,31,New York Jets,CLE,-6.5,38.5
9/18/2022,2022,2,Dallas Cowboys,20,17,Cincinnati Bengals,CIN,-7,42
9/18/2022,2022,2,Denver Broncos,16,9,Houston Texans,DEN,-10,45.5
9/18/2022,2022,2,Detroit Lions,36,27,Washington Commanders,DET,-1,48
9/18/2022,2022,2,Green Bay Packers,27,10,Chicago Bears,GB,-10,42
9/18/2022,2022,2,Jacksonville Jaguars,24,0,Indianapolis Colts,IND,-3,43.5
9/18/2022,2022,2,Las Vegas Raiders,23,29,Arizona Cardinals,LVR,-5.5,52
9/18/2022,2022,2,Los Angeles Rams,31,27,Atlanta Falcons,LAR,-10,46
9/18/2022,2022,2,New Orleans Saints,10,20,Tampa Bay Buccaneers,TB,-2.5,43.5
9/18/2022,2022,2,New York Giants,19,16,Carolina Panthers,CAR,-1,43.5
9/18/2022,2022,2,Pittsburgh Steelers,14,17,New England Patriots,NE,-3,40
9/18/2022,2022,2,San Francisco 49ers,27,7,Seattle Seahawks,SF,-8.5,39.5
9/19/2022,2022,2,Buffalo Bills,41,7,Tennessee Titans,BUF,-10,47.5
9/19/2022,2022,2,Philadelphia Eagles,24,7,Minnesota Vikings,PHI,-2.5,49.5
9/22/2022,2022,3,Cleveland Browns,29,17,Pittsburgh Steelers,CLE,-4.5,38
9/25/2022,2022,3,Arizona Cardinals,12,20,Los Angeles Rams,LAR,-3.5,48.5
9/25/2022,2022,3,Carolina Panthers,22,14,New Orleans Saints,NO,-2,41
9/25/2022,2022,3,Chicago Bears,23,20,Houston Texans,CHI,-3,39
9/25/2022,2022,3,Denver Broncos,11,10,San Francisco 49ers,SF,-1.5,45
9/25/2022,2022,3,Indianapolis Colts,20,17,Kansas City Chiefs,KC,-5,51
9/25/2022,2022,3,Los Angeles Chargers,10,38,Jacksonville Jaguars,LAC,-6.5,46.5
9/25/2022,2022,3,Miami Dolphins,21,19,Buffalo Bills,BUF,-4,54.5
9/25/2022,2022,3,Minnesota Vikings,28,24,Detroit Lions,MIN,-6.5,51.5
9/25/2022,2022,3,New England Patriots,26,37,Baltimore Ravens,BAL,-2.5,44.5
9/25/2022,2022,3,New York Jets,12,27,Cincinnati Bengals,CIN,-6.5,46
9/25/2022,2022,3,Seattle Seahawks,23,27,Atlanta Falcons,SEA,-1,43.5
9/25/2022,2022,3,Tampa Bay Buccaneers,12,14,Green Bay Packers,TB,-1.5,42
9/25/2022,2022,3,Tennessee Titans,24,22,Las Vegas Raiders,LVR,-2,45.5
9/25/2022,2022,3,Washington Commanders,8,24,Philadelphia Eagles,PHI,-6,47.5
9/26/2022,2022,3,New York Giants,16,23,Dallas Cowboys,NYG,-1,38.5
9/29/2022,2022,4,Cincinnati Bengals,27,15,Miami Dolphins,CIN,-4,49
10/2/2022,2022,4,Atlanta Falcons,23,20,Cleveland Browns,CLE,-1,48.5
10/2/2022,2022,4,Baltimore Ravens,20,23,Buffalo Bills,BUF,-3,50
10/2/2022,2022,4,Carolina Panthers,16,26,Arizona Cardinals,CAR,-1,43.5
10/2/2022,2022,4,Dallas Cowboys,25,10,Washington Commanders,DAL,-3,41
10/2/2022,2022,4,Detroit Lions,45,48,Seattle Seahawks,DET,-3.5,48.5
10/2/2022,2022,4,Green Bay Packers,27,24,New England Patriots,GB,-9.5,40
10/2/2022,2022,4,Houston Texans,24,34,Los Angeles Chargers,LAC,-5.5,45
10/2/2022,2022,4,Indianapolis Colts,17,24,Tennessee Titans,IND,-3.5,43
10/2/2022,2022,4,Las Vegas Raiders,32,23,Denver Broncos,LVR,-2.5,45.5
10/2/2022,2022,4,New Orleans Saints,25,28,Minnesota Vikings,MIN,-4,42
10/2/2022,2022,4,New York Giants,20,12,Chicago Bears,NYG,-3,39.5
10/2/2022,2022,4,Philadelphia Eagles,29,21,Jacksonville Jaguars,PHI,-6.5,44
10/2/2022,2022,4,Pittsburgh Steelers,20,24,New York Jets,PIT,-3,41
10/2/2022,2022,4,Tampa Bay Buccaneers,31,41,Kansas City Chiefs,TB,-1.5,47.5
10/3/2022,2022,4,San Francisco 49ers,24,9,Los Angeles Rams,SF,-1.5,42.5
10/6/2022,2022,5,Denver Broncos,9,12,Indianapolis Colts,DEN,-3,42
10/9/2022,2022,5,Arizona Cardinals,17,20,Philadelphia Eagles,PHI,-5.5,49
10/9/2022,2022,5,Baltimore Ravens,19,17,Cincinnati Bengals,BAL,-3,48
10/9/2022,2022,5,Buffalo Bills,38,3,Pittsburgh Steelers,BUF,-14,44.5
10/9/2022,2022,5,Carolina Panthers,15,37,San Francisco 49ers,SF,-6,40
10/9/2022,2022,5,Cleveland Browns,28,30,Los Angeles Chargers,LAC,-1.5,46.5
10/9/2022,2022,5,Green Bay Packers,22,27,New York Giants,GB,-9,42
10/9/2022,2022,5,Jacksonville Jaguars,6,13,Houston Texans,JAX,-7,43.5
10/9/2022,2022,5,Los Angeles Rams,10,22,Dallas Cowboys,LAR,-5,41.5
10/9/2022,2022,5,Minnesota Vikings,29,22,Chicago Bears,MIN,-8.5,44
10/9/2022,2022,5,New England Patriots,29,0,Detroit Lions,NE,-3,47
10/9/2022,2022,5,New Orleans Saints,39,32,Seattle Seahawks,NO,-5.5,45
10/9/2022,2022,5,New York Jets,40,17,Miami Dolphins,MIA,-3,46
10/9/2022,2022,5,Tampa Bay Buccaneers,21,15,Atlanta Falcons,TB,-10.5,46
10/9/2022,2022,5,Washington Commanders,17,21,Tennessee Titans,TEN,-1,43
10/10/2022,2022,5,Kansas City Chiefs,30,29,Las Vegas Raiders,KC,-7,51.5
10/13/2022,2022,6,Chicago Bears,7,12,Washington Commanders,WAS,-1,38
10/16/2022,2022,6,Atlanta Falcons,28,14,San Francisco 49ers,SF,-4,45.5
10/16/2022,2022,6,Cleveland Browns,15,38,New England Patriots,CLE,-2.5,43
10/16/2022,2022,6,Green Bay Packers,10,27,New York Jets,GB,-7.5,45
10/16/2022,2022,6,Indianapolis Colts,34,27,Jacksonville Jaguars,IND,-1,41
10/16/2022,2022,6,Kansas City Chiefs,20,24,Buffalo Bills,BUF,-2.5,54
10/16/2022,2022,6,Los Angeles Rams,24,10,Carolina Panthers,LAR,-10,41
10/16/2022,2022,6,Miami Dolphins,16,24,Minnesota Vikings,MIN,-3,45
10/16/2022,2022,6,New Orleans Saints,26,30,Cincinnati Bengals,CIN,-3,42.5
10/16/2022,2022,6,New York Giants,24,20,Baltimore Ravens,BAL,-5.5,45.5
10/16/2022,2022,6,Philadelphia Eagles,26,17,Dallas Cowboys,PHI,-6.5,42.5
10/16/2022,2022,6,Pittsburgh Steelers,20,18,Tampa Bay Buccaneers,TB,-10,46.5
10/16/2022,2022,6,Seattle Seahawks,19,9,Arizona Cardinals,ARI,-2.5,50.5
10/17/2022,2022,6,Los Angeles Chargers,19,16,Denver Broncos,LAC,-4,45.5
10/20/2022,2022,7,Arizona Cardinals,42,34,New Orleans Saints,ARI,-2.5,43.5
10/23/2022,2022,7,Baltimore Ravens,23,20,Cleveland Browns,BAL,-6.5,46.5
10/23/2022,2022,7,Carolina Panthers,21,3,Tampa Bay Buccaneers,TB,-13,39.5
10/23/2022,2022,7,Cincinnati Bengals,35,17,Atlanta Falcons,CIN,-6.5,47.5
10/23/2022,2022,7,Dallas Cowboys,24,6,Detroit Lions,DAL,-7,49.5
10/23/2022,2022,7,Denver Broncos,9,16,New York Jets,NYJ,-2,37
10/23/2022,2022,7,Jacksonville Jaguars,17,23,New York Giants,JAX,-3,43.5
10/23/2022,2022,7,Las Vegas Raiders,38,20,Houston Texans,LVR,-7,46
10/23/2022,2022,7,Los Angeles Chargers,23,37,Seattle Seahawks,LAC,-4.5,51
10/23/2022,2022,7,Miami Dolphins,16,10,Pittsburgh Steelers,MIA,-7,44
10/23/2022,2022,7,San Francisco 49ers,23,44,Kansas City Chiefs,KC,-1,49
10/23/2022,2022,7,Tennessee Titans,19,10,Indianapolis Colts,TEN,-2.5,42.5
10/23/2022,2022,7,Washington Commanders,23,21,Green Bay Packers,GB,-4,41.5
10/24/2022,2022,7,New England Patriots,14,33,Chicago Bears,NE,-8.5,40
10/27/2022,2022,8,Tampa Bay Buccaneers,22,27,Baltimore Ravens,TB,-2,46
10/30/2022,2022,8,Atlanta Falcons,37,34,Carolina Panthers,ATL,-4,41
10/30/2022,2022,8,Buffalo Bills,27,17,Green Bay Packers,BUF,-10.5,47
10/30/2022,2022,8,Dallas Cowboys,49,29,Chicago Bears,DAL,-10,42.5
10/30/2022,2022,8,Detroit Lions,27,31,Miami Dolphins,MIA,-3.5,52
10/30/2022,2022,8,Houston Texans,10,17,Tennessee Titans,TEN,-1,39.5
10/30/2022,2022,8,Indianapolis Colts,16,17,Washington Commanders,IND,-3,40
10/30/2022,2022,8,Jacksonville Jaguars,17,21,Denver Broncos,JAX,-1,40.5
10/30/2022,2022,8,Los Angeles Rams,14,31,San Francisco 49ers,LAR,-1,42
10/30/2022,2022,8,Minnesota Vikings,34,26,Arizona Cardinals,MIN,-4,48.5
10/30/2022,2022,8,New Orleans Saints,24,0,Las Vegas Raiders,LVR,-1,48.5
10/30/2022,2022,8,New York Jets,17,22,New England Patriots,NE,-3,40
10/30/2022,2022,8,Philadelphia Eagles,35,13,Pittsburgh Steelers,PHI,-11.5,43
10/30/2022,2022,8,Seattle Seahawks,27,13,New York Giants,SEA,-3,44.5
10/31/2022,2022,8,Cleveland Browns,32,13,Cincinnati Bengals,CIN,-3,45
11/3/2022,2022,9,Houston Texans,17,29,Philadelphia Eagles,PHI,-14,45.5
11/6/2022,2022,9,Arizona Cardinals,21,31,Seattle Seahawks,ARI,-2,49
11/6/2022,2022,9,Atlanta Falcons,17,20,Los Angeles Chargers,LAC,-2.5,49.5
11/6/2022,2022,9,Chicago Bears,32,35,Miami Dolphins,MIA,-4,46
11/6/2022,2022,9,Cincinnati Bengals,42,21,Carolina Panthers,CIN,-7,42.5
11/6/2022,2022,9,Detroit Lions,15,9,Green Bay Packers,GB,-4,49.5
11/6/2022,2022,9,Jacksonville Jaguars,27,20,Las Vegas Raiders,LVR,-2.5,48
11/6/2022,2022,9,Kansas City Chiefs,20,17,Tennessee Titans,KC,-14,45
11/6/2022,2022,9,New England Patriots,26,3,Indianapolis Colts,NE,-5,40
11/6/2022,2022,9,New York Jets,20,17,Buffalo Bills,BUF,-10.5,46
11/6/2022,2022,9,Tampa Bay Buccaneers,16,13,Los Angeles Rams,TB,-3,42.5
11/6/2022,2022,9,Washington Commanders,17,20,Minnesota Vikings,MIN,-3,43.5
11/7/2022,2022,9,New Orleans Saints,13,27,Baltimore Ravens,BAL,-1.5,46
11/10/2022,2022,10,Carolina Panthers,25,15,Atlanta Falcons,ATL,-2.5,41.5
11/13/2022,2022,10,Buffalo Bills,30,33,Minnesota Vikings,BUF,-6,46
11/13/2022,2022,10,Chicago Bears,30,31,Detroit Lions,CHI,-3,48.5
11/13/2022,2022,10,Green Bay Packers,31,28,Dallas Cowboys,DAL,-3.5,44.5
11/13/2022,2022,10,Kansas City Chiefs,27,17,Jacksonville Jaguars,KC,-9.5,51.5
11/13/2022,2022,10,Las Vegas Raiders,20,25,Indianapolis Colts,LVR,-4,41
11/13/2022,2022,10,Los Angeles Rams,17,27,Arizona Cardinals,LAR,-3.5,38
11/13/2022,2022,10,Miami Dolphins,39,17,Cleveland Browns,MIA,-3,49.5
11/13/2022,2022,10,New York Giants,24,16,Houston Texans,NYG,-4.5,41
11/13/2022,2022,10,Pittsburgh Steelers,20,10,New Orleans Saints,PIT,-1,39.5
11/13/2022,2022,10,San Francisco 49ers,22,16,Los Angeles Chargers,SF,-8,45.5
11/13/2022,2022,10,Tampa Bay Buccaneers,21,16,Seattle Seahawks,TB,-2.5,45
11/13/2022,2022,10,Tennessee Titans,17,10,Denver Broncos,TEN,-2.5,39.5
11/14/2022,2022,10,Philadelphia Eagles,21,32,Washington Commanders,PHI,-11,43
11/17/2022,2022,11,Green Bay Packers,17,27,Tennessee Titans,GB,-3,40.5
11/20/2022,2022,11,Atlanta Falcons,27,24,Chicago Bears,ATL,-2.5,48.5
11/20/2022,2022,11,Baltimore Ravens,13,3,Carolina Panthers,BAL,-12.5,41.5
11/20/2022,2022,11,Buffalo Bills,31,23,Cleveland Browns,BUF,-7.5,50.5
11/20/2022,2022,11,Denver Broncos,16,22,Las Vegas Raiders,DEN,-2.5,41.5
11/20/2022,2022,11,Houston Texans,10,23,Washington Commanders,WAS,-3,41
11/20/2022,2022,11,Indianapolis Colts,16,17,Philadelphia Eagles,PHI,-6,45
11/20/2022,2022,11,Los Angeles Chargers,27,30,Kansas City Chiefs,KC,-5.5,53
11/20/2022,2022,11,Minnesota Vikings,3,40,Dallas Cowboys,DAL,-2,48.5
11/20/2022,2022,11,New England Patriots,10,3,New York Jets,NE,-3.5,38
11/20/2022,2022,11,New Orleans Saints,27,20,Los Angeles Rams,NO,-2.5,39.5
11/20/2022,2022,11,New York Giants,18,31,Detroit Lions,NYG,-3,44.5
11/20/2022,2022,11,Pittsburgh Steelers,30,37,Cincinnati Bengals,CIN,-3.5,39.5
11/21/2022,2022,11,Arizona Cardinals,10,38,San Francisco 49ers,SF,-10,43
11/24/2022,2022,12,Dallas Cowboys,28,20,New York Giants,DAL,-10,45.5
11/24/2022,2022,12,Detroit Lions,25,28,Buffalo Bills,BUF,-9.5,55
11/24/2022,2022,12,Minnesota Vikings,33,26,New England Patriots,MIN,-2.5,41.5
11/27/2022,2022,12,Arizona Cardinals,24,25,Los Angeles Chargers,LAC,-2.5,48.5
11/27/2022,2022,12,Carolina Panthers,23,10,Denver Broncos,DEN,-1,36
11/27/2022,2022,12,Cleveland Browns,23,17,Tampa Bay Buccaneers,TB,-3,42
11/27/2022,2022,12,Jacksonville Jaguars,28,27,Baltimore Ravens,BAL,-3.5,43
11/27/2022,2022,12,Kansas City Chiefs,26,10,Los Angeles Rams,KC,-15.5,42
11/27/2022,2022,12,Miami Dolphins,30,15,Houston Texans,MIA,-14,47.5
11/27/2022,2022,12,New York Jets,31,10,Chicago Bears,NYJ,-7.5,37.5
11/27/2022,2022,12,Philadelphia Eagles,40,33,Green Bay Packers,PHI,-6.5,46.5
11/27/2022,2022,12,San Francisco 49ers,13,0,New Orleans Saints,SF,-8.5,43.5
11/27/2022,2022,12,Seattle Seahawks,34,40,Las Vegas Raiders,SEA,-4,47.5
11/27/2022,2022,12,Tennessee Titans,16,20,Cincinnati Bengals,CIN,-1,42
11/27/2022,2022,12,Washington Commanders,19,13,Atlanta Falcons,WAS,-3.5,40
11/28/2022,2022,12,Indianapolis Colts,17,24,Pittsburgh Steelers,IND,-2.5,39.5
12/1/2022,2022,13,New England Patriots,10,24,Buffalo Bills,BUF,-4,44
12/4/2022,2022,13,Atlanta Falcons,16,19,Pittsburgh Steelers,PIT,-1.5,43
12/4/2022,2022,13,Baltimore Ravens,10,9,Denver Broncos,BAL,-9,40
12/4/2022,2022,13,Chicago Bears,19,28,Green Bay Packers,GB,-3.5,45
12/4/2022,2022,13,Cincinnati Bengals,27,24,Kansas City Chiefs,KC,-2.5,53.5
12/4/2022,2022,13,Dallas Cowboys,54,19,Indianapolis Colts,DAL,-11,44.5
12/4/2022,2022,13,Detroit Lions,40,14,Jacksonville Jaguars,DET,-1,51
12/4/2022,2022,13,Houston Texans,14,27,Cleveland Browns,CLE,-7.5,46.5
12/4/2022,2022,13,Las Vegas Raiders,27,20,Los Angeles Chargers,LVR,-2.5,49.5
12/4/2022,2022,13,Los Angeles Rams,23,27,Seattle Seahawks,SEA,-6.5,41
12/4/2022,2022,13,Minnesota Vikings,27,22,New York Jets,MIN,-3,44
12/4/2022,2022,13,New York Giants,20,20,Washington Commanders,WAS,-2.5,40.5
12/4/2022,2022,13,Philadelphia Eagles,35,10,Tennessee Titans,PHI,-4.5,44.5
12/4/2022,2022,13,San Francisco 49ers,33,17,Miami Dolphins,SF,-5,45.5
12/5/2022,2022,13,Tampa Bay Buccaneers,17,16,New Orleans Saints,TB,-3,40.5
12/8/2022,2022,14,Los Angeles Rams,17,16,Las Vegas Raiders,LVR,-6.5,41.5
12/11/2022,2022,14,Buffalo Bills,20,12,New York Jets,BUF,-10,43.5
12/11/2022,2022,14,Cincinnati Bengals,23,10,Cleveland Browns,CIN,-4,47
12/11/2022,2022,14,Dallas Cowboys,27,23,Houston Texans,DAL,-17,44.5
12/11/2022,2022,14,Denver Broncos,28,34,Kansas City Chiefs,KC,-9,44
12/11/2022,2022,14,Detroit Lions,34,23,Minnesota Vikings,DET,-2,51.5
12/11/2022,2022,14,Los Angeles Chargers,23,17,Miami Dolphins,MIA,-3,55
12/11/2022,2022,14,New York Giants,22,48,Philadelphia Eagles,PHI,-7,44.5
12/11/2022,2022,14,Pittsburgh Steelers,14,16,Baltimore Ravens,PIT,-2,37
12/11/2022,2022,14,San Francisco 49ers,35,7,Tampa Bay Buccaneers,SF,-3.5,38.5
12/11/2022,2022,14,Seattle Seahawks,24,30,Carolina Panthers,SEA,-4,44
12/11/2022,2022,14,Tennessee Titans,22,36,Jacksonville Jaguars,TEN,-3,41.5
12/12/2022,2022,14,Arizona Cardinals,13,27,New England Patriots,NE,-2.5,44
12/15/2022,2022,15,Seattle Seahawks,13,21,San Francisco 49ers,SF,-3,42.5
12/17/2022,2022,15,Buffalo Bills,32,29,Miami Dolphins,BUF,-7,43.5
12/17/2022,2022,15,Cleveland Browns,13,3,Baltimore Ravens,CLE,-3,39
12/17/2022,2022,15,Minnesota Vikings,39,36,Indianapolis Colts,MIN,-3.5,47
12/18/2022,2022,15,Carolina Panthers,16,24,Pittsburgh Steelers,CAR,-2.5,37
12/18/2022,2022,15,Chicago Bears,20,25,Philadelphia Eagles,PHI,-8.5,48
12/18/2022,2022,15,Denver Broncos,24,15,Arizona Cardinals,DEN,-1.5,37
12/18/2022,2022,15,Houston Texans,24,30,Kansas City Chiefs,KC,-14.5,48.5
12/18/2022,2022,15,Jacksonville Jaguars,40,34,Dallas Cowboys,DAL,-4,48
12/18/2022,2022,15,Las Vegas Raiders,30,24,New England Patriots,LVR,-2.5,45.5
12/18/2022,2022,15,Los Angeles Chargers,17,14,Tennessee Titans,LAC,-3,46.5
12/18/2022,2022,15,New Orleans Saints,21,18,Atlanta Falcons,NO,-5,43.5
12/18/2022,2022,15,New York Jets,17,20,Detroit Lions,NYJ,-2,44
12/18/2022,2022,15,Tampa Bay Buccaneers,23,34,Cincinnati Bengals,CIN,-3.5,47.5
12/18/2022,2022,15,Washington Commanders,12,20,New York Giants,WAS,-4,40.5
12/19/2022,2022,15,Green Bay Packers,24,12,Los Angeles Rams,GB,-7.5,39.5
12/22/2022,2022,16,New York Jets,3,19,Jacksonville Jaguars,NYJ,-2.5,36.5
12/24/2022,2022,16,Baltimore Ravens,17,9,Atlanta Falcons,BAL,-6.5,35
12/24/2022,2022,16,Carolina Panthers,37,23,Detroit Lions,DET,-2.5,43.5
12/24/2022,2022,16,Chicago Bears,13,35,Buffalo Bills,BUF,-8,40.5
12/24/2022,2022,16,Cleveland Browns,10,17,New Orleans Saints,CLE,-3,32
12/24/2022,2022,16,Dallas Cowboys,40,34,Philadelphia Eagles,DAL,-4,48
12/24/2022,2022,16,Kansas City Chiefs,24,10,Seattle Seahawks,KC,-10,50.5
12/24/2022,2022,16,Minnesota Vikings,27,24,New York Giants,MIN,-4.5,48
12/24/2022,2022,16,New England Patriots,18,22,Cincinnati Bengals,CIN,-3,41.5
12/24/2022,2022,16,Pittsburgh Steelers,13,10,Las Vegas Raiders,PIT,-2,38
12/24/2022,2022,16,San Francisco 49ers,37,20,Washington Commanders,SF,-6.5,37
12/24/2022,2022,16,Tennessee Titans,14,19,Houston Texans,TEN,-3,34
12/25/2022,2022,16,Arizona Cardinals,16,19,Tampa Bay Buccaneers,TB,-7.5,41.5
12/25/2022,2022,16,Los Angeles Rams,51,14,Denver Broncos,DEN,-3,36
12/25/2022,2022,16,Miami Dolphins,20,26,Green Bay Packers,MIA,-3.5,49.5
12/26/2022,2022,16,Indianapolis Colts,3,20,Los Angeles Chargers,LAC,-3.5,44.5
12/29/2022,2022,17,Tennessee Titans,13,27,Dallas Cowboys,DAL,-14,40.5
1/1/2023,2022,17,Atlanta Falcons,20,19,Arizona Cardinals,ATL,-6.5,40.5
1/1/2023,2022,17,Baltimore Ravens,13,16,Pittsburgh Steelers,BAL,-1,35.5
1/1/2023,2022,17,Detroit Lions,41,10,Chicago Bears,DET,-4.5,52.5
1/1/2023,2022,17,Green Bay Packers,41,17,Minnesota Vikings,GB,-3.5,47.5
1/1/2023,2022,17,Houston Texans,3,31,Jacksonville Jaguars,JAX,-3.5,43
1/1/2023,2022,17,Kansas City Chiefs,27,24,Denver Broncos,KC,-12.5,45.5
1/1/2023,2022,17,Las Vegas Raiders,34,37,San Francisco 49ers,SF,-10,41
1/1/2023,2022,17,Los Angeles Chargers,31,10,Los Angeles Rams,LAC,-6.5,41
1/1/2023,2022,17,New England Patriots,23,21,Miami Dolphins,NE,-3,41.5
1/1/2023,2022,17,New York Giants,38,10,Indianapolis Colts,NYG,-5.5,38.5
1/1/2023,2022,17,Philadelphia Eagles,10,20,New Orleans Saints,PHI,-5,42
1/1/2023,2022,17,Seattle Seahawks,23,6,New York Jets,NYJ,-1.5,43
1/1/2023,2022,17,Tampa Bay Buccaneers,30,24,Carolina Panthers,TB,-3.5,40.5
1/1/2023,2022,17,Washington Commanders,10,24,Cleveland Browns,WAS,-2,41.5
1/7/2023,2022,18,Jacksonville Jaguars,20,16,Tennessee Titans,JAX,-6.5,39.5
1/7/2023,2022,18,Las Vegas Raiders,13,31,Kansas City Chiefs,KC,-8.5,52
1/8/2023,2022,18,Atlanta Falcons,30,17,Tampa Bay Buccaneers,ATL,-6,40.5
1/8/2023,2022,18,Buffalo Bills,35,23,New England Patriots,BUF,-8,44
1/8/2023,2022,18,Chicago Bears,13,29,Minnesota Vikings,MIN,-6.5,42.5
1/8/2023,2022,18,Cincinnati Bengals,27,16,Baltimore Ravens,CIN,-11,39
1/8/2023,2022,18,Denver Broncos,31,28,Los Angeles Chargers,DEN,-6.5,39
1/8/2023,2022,18,Green Bay Packers,16,20,Detroit Lions,GB,-4,48
1/8/2023,2022,18,Indianapolis Colts,31,32,Houston Texans,IND,-3,37.5
1/8/2023,2022,18,Miami Dolphins,11,6,New York Jets,MIA,-3.5,37.5
1/8/2023,2022,18,New Orleans Saints,7,10,Carolina Panthers,NO,-3.5,41.5
1/8/2023,2022,18,Philadelphia Eagles,22,16,New York Giants,PHI,-17,43
1/8/2023,2022,18,Pittsburgh Steelers,28,14,Cleveland Browns,PIT,-2.5,40
1/8/2023,2022,18,San Francisco 49ers,38,13,Arizona Cardinals,SF,-14.5,40
1/8/2023,2022,18,Seattle Seahawks,19,16,Los Angeles Rams,SEA,-4.5,43
1/8/2023,2022,18,Washington Commanders,26,6,Dallas Cowboys,DAL,-7.5,41
1/14/2023,2022,Wildcard,Jacksonville Jaguars,31,30,Los Angeles Chargers,LAC,-2.5,46.5
1/14/2023,2022,Wildcard,San Francisco 49ers,41,23,Seattle Seahawks,SF,-9.5,42
1/15/2023,2022,Wildcard,Buffalo Bills,34,31,Miami Dolphins,BUF,-14,44.5
1/15/2023,2022,Wildcard,Cincinnati Bengals,24,17,Baltimore Ravens,CIN,-8,40
1/15/2023,2022,Wildcard,Minnesota Vikings,24,31,New York Giants,MIN,-2.5,48
1/16/2023,2022,Wildcard,Tampa Bay Buccaneers,14,31,Dallas Cowboys,DAL,-2.5,45.5
1/21/2023,2022,Division,Kansas City Chiefs,27,20,Jacksonville Jaguars,KC,-9.5,52
1/21/2023,2022,Division,Philadelphia Eagles,38,7,New York Giants,PHI,-8,48
1/22/2023,2022,Division,Buffalo Bills,10,27,Cincinnati Bengals,BUF,-6,48.5
1/22/2023,2022,Division,San Francisco 49ers,19,12,Dallas Cowboys,SF,-3.5,46.5
1/29/2023,2022,Conference,Kansas City Chiefs,23,20,Cincinnati Bengals,KC,-1.5,48
1/29/2023,2022,Conference,Philadelphia Eagles,31,7,San Francisco 49ers,PHI,-2.5,45.5
2/12/2023,2022,Superbowl,Philadelphia Eagles,35,38,Kansas City Chiefs,PHI,-1,51
9/7/2023,2023,1,Kansas City Chiefs,20,21,Detroit Lions,KC,-4.5,53
9/10/2023,2023,1,Atlanta Falcons,24,10,Carolina Panthers,ATL,-3.5,39.5
9/10/2023,2023,1,Baltimore Ravens,25,9,Houston Texans,BAL,-9.5,43.5
9/10/2023,2023,1,Chicago Bears,20,38,Green Bay Packers,CHI,-1,41.5
9/10/2023,2023,1,Cleveland Browns,24,3,Cincinnati Bengals,CIN,-2,47.5
9/10/2023,2023,1,Denver Broncos,16,17,Las Vegas Raiders,DEN,-3.5,43
9/10/2023,2023,1,Indianapolis Colts,21,31,Jacksonville Jaguars,JAX,-4.5,46
9/10/2023,2023,1,Los Angeles Chargers,34,36,Miami Dolphins,LAC,-3,51
9/10/2023,2023,1,Minnesota Vikings,17,20,Tampa Bay Buccaneers,MIN,-5,46
9/10/2023,2023,1,New England Patriots,20,25,Philadelphia Eagles,PHI,-3.5,44.5
9/10/2023,2023,1,New Orleans Saints,16,15,Tennessee Titans,NO,-3,41.5
9/10/2023,2023,1,New York Giants,0,40,Dallas Cowboys,DAL,-3.5,45
9/10/2023,2023,1,Pittsburgh Steelers,7,30,San Francisco 49ers,SF,-2,41.5
9/10/2023,2023,1,Seattle Seahawks,13,30,Los Angeles Rams,SEA,-5,46
9/10/2023,2023,1,Washington Commanders,20,16,Arizona Cardinals,WAS,-7,38
9/11/2023,2023,1,New York Jets,22,16,Buffalo Bills,BUF,-2,45.5
9/14/2023,2023,2,Philadelphia Eagles,34,28,Minnesota Vikings,PHI,-6,49
9/17/2023,2023,2,Arizona Cardinals,28,31,New York Giants,NYG,-4,39.5
9/17/2023,2023,2,Atlanta Falcons,25,24,Green Bay Packers,ATL,-1.5,40
9/17/2023,2023,2,Buffalo Bills,38,10,Las Vegas Raiders,BUF,-8,47
9/17/2023,2023,2,Cincinnati Bengals,24,27,Baltimore Ravens,CIN,-3,45.5
9/17/2023,2023,2,Dallas Cowboys,30,10,New York Jets,DAL,-8.5,38.5
9/17/2023,2023,2,Denver Broncos,33,35,Washington Commanders,DEN,-3.5,38.5
9/17/2023,2023,2,Detroit Lions,31,37,Seattle Seahawks,DET,-4.5,47
9/17/2023,2023,2,Houston Texans,20,31,Indianapolis Colts,HOU,-1,39.5
9/17/2023,2023,2,Jacksonville Jaguars,9,17,Kansas City Chiefs,KC,-3,51
9/17/2023,2023,2,Los Angeles Rams,23,30,San Francisco 49ers,SF,-7.5,45
9/17/2023,2023,2,New England Patriots,17,24,Miami Dolphins,MIA,-2.5,46.5
9/17/2023,2023,2,Tampa Bay Buccaneers,27,17,Chicago Bears,TB,-2.5,41
9/17/2023,2023,2,Tennessee Titans,27,24,Los Angeles Chargers,LAC,-2.5,45.5
9/18/2023,2023,2,Carolina Panthers,17,20,New Orleans Saints,NO,-3,39.5
9/18/2023,2023,2,Pittsburgh Steelers,26,22,Cleveland Browns,CLE,-2,38
9/21/2023,2023,3,San Francisco 49ers,30,12,New York Giants,SF,-10,44
9/24/2023,2023,3,Arizona Cardinals,28,16,Dallas Cowboys,DAL,-13,43
9/24/2023,2023,3,Baltimore Ravens,19,22,Indianapolis Colts,BAL,-8,43
9/24/2023,2023,3,Cleveland Browns,27,3,Tennessee Titans,CLE,-3.5,38.5
9/24/2023,2023,3,Detroit Lions,20,6,Atlanta Falcons,DET,-3,46
9/24/2023,2023,3,Green Bay Packers,18,17,New Orleans Saints,GB,-1,42
9/24/2023,2023,3,Jacksonville Jaguars,17,37,Houston Texans,JAX,-7.5,43.5
9/24/2023,2023,3,Kansas City Chiefs,41,10,Chicago Bears,KC,-12.5,48
9/24/2023,2023,3,Las Vegas Raiders,18,23,Pittsburgh Steelers,LVR,-2.5,43
9/24/2023,2023,3,Miami Dolphins,70,20,Denver Broncos,MIA,-6,47
9/24/2023,2023,3,Minnesota Vikings,24,28,Los Angeles Chargers,MIN,-1,54
9/24/2023,2023,3,New York Jets,10,15,New England Patriots,NE,-2.5,36
9/24/2023,2023,3,Seattle Seahawks,37,27,Carolina Panthers,SEA,-5,42
9/24/2023,2023,3,Washington Commanders,3,37,Buffalo Bills,BUF,-6,43
9/25/2023,2023,3,Cincinnati Bengals,19,16,Los Angeles Rams,CIN,-2,43.5
9/25/2023,2023,3,Tampa Bay Buccaneers,11,25,Philadelphia Eagles,PHI,-5,45
9/28/2023,2023,4,Green Bay Packers,20,34,Detroit Lions,DET,-1.5,46
10/1/2023,2023,4,Buffalo Bills,48,20,Miami Dolphins,BUF,-2.5,53.5
10/1/2023,2023,4,Carolina Panthers,13,21,Minnesota Vikings,MIN,-4.5,46.5
10/1/2023,2023,4,Chicago Bears,28,31,Denver Broncos,DEN,-3,46.5
10/1/2023,2023,4,Cleveland Browns,3,28,Baltimore Ravens,CLE,-2.5,38.5
10/1/2023,2023,4,Dallas Cowboys,38,3,New England Patriots,DAL,-6,43.5
10/1/2023,2023,4,Houston Texans,30,6,Pittsburgh Steelers,PIT,-3,42
10/1/2023,2023,4,Indianapolis Colts,23,29,Los Angeles Rams,IND,-1,45.5
10/1/2023,2023,4,Jacksonville Jaguars,23,7,Atlanta Falcons,JAX,-3,42.5
10/1/2023,2023,4,Los Angeles Chargers,24,17,Las Vegas Raiders,LAC,-6,48
10/1/2023,2023,4,New Orleans Saints,9,26,Tampa Bay Buccaneers,NO,-3.5,40
10/1/2023,2023,4,New York Jets,20,23,Kansas City Chiefs,KC,-8.5,41.5
10/1/2023,2023,4,Philadelphia Eagles,34,31,Washington Commanders,PHI,-9,43
10/1/2023,2023,4,San Francisco 49ers,35,16,Arizona Cardinals,SF,-14,43.5
10/1/2023,2023,4,Tennessee Titans,27,3,Cincinnati Bengals,CIN,-2.5,41
10/2/2023,2023,4,New York Giants,3,24,Seattle Seahawks,SEA,-1.5,47
10/5/2023,2023,5,Washington Commanders,20,40,Chicago Bears,WAS,-6,44.5
10/8/2023,2023,5,Arizona Cardinals,20,34,Cincinnati Bengals,CIN,-3,45
10/8/2023,2023,5,Atlanta Falcons,21,19,Houston Texans,ATL,-2.5,42
10/8/2023,2023,5,Buffalo Bills,20,25,Jacksonville Jaguars,BUF,-5,48.5
10/8/2023,2023,5,Denver Broncos,21,31,New York Jets,DEN,-2,42.5
10/8/2023,2023,5,Detroit Lions,42,24,Carolina Panthers,DET,-9,43.5
10/8/2023,2023,5,Indianapolis Colts,23,16,Tennessee Titans,TEN,-2.5,43.5
10/8/2023,2023,5,Los Angeles Rams,14,23,Philadelphia Eagles,PHI,-3.5,50.5
10/8/2023,2023,5,Miami Dolphins,31,16,New York Giants,MIA,-13,47.5
10/8/2023,2023,5,Minnesota Vikings,20,27,Kansas City Chiefs,KC,-3.5,52.5
10/8/2023,2023,5,New England Patriots,0,34,New Orleans Saints,NE,-1.5,38.5
10/8/2023,2023,5,Pittsburgh Steelers,17,10,Baltimore Ravens,BAL,-4.5,38.5
10/8/2023,2023,5,San Francisco 49ers,42,10,Dallas Cowboys,SF,-3.5,45.5
10/9/2023,2023,5,Las Vegas Raiders,17,13,Green Bay Packers,LVR,-2,45
10/12/2023,2023,6,Kansas City Chiefs,19,8,Denver Broncos,KC,-10.5,47.5
10/15/2023,2023,6,Atlanta Falcons,16,24,Washington Commanders,ATL,-1.5,42
10/15/2023,2023,6,Buffalo Bills,14,9,New York Giants,BUF,-15,43.5
10/15/2023,2023,6,Chicago Bears,13,19,Minnesota Vikings,MIN,-3,44.5
10/15/2023,2023,6,Cincinnati Bengals,17,13,Seattle Seahawks,CIN,-3,45.5
10/15/2023,2023,6,Cleveland Browns,19,17,San Francisco 49ers,SF,-9.5,36
10/15/2023,2023,6,Houston Texans,20,13,New Orleans Saints,NO,-2.5,41.5
10/15/2023,2023,6,Jacksonville Jaguars,37,20,Indianapolis Colts,JAX,-4,44
10/15/2023,2023,6,Las Vegas Raiders,21,17,New England Patriots,LVR,-3,41.5
10/15/2023,2023,6,Los Angeles Rams,26,9,Arizona Cardinals,LAR,-7,48
10/15/2023,2023,6,Miami Dolphins,42,21,Carolina Panthers,MIA,-14,47.5
10/15/2023,2023,6,New York Jets,20,14,Philadelphia Eagles,PHI,-6.5,43.5
10/15/2023,2023,6,Tampa Bay Buccaneers,6,20,Detroit Lions,DET,-3,43
10/15/2023,2023,6,Tennessee Titans,16,24,Baltimore Ravens,BAL,-5.5,42.5
10/16/2023,2023,6,Los Angeles Chargers,17,20,Dallas Cowboys,DAL,-1,50
10/19/2023,2023,7,New Orleans Saints,24,31,Jacksonville Jaguars,NO,-2.5,41
10/22/2023,2023,7,Baltimore Ravens,38,6,Detroit Lions,BAL,-3,43.5
10/22/2023,2023,7,Chicago Bears,30,12,Las Vegas Raiders,LVR,-2.5,38.5
10/22/2023,2023,7,Denver Broncos,19,17,Green Bay Packers,DEN,-1.5,44
10/22/2023,2023,7,Indianapolis Colts,38,39,Cleveland Browns,CLE,-3.5,39.5
10/22/2023,2023,7,Kansas City Chiefs,31,17,Los Angeles Chargers,KC,-5.5,48.5
10/22/2023,2023,7,Los Angeles Rams,17,24,Pittsburgh Steelers,LAR,-3.5,44
10/22/2023,2023,7,New England Patriots,29,25,Buffalo Bills,BUF,-7.5,41
10/22/2023,2023,7,New York Giants,14,7,Washington Commanders,WAS,-3,37
10/22/2023,2023,7,Philadelphia Eagles,31,17,Miami Dolphins,PHI,-3,52
10/22/2023,2023,7,Seattle Seahawks,20,10,Arizona Cardinals,SEA,-9,43.5
10/22/2023,2023,7,Tampa Bay Buccaneers,13,16,Atlanta Falcons,TB,-3,37.5
10/23/2023,2023,7,Minnesota Vikings,22,17,San Francisco 49ers,SF,-7,44
10/26/2023,2023,8,Buffalo Bills,24,18,Tampa Bay Buccaneers,BUF,-10,43
10/29/2023,2023,8,Arizona Cardinals,24,31,Baltimore Ravens,BAL,-9.5,45
10/29/2023,2023,8,Carolina Panthers,15,13,Houston Texans,HOU,-3.5,43
10/29/2023,2023,8,Dallas Cowboys,43,20,Los Angeles Rams,DAL,-7,45.5
10/29/2023,2023,8,Denver Broncos,24,9,Kansas City Chiefs,KC,-7,45.5
10/29/2023,2023,8,Green Bay Packers,10,24,Minnesota Vikings,MIN,-1.5,41.5
10/29/2023,2023,8,Indianapolis Colts,27,38,New Orleans Saints,NO,-2,43.5
10/29/2023,2023,8,Los Angeles Chargers,30,13,Chicago Bears,LAC,-9.5,46
10/29/2023,2023,8,Miami Dolphins,31,17,New England Patriots,MIA,-8,47
10/29/2023,2023,8,New York Giants,10,13,New York Jets,NYJ,-3,34.5
10/29/2023,2023,8,Pittsburgh Steelers,10,20,Jacksonville Jaguars,JAX,-2.5,40.5
10/29/2023,2023,8,San Francisco 49ers,17,31,Cincinnati Bengals,SF,-4,44
10/29/2023,2023,8,Seattle Seahawks,24,20,Cleveland Browns,SEA,-4,38.5
10/29/2023,2023,8,Tennessee Titans,28,23,Atlanta Falcons,ATL,-2.5,35.5
10/29/2023,2023,8,Washington Commanders,31,38,Philadelphia Eagles,PHI,-7,43
10/30/2023,2023,8,Detroit Lions,26,14,Las Vegas Raiders,DET,-7,46
11/2/2023,2023,9,Pittsburgh Steelers,20,16,Tennessee Titans,PIT,-3,37
11/5/2023,2023,9,Atlanta Falcons,28,31,Minnesota Vikings,ATL,-3.5,39
11/5/2023,2023,9,Baltimore Ravens,37,3,Seattle Seahawks,BAL,-6,44.5
11/5/2023,2023,9,Carolina Panthers,13,27,Indianapolis Colts,IND,-1.5,45
11/5/2023,2023,9,Cincinnati Bengals,24,18,Buffalo Bills,CIN,-1.5,51
11/5/2023,2023,9,Cleveland Browns,27,0,Arizona Cardinals,CLE,-13,38
11/5/2023,2023,9,Green Bay Packers,20,3,Los Angeles Rams,GB,-3.5,37.5
11/5/2023,2023,9,Houston Texans,39,37,Tampa Bay Buccaneers,HOU,-2.5,40
11/5/2023,2023,9,Kansas City Chiefs,21,14,Miami Dolphins,KC,-1,51
11/5/2023,2023,9,Las Vegas Raiders,30,6,New York Giants,LVR,-1.5,38.5
11/5/2023,2023,9,New England Patriots,17,20,Washington Commanders,NE,-3,40.5
11/5/2023,2023,9,New Orleans Saints,24,17,Chicago Bears,NO,-9,42
11/5/2023,2023,9,Philadelphia Eagles,28,23,Dallas Cowboys,PHI,-3,46.5
11/6/2023,2023,9,New York Jets,6,27,Los Angeles Chargers,LAC,-3,41
11/9/2023,2023,10,Chicago Bears,16,13,Carolina Panthers,CHI,-3.5,38
11/12/2023,2023,10,Arizona Cardinals,25,23,Atlanta Falcons,ATL,-2,43.5
11/12/2023,2023,10,Baltimore Ravens,31,33,Cleveland Browns,BAL,-6,38
11/12/2023,2023,10,Cincinnati Bengals,27,30,Houston Texans,CIN,-5.5,45.5
11/12/2023,2023,10,Dallas Cowboys,49,17,New York Giants,DAL,-17.5,39
11/12/2023,2023,10,Jacksonville Jaguars,3,34,San Francisco 49ers,SF,-3,44.5
11/12/2023,2023,10,Las Vegas Raiders,16,12,New York Jets,NYJ,-1,35.5
11/12/2023,2023,10,Los Angeles Chargers,38,41,Detroit Lions,DET,-2.5,48.5
11/12/2023,2023,10,Minnesota Vikings,27,19,New Orleans Saints,NO,-3,40.5
11/12/2023,2023,10,New England Patriots,6,10,Indianapolis Colts,IND,-1.5,42.5
11/12/2023,2023,10,Pittsburgh Steelers,23,19,Green Bay Packers,PIT,-3,38.5
11/12/2023,2023,10,Seattle Seahawks,29,26,Washington Commanders,SEA,-6,44
11/12/2023,2023,10,Tampa Bay Buccaneers,20,6,Tennessee Titans,TB,-2.5,39
11/13/2023,2023,10,Buffalo Bills,22,24,Denver Broncos,BUF,-7.5,47.5
11/16/2023,2023,11,Baltimore Ravens,34,20,Cincinnati Bengals,BAL,-4,46.5
11/19/2023,2023,11,Buffalo Bills,32,6,New York Jets,BUF,-8.5,39
11/19/2023,2023,11,Carolina Panthers,10,33,Dallas Cowboys,DAL,-11,43
11/19/2023,2023,11,Cleveland Browns,13,10,Pittsburgh Steelers,CLE,-2,34.5
11/19/2023,2023,11,Denver Broncos,21,20,Minnesota Vikings,DEN,-2.5,43
11/19/2023,2023,11,Detroit Lions,31,26,Chicago Bears,DET,-8,48
11/19/2023,2023,11,Green Bay Packers,23,20,Los Angeles Chargers,LAC,-3,44
11/19/2023,2023,11,Houston Texans,21,16,Arizona Cardinals,HOU,-5,48
11/19/2023,2023,11,Jacksonville Jaguars,34,14,Tennessee Titans,JAX,-6.5,40
11/19/2023,2023,11,Los Angeles Rams,17,16,Seattle Seahawks,LAR,-2,46
11/19/2023,2023,11,Miami Dolphins,20,13,Las Vegas Raiders,MIA,-14,44.5
11/19/2023,2023,11,San Francisco 49ers,27,14,Tampa Bay Buccaneers,SF,-13.5,41.5
11/19/2023,2023,11,Washington Commanders,19,31,New York Giants,WAS,-8.5,39
11/20/2023,2023,11,Kansas City Chiefs,17,21,Philadelphia Eagles,KC,-2.5,46
11/23/2023,2023,12,Dallas Cowboys,45,10,Washington Commanders,DAL,-13,48
11/23/2023,2023,12,Detroit Lions,22,29,Green Bay Packers,DET,-8.5,47
11/23/2023,2023,12,Seattle Seahawks,13,31,San Francisco 49ers,SF,-7,43
11/24/2023,2023,12,New York Jets,13,34,Miami Dolphins,MIA,-9.5,40
11/26/2023,2023,12,Arizona Cardinals,14,37,Los Angeles Rams,LAR,-3,45
11/26/2023,2023,12,Atlanta Falcons,24,15,New Orleans Saints,NO,-2,42
11/26/2023,2023,12,Cincinnati Bengals,10,16,Pittsburgh Steelers,PIT,-2,37
11/26/2023,2023,12,Denver Broncos,29,12,Cleveland Browns,DEN,-1.5,37.5
11/26/2023,2023,12,Houston Texans,21,24,Jacksonville Jaguars,JAX,-1.5,47.5
11/26/2023,2023,12,Indianapolis Colts,27,20,Tampa Bay Buccaneers,IND,-2.5,45
11/26/2023,2023,12,Las Vegas Raiders,17,31,Kansas City Chiefs,KC,-9,42.5
11/26/2023,2023,12,Los Angeles Chargers,10,20,Baltimore Ravens,BAL,-3,49
11/26/2023,2023,12,New York Giants,10,7,New England Patriots,NE,-4.5,36
11/26/2023,2023,12,Philadelphia Eagles,37,34,Buffalo Bills,PHI,-2.5,48.5
11/26/2023,2023,12,Tennessee Titans,17,10,Carolina Panthers,TEN,-3.5,35.5
11/27/2023,2023,12,Minnesota Vikings,10,12,Chicago Bears,MIN,-3,43.5
11/30/2023,2023,13,Dallas Cowboys,41,35,Seattle Seahawks,DAL,-9.5,47.5
12/3/2023,2023,13,Green Bay Packers,27,19,Kansas City Chiefs,KC,-6,44
12/3/2023,2023,13,Houston Texans,22,17,Denver Broncos,HOU,-3,47
12/3/2023,2023,13,Los Angeles Rams,36,19,Cleveland Browns,LAR,-3.5,39.5
12/3/2023,2023,13,New England Patriots,0,6,Los Angeles Chargers,LAC,-4.5,39
12/3/2023,2023,13,New Orleans Saints,28,33,Detroit Lions,DET,-4,47.5
12/3/2023,2023,13,New York Jets,8,13,Atlanta Falcons,ATL,-2,33
12/3/2023,2023,13,Philadelphia Eagles,19,42,San Francisco 49ers,SF,-3,46.5
12/3/2023,2023,13,Pittsburgh Steelers,10,24,Arizona Cardinals,PIT,-6,41
12/3/2023,2023,13,Tampa Bay Buccaneers,14,10,Carolina Panthers,TB,-3.5,36.5
12/3/2023,2023,13,Tennessee Titans,28,31,Indianapolis Colts,IND,-1,42
12/3/2023,2023,13,Washington Commanders,15,45,Miami Dolphins,MIA,-9,49.5
12/4/2023,2023,13,Jacksonville Jaguars,31,34,Cincinnati Bengals,JAX,-10,41
12/7/2023,2023,14,Pittsburgh Steelers,18,21,New England Patriots,PIT,-5,30.5
12/10/2023,2023,14,Atlanta Falcons,25,29,Tampa Bay Buccaneers,ATL,-1.5,41.5
12/10/2023,2023,14,Baltimore Ravens,37,31,Los Angeles Rams,BAL,-7.5,42
12/10/2023,2023,14,Chicago Bears,28,13,Detroit Lions,DET,-3,44.5
12/10/2023,2023,14,Cincinnati Bengals,34,14,Indianapolis Colts,CIN,-3,44.5
12/10/2023,2023,14,Cleveland Browns,31,27,Jacksonville Jaguars,CLE,-2,37.5
12/10/2023,2023,14,Dallas Cowboys,33,13,Philadelphia Eagles,DAL,-3.5,52.5
12/10/2023,2023,14,Kansas City Chiefs,17,20,Buffalo Bills,KC,-2,49.5
12/10/2023,2023,14,Las Vegas Raiders,0,3,Minnesota Vikings,MIN,-3,40.5
12/10/2023,2023,14,Los Angeles Chargers,7,24,Denver Broncos,LAC,-3,46
12/10/2023,2023,14,New Orleans Saints,28,6,Carolina Panthers,NO,-5,39
12/10/2023,2023,14,New York Jets,30,6,Houston Texans,HOU,-3,33.5
12/10/2023,2023,14,San Francisco 49ers,28,16,Seattle Seahawks,SF,-14.5,44.5
12/11/2023,2023,14,Miami Dolphins,27,28,Tennessee Titans,MIA,-13.5,45
12/11/2023,2023,14,New York Giants,24,22,Green Bay Packers,GB,-5.5,37
12/14/2023,2023,15,Las Vegas Raiders,63,21,Los Angeles Chargers,LVR,-3,35.5
12/16/2023,2023,15,Cincinnati Bengals,27,24,Minnesota Vikings,CIN,-3,41
12/16/2023,2023,15,Detroit Lions,42,17,Denver Broncos,DET,-5,49
12/16/2023,2023,15,Indianapolis Colts,30,13,Pittsburgh Steelers,IND,-1,41.5
12/17/2023,2023,15,Arizona Cardinals,29,45,San Francisco 49ers,SF,-11.5,48.5
12/17/2023,2023,15,Buffalo Bills,31,10,Dallas Cowboys,BUF,-2.5,49
12/17/2023,2023,15,Carolina Panthers,9,7,Atlanta Falcons,ATL,-2.5,32
12/17/2023,2023,15,Cleveland Browns,20,17,Chicago Bears,CLE,-3,37.5
12/17/2023,2023,15,Green Bay Packers,20,34,Tampa Bay Buccaneers,GB,-4,41.5
12/17/2023,2023,15,Jacksonville Jaguars,7,23,Baltimore Ravens,JAX,-4,42.5
12/17/2023,2023,15,Los Angeles Rams,28,20,Washington Commanders,LAR,-6.5,48.5
12/17/2023,2023,15,Miami Dolphins,30,0,New York Jets,MIA,-7,35.5
12/17/2023,2023,15,New England Patriots,17,27,Kansas City Chiefs,KC,-9.5,39.5
12/17/2023,2023,15,New Orleans Saints,24,6,New York Giants,NO,-6,39.5
12/17/2023,2023,15,Tennessee Titans,16,19,Houston Texans,TEN,-3,38
12/18/2023,2023,15,Seattle Seahawks,20,17,Philadelphia Eagles,PHI,-4,46.5
12/21/2023,2023,16,Los Angeles Rams,30,22,New Orleans Saints,LAR,-4,45
12/23/2023,2023,16,Los Angeles Chargers,22,24,Buffalo Bills,BUF,-12.5,44.5
12/23/2023,2023,16,Pittsburgh Steelers,34,11,Cincinnati Bengals,CIN,-3,39
12/24/2023,2023,16,Atlanta Falcons,29,10,Indianapolis Colts,ATL,-2.5,44.5
12/24/2023,2023,16,Carolina Panthers,30,33,Green Bay Packers,GB,-3.5,38.5
12/24/2023,2023,16,Chicago Bears,27,16,Arizona Cardinals,CHI,-4.5,42
12/24/2023,2023,16,Denver Broncos,23,26,New England Patriots,DEN,-7,37.5
12/24/2023,2023,16,Houston Texans,22,36,Cleveland Browns,CLE,-3,40
12/24/2023,2023,16,Miami Dolphins,22,20,Dallas Cowboys,MIA,-1.5,48.5
12/24/2023,2023,16,Minnesota Vikings,24,30,Detroit Lions,DET,-2.5,47.5
12/24/2023,2023,16,New York Jets,30,28,Washington Commanders,NYJ,-3,37
12/24/2023,2023,16,Tampa Bay Buccaneers,30,12,Jacksonville Jaguars,JAX,-2,43
12/24/2023,2023,16,Tennessee Titans,17,20,Seattle Seahawks,SEA,-3,42
12/25/2023,2023,16,Kansas City Chiefs,14,20,Las Vegas Raiders,KC,-11,40.5
12/25/2023,2023,16,Philadelphia Eagles,33,25,New York Giants,PHI,-14,41.5
12/25/2023,2023,16,San Francisco 49ers,19,33,Baltimore Ravens,SF,-6.5,47.5
12/28/2023,2023,17,Cleveland Browns,37,20,New York Jets,CLE,-7,33.5
12/30/2023,2023,17,Dallas Cowboys,20,19,Detroit Lions,DAL,-4,53
12/31/2023,2023,17,Baltimore Ravens,56,19,Miami Dolphins,BAL,-3,46.5
12/31/2023,2023,17,Buffalo Bills,27,21,New England Patriots,BUF,-14.5,40
12/31/2023,2023,17,Chicago Bears,37,17,Atlanta Falcons,CHI,-2.5,39
12/31/2023,2023,17,Denver Broncos,16,9,Los Angeles Chargers,DEN,-3.5,39
12/31/2023,2023,17,Houston Texans,26,3,Tennessee Titans,HOU,-5,44
12/31/2023,2023,17,Indianapolis Colts,23,20,Las Vegas Raiders,IND,-3.5,42
12/31/2023,2023,17,Jacksonville Jaguars,26,0,Carolina Panthers,JAX,-3.5,37.5
12/31/2023,2023,17,Kansas City Chiefs,25,17,Cincinnati Bengals,KC,-7,46.5
12/31/2023,2023,17,Minnesota Vikings,10,33,Green Bay Packers,MIN,-1,42.5
12/31/2023,2023,17,New York Giants,25,26,Los Angeles Rams,LAR,-6,43.5
12/31/2023,2023,17,Philadelphia Eagles,31,35,Arizona Cardinals,PHI,-12.5,48
12/31/2023,2023,17,Seattle Seahawks,23,30,Pittsburgh Steelers,SEA,-4,40.5
12/31/2023,2023,17,Tampa Bay Buccaneers,13,23,New Orleans Saints,TB,-2.5,42.5
12/31/2023,2023,17,Washington Commanders,10,27,San Francisco 49ers,SF,-14,48.5
1/6/2024,2023,18,Baltimore Ravens,10,17,Pittsburgh Steelers,PIT,-3,34
1/7/2024,2023,18,Arizona Cardinals,20,21,Seattle Seahawks,SEA,-3,48
1/7/2024,2023,18,Carolina Panthers,0,9,Tampa Bay Buccaneers,TB,-4.5,36.5
1/7/2024,2023,18,Cincinnati Bengals,31,14,Cleveland Browns,CIN,-7,37
1/7/2024,2023,18,Detroit Lions,30,20,Minnesota Vikings,DET,-4,47.5
1/7/2024,2023,18,Green Bay Packers,17,9,Chicago Bears,GB,-2.5,46
1/7/2024,2023,18,Indianapolis Colts,19,23,Houston Texans,HOU,-1,47.5
1/7/2024,2023,18,Las Vegas Raiders,27,14,Denver Broncos,LVR,-3.5,37.5
1/7/2024,2023,18,Los Angeles Chargers,12,13,Kansas City Chiefs,LAC,-3.5,35
1/7/2024,2023,18,Miami Dolphins,14,21,Buffalo Bills,BUF,-2.5,48
1/7/2024,2023,18,New England Patriots,3,17,New York Jets,NE,-2,28.5
1/7/2024,2023,18,New Orleans Saints,48,17,Atlanta Falcons,NO,-3,41.5
1/7/2024,2023,18,New York Giants,27,10,Philadelphia Eagles,PHI,-5,43.5
1/7/2024,2023,18,San Francisco 49ers,20,21,Los Angeles Rams,SF,-5.5,40
1/7/2024,2023,18,Tennessee Titans,28,20,Jacksonville Jaguars,JAX,-3.5,41.5
1/7/2024,2023,18,Washington Commanders,10,38,Dallas Cowboys,DAL,-13,47.5
1/13/2024,2023,Wildcard,Houston Texans,45,14,Cleveland Browns,CLE,-2.5,45
1/13/2024,2023,Wildcard,Kansas City Chiefs,26,7,Miami Dolphins,KC,-4.5,43.5
1/14/2024,2023,Wildcard,Dallas Cowboys,32,48,Green Bay Packers,DAL,-7,52.5
1/14/2024,2023,Wildcard,Detroit Lions,24,23,Los Angeles Rams,DET,-3,53
1/15/2024,2023,Wildcard,Buffalo Bills,31,17,Pittsburgh Steelers,BUF,-9,33
1/15/2024,2023,Wildcard,Tampa Bay Buccaneers,32,9,Philadelphia Eagles,PHI,-3,43
1/20/2024,2023,Division,Baltimore Ravens,34,10,Houston Texans,BAL,-10,44
1/20/2024,2023,Division,San Francisco 49ers,24,21,Green Bay Packers,SF,-10,50.5
1/21/2024,2023,Division,Buffalo Bills,24,27,Kansas City Chiefs,BUF,-2.5,46
1/21/2024,2023,Division,Detroit Lions,31,23,Tampa Bay Buccaneers,DET,-6,49.5
1/28/2024,2023,Conference,Baltimore Ravens,10,17,Kansas City Chiefs,BAL,-4.5,44
1/28/2024,2023,Conference,San Francisco 49ers,34,31,Detroit Lions,SF,-7.5,53.5
2/11/2024,2023,Superbowl,Kansas City Chiefs,25,22,San Francisco 49ers,SF,-2,47
9/5/2024,2024,1,Kansas City Chiefs,27,20,Baltimore Ravens,KC,-3,47
9/6/2024,2024,1,Philadelphia Eagles,34,29,Green Bay Packers,PHI,-2,49.5
9/8/2024,2024,1,Atlanta Falcons,10,18,Pittsburgh Steelers,ATL,-3.5,42
9/8/2024,2024,1,Buffalo Bills,34,28,Arizona Cardinals,BUF,-6.5,46.5
9/8/2024,2024,1,Chicago Bears,24,17,Tennessee Titans,CHI,-4,44.5
9/8/2024,2024,1,Cincinnati Bengals,10,16,New England Patriots,CIN,-8,41
9/8/2024,2024,1,Cleveland Browns,17,33,Dallas Cowboys,CLE,-2.5,41
9/8/2024,2024,1,Detroit Lions,26,20,Los Angeles Rams,DET,-4.5,52.5
9/8/2024,2024,1,Indianapolis Colts,27,29,Houston Texans,HOU,-3,48.5
9/8/2024,2024,1,Los Angeles Chargers,22,10,Las Vegas Raiders,LAC,-3,40
9/8/2024,2024,1,Miami Dolphins,20,17,Jacksonville Jaguars,MIA,-3.5,49
9/8/2024,2024,1,New Orleans Saints,47,10,Carolina Panthers,NO,-4,41.5
9/8/2024,2024,1,New York Giants,6,28,Minnesota Vikings,MIN,-1.5,41
9/8/2024,2024,1,Seattle Seahawks,26,20,Denver Broncos,SEA,-6,42
9/8/2024,2024,1,Tampa Bay Buccaneers,37,20,Washington Commanders,TB,-3.5,42.5
9/9/2024,2024,1,San Francisco 49ers,32,19,New York Jets,SF,-3.5,43.5
9/12/2024,2024,2,Miami Dolphins,10,31,Buffalo Bills,MIA,-2.5,48.5
9/15/2024,2024,2,Arizona Cardinals,41,10,Los Angeles Rams,ARI,-1,47.5
9/15/2024,2024,2,Baltimore Ravens,23,26,Las Vegas Raiders,BAL,-8.5,41.5
9/15/2024,2024,2,Carolina Panthers,3,26,Los Angeles Chargers,LAC,-4.5,38.5
9/15/2024,2024,2,Dallas Cowboys,19,44,New Orleans Saints,DAL,-6.5,47
9/15/2024,2024,2,Denver Broncos,6,13,Pittsburgh Steelers,PIT,-2.5,36.5
9/15/2024,2024,2,Detroit Lions,16,20,Tampa Bay Buccaneers,DET,-7.5,51.5
9/15/2024,2024,2,Green Bay Packers,16,10,Indianapolis Colts,IND,-2.5,41.5
9/15/2024,2024,2,Houston Texans,19,13,Chicago Bears,HOU,-6,45.5
9/15/2024,2024,2,Jacksonville Jaguars,13,18,Cleveland Browns,JAX,-3,41.5
9/15/2024,2024,2,Kansas City Chiefs,26,25,Cincinnati Bengals,KC,-6.5,47.5
9/15/2024,2024,2,Minnesota Vikings,23,17,San Francisco 49ers,SF,-4.5,46.5
9/15/2024,2024,2,New England Patriots,20,23,Seattle Seahawks,SEA,-3,38.5
9/15/2024,2024,2,Tennessee Titans,17,24,New York Jets,NYJ,-4,41.5
9/15/2024,2024,2,Washington Commanders,21,18,New York Giants,WAS,-1.5,42.5
9/16/2024,2024,2,Philadelphia Eagles,21,22,Atlanta Falcons,PHI,-5.5,46.5
9/19/2024,2024,3,New York Jets,24,3,New England Patriots,NYJ,-6,39
9/22/2024,2024,3,Arizona Cardinals,13,20,Detroit Lions,DET,-3,51.5
9/22/2024,2024,3,Atlanta Falcons,17,22,Kansas City Chiefs,KC,-3.5,46.5
9/22/2024,2024,3,Cleveland Browns,15,21,New York Giants,CLE,-6.5,38
9/22/2024,2024,3,Dallas Cowboys,25,28,Baltimore Ravens,BAL,-1.5,47.5
9/22/2024,2024,3,Indianapolis Colts,21,16,Chicago Bears,IND,-1.5,43.5
9/22/2024,2024,3,Las Vegas Raiders,22,36,Carolina Panthers,LVR,-5.5,40
9/22/2024,2024,3,Los Angeles Rams,27,24,San Francisco 49ers,SF,-6,44.5
9/22/2024,2024,3,Minnesota Vikings,34,7,Houston Texans,HOU,-2,46.5
9/22/2024,2024,3,New Orleans Saints,12,15,Philadelphia Eagles,NO,-2.5,49.5
9/22/2024,2024,3,Pittsburgh Steelers,20,10,Los Angeles Chargers,PIT,-2.5,35.5
9/22/2024,2024,3,Seattle Seahawks,24,3,Miami Dolphins,SEA,-4,41.5
9/22/2024,2024,3,Tampa Bay Buccaneers,7,26,Denver Broncos,TB,-6,40.5
9/22/2024,2024,3,Tennessee Titans,14,30,Green Bay Packers,TEN,-3,37
9/23/2024,2024,3,Buffalo Bills,47,10,Jacksonville Jaguars,BUF,-4,46.5
9/23/2024,2024,3,Cincinnati Bengals,33,38,Washington Commanders,CIN,-7.5,46
9/26/2024,2024,4,New York Giants,15,20,Dallas Cowboys,DAL,-5,44.5
9/29/2024,2024,4,Arizona Cardinals,14,42,Washington Commanders,ARI,-3.5,48.5
9/29/2024,2024,4,Atlanta Falcons,26,24,New Orleans Saints,ATL,-2.5,42.5
9/29/2024,2024,4,Baltimore Ravens,35,10,Buffalo Bills,BAL,-2.5,47.5
9/29/2024,2024,4,Carolina Panthers,24,34,Cincinnati Bengals,CIN,-4.5,47
9/29/2024,2024,4,Chicago Bears,24,18,Los Angeles Rams,CHI,-3,40.5
9/29/2024,2024,4,Green Bay Packers,29,31,Minnesota Vikings,GB,-2.5,44.5
9/29/2024,2024,4,Houston Texans,24,20,Jacksonville Jaguars,HOU,-5.5,44.5
9/29/2024,2024,4,Indianapolis Colts,27,24,Pittsburgh Steelers,PIT,-2.5,40.5
9/29/2024,2024,4,Las Vegas Raiders,20,16,Cleveland Browns,CLE,-2.5,37
9/29/2024,2024,4,Los Angeles Chargers,10,17,Kansas City Chiefs,KC,-7,41.5
9/29/2024,2024,4,New York Jets,9,10,Denver Broncos,NYJ,-8,39.5
9/29/2024,2024,4,San Francisco 49ers,30,13,New England Patriots,SF,-10.5,41.5
9/29/2024,2024,4,Tampa Bay Buccaneers,33,16,Philadelphia Eagles,PHI,-1,42.5
9/30/2024,2024,4,Detroit Lions,42,29,Seattle Seahawks,DET,-4,47
9/30/2024,2024,4,Miami Dolphins,12,31,Tennessee Titans,MIA,-2.5,38
10/3/2024,2024,5,Atlanta Falcons,36,30,Tampa Bay Buccaneers,ATL,-2.5,44
10/6/2024,2024,5,Chicago Bears,36,10,Carolina Panthers,CHI,-4,40.5
10/6/2024,2024,5,Cincinnati Bengals,38,41,Baltimore Ravens,BAL,-2.5,48
10/6/2024,2024,5,Denver Broncos,34,18,Las Vegas Raiders,DEN,-3,36
10/6/2024,2024,5,Houston Texans,23,20,Buffalo Bills,HOU,-1,47.5
10/6/2024,2024,5,Jacksonville Jaguars,37,34,Indianapolis Colts,JAX,-3.5,45
10/6/2024,2024,5,Los Angeles Rams,19,24,Green Bay Packers,GB,-3,49.5
10/6/2024,2024,5,Minnesota Vikings,23,17,New York Jets,MIN,-2.5,42
10/6/2024,2024,5,New England Patriots,10,15,Miami Dolphins,MIA,-2,37
10/6/2024,2024,5,Pittsburgh Steelers,17,20,Dallas Cowboys,PIT,-2.5,44
10/6/2024,2024,5,San Francisco 49ers,23,24,Arizona Cardinals,SF,-7,49
10/6/2024,2024,5,Seattle Seahawks,20,29,New York Giants,SEA,-7,42.5
10/6/2024,2024,5,Washington Commanders,34,13,Cleveland Browns,WAS,-3,44
10/7/2024,2024,5,Kansas City Chiefs,26,13,New Orleans Saints,KC,-5.5,43
10/10/2024,2024,6,Seattle Seahawks,24,36,San Francisco 49ers,SF,-3.5,48.5
10/13/2024,2024,6,Baltimore Ravens,30,23,Washington Commanders,BAL,-7,51
10/13/2024,2024,6,Carolina Panthers,20,38,Atlanta Falcons,ATL,-6,46
10/13/2024,2024,6,Chicago Bears,35,16,Jacksonville Jaguars,JAX,-1.5,44.5
10/13/2024,2024,6,Dallas Cowboys,9,47,Detroit Lions,DET,-3.5,53.5
10/13/2024,2024,6,Denver Broncos,16,23,Los Angeles Chargers,LAC,-3,36.5
10/13/2024,2024,6,Green Bay Packers,34,13,Arizona Cardinals,GB,-5.5,47
10/13/2024,2024,6,Las Vegas Raiders,13,32,Pittsburgh Steelers,PIT,-3,36.5
10/13/2024,2024,6,New England Patriots,21,41,Houston Texans,HOU,-6.5,38
10/13/2024,2024,6,New Orleans Saints,27,51,Tampa Bay Buccaneers,TB,-3.5,42.5
10/13/2024,2024,6,New York Giants,7,17,Cincinnati Bengals,CIN,-4,46.5
10/13/2024,2024,6,Philadelphia Eagles,20,16,Cleveland Browns,PHI,-8.5,42
10/13/2024,2024,6,Tennessee Titans,17,20,Indianapolis Colts,TEN,-2.5,42.5
10/14/2024,2024,6,New York Jets,20,23,Buffalo Bills,BUF,-1,41
10/17/2024,2024,7,New Orleans Saints,10,33,Denver Broncos,DEN,-3,37
10/20/2024,2024,7,Atlanta Falcons,14,34,Seattle Seahawks,ATL,-3,51.5
10/20/2024,2024,7,Buffalo Bills,34,10,Tennessee Titans,BUF,-9.5,41
10/20/2024,2024,7,Cleveland Browns,14,21,Cincinnati Bengals,CIN,-5.5,41.5
10/20/2024,2024,7,Green Bay Packers,24,22,Houston Texans,GB,-3,48
10/20/2024,2024,7,Indianapolis Colts,16,10,Miami Dolphins,IND,-3,44
10/20/2024,2024,7,Jacksonville Jaguars,32,16,New England Patriots,JAX,-7,42.5
10/20/2024,2024,7,Los Angeles Rams,20,15,Las Vegas Raiders,LAR,-7,43.5
10/20/2024,2024,7,Minnesota Vikings,29,31,Detroit Lions,MIN,-1,50.5
10/20/2024,2024,7,New York Giants,3,28,Philadelphia Eagles,PHI,-3,42
10/20/2024,2024,7,Pittsburgh Steelers,37,15,New York Jets,NYJ,-2.5,40.5
10/20/2024,2024,7,San Francisco 49ers,18,28,Kansas City Chiefs,SF,-2.5,48
10/20/2024,2024,7,Washington Commanders,40,7,Carolina Panthers,WAS,-10,51
10/21/2024,2024,7,Arizona Cardinals,17,15,Los Angeles Chargers,LAC,-1,44.5
10/21/2024,2024,7,Tampa Bay Buccaneers,31,41,Baltimore Ravens,BAL,-4,51
10/24/2024,2024,8,Los Angeles Rams,30,20,Minnesota Vikings,MIN,-3,47
10/27/2024,2024,8,Cincinnati Bengals,17,37,Philadelphia Eagles,CIN,-2.5,47.5
10/27/2024,2024,8,Cleveland Browns,29,24,Baltimore Ravens,BAL,-7.5,44.5
10/27/2024,2024,8,Denver Broncos,28,14,Carolina Panthers,DEN,-13,40.5
10/27/2024,2024,8,Detroit Lions,52,14,Tennessee Titans,DET,-12,45
10/27/2024,2024,8,Houston Texans,23,20,Indianapolis Colts,HOU,-4.5,45
10/27/2024,2024,8,Jacksonville Jaguars,27,30,Green Bay Packers,GB,-3.5,49
10/27/2024,2024,8,Las Vegas Raiders,20,27,Kansas City Chiefs,KC,-8.5,43
10/27/2024,2024,8,Los Angeles Chargers,26,8,New Orleans Saints,LAC,-7,41.5
10/27/2024,2024,8,Miami Dolphins,27,28,Arizona Cardinals,MIA,-4,46.5
10/27/2024,2024,8,New England Patriots,25,22,New York Jets,NYJ,-7,41
10/27/2024,2024,8,San Francisco 49ers,30,24,Dallas Cowboys,SF,-5.5,47.5
10/27/2024,2024,8,Seattle Seahawks,10,31,Buffalo Bills,BUF,-3,45
10/27/2024,2024,8,Tampa Bay Buccaneers,26,31,Atlanta Falcons,ATL,-1.5,46.5
10/27/2024,2024,8,Washington Commanders,18,15,Chicago Bears,WAS,-1.5,46.5
10/28/2024,2024,8,Pittsburgh Steelers,26,18,New York Giants,PIT,-6,37.5
10/31/2024,2024,9,New York Jets,21,13,Houston Texans,NYJ,-2.5,43
11/3/2024,2024,9,Arizona Cardinals,29,9,Chicago Bears,ARI,-1.5,44.5
11/3/2024,2024,9,Atlanta Falcons,27,21,Dallas Cowboys,ATL,-3,52
11/3/2024,2024,9,Baltimore Ravens,41,10,Denver Broncos,BAL,-9,46.5
11/3/2024,2024,9,Buffalo Bills,30,27,Miami Dolphins,BUF,-6,49
11/3/2024,2024,9,Carolina Panthers,23,22,New Orleans Saints,NO,-7,43.5
11/3/2024,2024,9,Cincinnati Bengals,41,24,Las Vegas Raiders,CIN,-7.5,45
11/3/2024,2024,9,Cleveland Browns,10,27,Los Angeles Chargers,LAC,-2,42.5
11/3/2024,2024,9,Green Bay Packers,14,24,Detroit Lions,DET,-2.5,48.5
11/3/2024,2024,9,Minnesota Vikings,21,13,Indianapolis Colts,MIN,-6,47
11/3/2024,2024,9,New York Giants,22,27,Washington Commanders,WAS,-4,44
11/3/2024,2024,9,Philadelphia Eagles,28,23,Jacksonville Jaguars,PHI,-7.5,46
11/3/2024,2024,9,Seattle Seahawks,20,26,Los Angeles Rams,LAR,-1.5,48.5
11/3/2024,2024,9,Tennessee Titans,20,17,New England Patriots,TEN,-3.5,38
11/4/2024,2024,9,Kansas City Chiefs,30,24,Tampa Bay Buccaneers,KC,-9,45.5
11/7/2024,2024,10,Baltimore Ravens,35,34,Cincinnati Bengals,BAL,-6,52.5
11/10/2024,2024,10,Arizona Cardinals,31,6,New York Jets,NYJ,-2,46
11/10/2024,2024,10,Carolina Panthers,20,17,New York Giants,NYG,-6.5,40.5
11/10/2024,2024,10,Chicago Bears,3,19,New England Patriots,CHI,-6,37.5
11/10/2024,2024,10,Dallas Cowboys,6,34,Philadelphia Eagles,PHI,-7,44.5
11/10/2024,2024,10,Houston Texans,23,26,Detroit Lions,DET,-4,49
11/10/2024,2024,10,Indianapolis Colts,20,30,Buffalo Bills,BUF,-4.5,47
11/10/2024,2024,10,Jacksonville Jaguars,7,12,Minnesota Vikings,MIN,-7,42.5
11/10/2024,2024,10,Kansas City Chiefs,16,14,Denver Broncos,KC,-7,42.5
11/10/2024,2024,10,Los Angeles Chargers,27,17,Tennessee Titans,LAC,-8,40
11/10/2024,2024,10,New Orleans Saints,20,17,Atlanta Falcons,ATL,-3.5,47.5
11/10/2024,2024,10,Tampa Bay Buccaneers,20,23,San Francisco 49ers,SF,-6.5,50
11/10/2024,2024,10,Washington Commanders,27,28,Pittsburgh Steelers,WAS,-2,45
11/11/2024,2024,10,Los Angeles Rams,15,23,Miami Dolphins,LAR,-2,49.5
11/14/2024,2024,11,Philadelphia Eagles,26,18,Washington Commanders,PHI,-4,49.5
11/17/2024,2024,11,Buffalo Bills,30,21,Kansas City Chiefs,BUF,-2.5,47
11/17/2024,2024,11,Chicago Bears,19,20,Green Bay Packers,GB,-6,41
11/17/2024,2024,11,Denver Broncos,38,6,Atlanta Falcons,DEN,-2,44.5
11/17/2024,2024,11,Detroit Lions,52,6,Jacksonville Jaguars,DET,-13.5,47.5
11/17/2024,2024,11,Los Angeles Chargers,34,27,Cincinnati Bengals,LAC,-1,48
11/17/2024,2024,11,Miami Dolphins,34,19,Las Vegas Raiders,MIA,-7.5,43.5
11/17/2024,2024,11,New England Patriots,22,28,Los Angeles Rams,LAR,-4,43
11/17/2024,2024,11,New Orleans Saints,35,14,Cleveland Browns,CLE,-1,44
11/17/2024,2024,11,New York Jets,27,28,Indianapolis Colts,NYJ,-4,43
11/17/2024,2024,11,Pittsburgh Steelers,18,16,Baltimore Ravens,BAL,-3,48
11/17/2024,2024,11,San Francisco 49ers,17,20,Seattle Seahawks,SF,-6,49
11/17/2024,2024,11,Tennessee Titans,13,23,Minnesota Vikings,MIN,-6,40
11/18/2024,2024,11,Dallas Cowboys,10,34,Houston Texans,HOU,-7,41.5
11/21/2024,2024,12,Cleveland Browns,24,19,Pittsburgh Steelers,PIT,-3.5,36.5
11/24/2024,2024,12,Carolina Panthers,27,30,Kansas City Chiefs,KC,-10.5,43
11/24/2024,2024,12,Chicago Bears,27,30,Minnesota Vikings,MIN,-3,39.5
11/24/2024,2024,12,Green Bay Packers,38,10,San Francisco 49ers,GB,-6,44.5
11/24/2024,2024,12,Houston Texans,27,32,Tennessee Titans,HOU,-8,40.5
11/24/2024,2024,12,Indianapolis Colts,6,24,Detroit Lions,DET,-7,50.5
11/24/2024,2024,12,Las Vegas Raiders,19,29,Denver Broncos,DEN,-5.5,41.5
11/24/2024,2024,12,Los Angeles Rams,20,37,Philadelphia Eagles,PHI,-3,48.5
11/24/2024,2024,12,Miami Dolphins,34,15,New England Patriots,MIA,-7.5,45.5
11/24/2024,2024,12,New York Giants,7,30,Tampa Bay Buccaneers,TB,-6,40
11/24/2024,2024,12,Seattle Seahawks,16,6,Arizona Cardinals,ARI,-1,46.5
11/24/2024,2024,12,Washington Commanders,26,34,Dallas Cowboys,WAS,-10.5,44.5
11/25/2024,2024,12,Los Angeles Chargers,23,30,Baltimore Ravens,BAL,-3,51
11/28/2024,2024,13,Dallas Cowboys,27,20,New York Giants,DAL,-4,38.5
11/28/2024,2024,13,Detroit Lions,23,20,Chicago Bears,DET,-10,48
11/28/2024,2024,13,Green Bay Packers,30,17,Miami Dolphins,GB,-3.5,47.5
11/29/2024,2024,13,Kansas City Chiefs,19,17,Las Vegas Raiders,KC,-13.5,42
12/1/2024,2024,13,Atlanta Falcons,13,17,Los Angeles Chargers,LAC,-1,47
12/1/2024,2024,13,Baltimore Ravens,19,24,Philadelphia Eagles,BAL,-3,50
12/1/2024,2024,13,Buffalo Bills,35,10,San Francisco 49ers,BUF,-6.5,45.5
12/1/2024,2024,13,Carolina Panthers,23,26,Tampa Bay Buccaneers,TB,-6.5,46
12/1/2024,2024,13,Cincinnati Bengals,38,44,Pittsburgh Steelers,CIN,-3,46
12/1/2024,2024,13,Jacksonville Jaguars,20,23,Houston Texans,HOU,-3,45
12/1/2024,2024,13,Minnesota Vikings,23,22,Arizona Cardinals,MIN,-3.5,45
12/1/2024,2024,13,New England Patriots,24,25,Indianapolis Colts,IND,-2.5,41.5
12/1/2024,2024,13,New Orleans Saints,14,21,Los Angeles Rams,LAR,-2.5,49
12/1/2024,2024,13,New York Jets,21,26,Seattle Seahawks,NYJ,-1.5,41.5
12/1/2024,2024,13,Washington Commanders,42,19,Tennessee Titans,WAS,-6,45
12/2/2024,2024,13,Denver Broncos,41,32,Cleveland Browns,DEN,-6.5,41.5
12/5/2024,2024,14,Detroit Lions,34,31,Green Bay Packers,DET,-3.5,52.5
12/8/2024,2024,14,Arizona Cardinals,18,30,Seattle Seahawks,ARI,-3,45.5
12/8/2024,2024,14,Kansas City Chiefs,19,17,Los Angeles Chargers,KC,-4.5,43
12/8/2024,2024,14,Los Angeles Rams,44,42,Buffalo Bills,BUF,-3.5,50.5
12/8/2024,2024,14,Miami Dolphins,32,26,New York Jets,MIA,-6.5,45
12/8/2024,2024,14,Minnesota Vikings,42,21,Atlanta Falcons,MIN,-6,46.5
12/8/2024,2024,14,New York Giants,11,14,New Orleans Saints,NO,-5.5,41
12/8/2024,2024,14,Philadelphia Eagles,22,16,Carolina Panthers,PHI,-14,45
12/8/2024,2024,14,Pittsburgh Steelers,27,14,Cleveland Browns,PIT,-6,43
12/8/2024,2024,14,San Francisco 49ers,38,13,Chicago Bears,SF,-3,43.5
12/8/2024,2024,14,Tampa Bay Buccaneers,28,13,Las Vegas Raiders,TB,-6.5,47
12/8/2024,2024,14,Tennessee Titans,6,10,Jacksonville Jaguars,TEN,-3,40.5
12/9/2024,2024,14,Dallas Cowboys,20,27,Cincinnati Bengals,CIN,-4.5,50.5
12/12/2024,2024,15,San Francisco 49ers,6,12,Los Angeles Rams,SF,-3,48.5
12/15/2024,2024,15,Arizona Cardinals,30,17,New England Patriots,ARI,-6,46.5
12/15/2024,2024,15,Carolina Panthers,14,30,Dallas Cowboys,CAR,-2.5,42
12/15/2024,2024,15,Cleveland Browns,7,21,Kansas City Chiefs,KC,-4,41
12/15/2024,2024,15,Denver Broncos,31,13,Indianapolis Colts,DEN,-4.5,44
12/15/2024,2024,15,Detroit Lions,42,48,Buffalo Bills,DET,-2,55.5
12/15/2024,2024,15,Houston Texans,20,12,Miami Dolphins,HOU,-2.5,46
12/15/2024,2024,15,Jacksonville Jaguars,25,32,New York Jets,NYJ,-3.5,41.5
12/15/2024,2024,15,Los Angeles Chargers,17,40,Tampa Bay Buccaneers,LAC,-3,46
12/15/2024,2024,15,New Orleans Saints,19,20,Washington Commanders,WAS,-7.5,44.5
12/15/2024,2024,15,New York Giants,14,35,Baltimore Ravens,BAL,-17,43.5
12/15/2024,2024,15,Philadelphia Eagles,27,13,Pittsburgh Steelers,PHI,-5.5,43
12/15/2024,2024,15,Seattle Seahawks,13,30,Green Bay Packers,GB,-3,48
12/15/2024,2024,15,Tennessee Titans,27,37,Cincinnati Bengals,CIN,-6,46
12/16/2024,2024,15,Las Vegas Raiders,9,15,Atlanta Falcons,ATL,-6,44.5
12/16/2024,2024,15,Minnesota Vikings,30,12,Chicago Bears,MIN,-7,43.5
12/19/2024,2024,16,Los Angeles Chargers,34,27,Denver Broncos,LAC,-2.5,41.5
12/21/2024,2024,16,Baltimore Ravens,34,17,Pittsburgh Steelers,BAL,-7,44
12/21/2024,2024,16,Kansas City Chiefs,27,19,Houston Texans,KC,-3.5,42.5
12/22/2024,2024,16,Atlanta Falcons,34,7,New York Giants,ATL,-9.5,43
12/22/2024,2024,16,Buffalo Bills,24,21,New England Patriots,BUF,-14,48
12/22/2024,2024,16,Carolina Panthers,36,30,Arizona Cardinals,ARI,-5.5,47
12/22/2024,2024,16,Chicago Bears,17,34,Detroit Lions,DET,-7,47.5
12/22/2024,2024,16,Cincinnati Bengals,24,6,Cleveland Browns,CIN,-10,46.5
12/22/2024,2024,16,Dallas Cowboys,26,24,Tampa Bay Buccaneers,TB,-4.5,47.5
12/22/2024,2024,16,Indianapolis Colts,38,30,Tennessee Titans,IND,-4,42.5
12/22/2024,2024,16,Las Vegas Raiders,19,14,Jacksonville Jaguars,LVR,-2.5,41.5
12/22/2024,2024,16,Miami Dolphins,29,17,San Francisco 49ers,SF,-1.5,44
12/22/2024,2024,16,New York Jets,9,19,Los Angeles Rams,LAR,-3,47
12/22/2024,2024,16,Seattle Seahawks,24,27,Minnesota Vikings,MIN,-2.5,43
12/22/2024,2024,16,Washington Commanders,36,33,Philadelphia Eagles,PHI,-4,47
12/23/2024,2024,16,Green Bay Packers,34,0,New Orleans Saints,GB,-14,43.5
12/25/2024,2024,17,Houston Texans,2,31,Baltimore Ravens,BAL,-6.5,47
12/25/2024,2024,17,Pittsburgh Steelers,10,29,Kansas City Chiefs,KC,-2,46
12/26/2024,2024,17,Chicago Bears,3,6,Seattle Seahawks,SEA,-4.5,42
12/28/2024,2024,17,Buffalo Bills,40,14,New York Jets,BUF,-10,44.5
12/28/2024,2024,17,Cincinnati Bengals,30,24,Denver Broncos,CIN,-3,50.5
12/28/2024,2024,17,Los Angeles Rams,13,9,Arizona Cardinals,LAR,-6.5,48
12/28/2024,2024,17,New England Patriots,7,40,Los Angeles Chargers,LAC,-6,42
12/29/2024,2024,17,Cleveland Browns,3,20,Miami Dolphins,MIA,-3,32.5
12/29/2024,2024,17,Jacksonville Jaguars,20,13,Tennessee Titans,JAX,-1,38
12/29/2024,2024,17,Minnesota Vikings,27,25,Green Bay Packers,MIN,-1,49
12/29/2024,2024,17,New Orleans Saints,10,25,Las Vegas Raiders,LVR,-1.5,37.5
12/29/2024,2024,17,New York Giants,45,33,Indianapolis Colts,IND,-7.5,40.5
12/29/2024,2024,17,Philadelphia Eagles,41,7,Dallas Cowboys,PHI,-7.5,37.5
12/29/2024,2024,17,Tampa Bay Buccaneers,48,14,Carolina Panthers,TB,-10,47.5
12/29/2024,2024,17,Washington Commanders,30,24,Atlanta Falcons,WAS,-3.5,46.5
12/30/2024,2024,17,San Francisco 49ers,34,40,Detroit Lions,DET,-4,50
1/4/2025,2024,18,Baltimore Ravens,35,10,Cleveland Browns,BAL,-20,42
1/5/2025,2024,18,Arizona Cardinals,47,24,San Francisco 49ers,ARI,-5,43
1/5/2025,2024,18,Atlanta Falcons,38,44,Carolina Panthers,ATL,-8,49
1/5/2025,2024,18,Dallas Cowboys,19,23,Washington Commanders,WAS,-7,43.5
1/5/2025,2024,18,Denver Broncos,38,0,Kansas City Chiefs,DEN,-11,40.5
1/5/2025,2024,18,Detroit Lions,31,9,Minnesota Vikings,DET,-3,56.5
1/5/2025,2024,18,Green Bay Packers,22,24,Chicago Bears,GB,-10,41.5
1/5/2025,2024,18,Indianapolis Colts,26,23,Jacksonville Jaguars,IND,-3.5,45.5
1/5/2025,2024,18,Las Vegas Raiders,20,34,Los Angeles Chargers,LAC,-7,42
1/5/2025,2024,18,Los Angeles Rams,25,30,Seattle Seahawks,SEA,-7.5,38.5
1/5/2025,2024,18,New England Patriots,23,16,Buffalo Bills,BUF,-3.5,36.5
1/5/2025,2024,18,New York Jets,32,20,Miami Dolphins,NYJ,-2,39.5
1/5/2025,2024,18,Philadelphia Eagles,20,13,New York Giants,PHI,-3,36
1/5/2025,2024,18,Pittsburgh Steelers,17,19,Cincinnati Bengals,CIN,-2.5,48.5
1/5/2025,2024,18,Tampa Bay Buccaneers,27,19,New Orleans Saints,TB,-14.5,44.5
1/5/2025,2024,18,Tennessee Titans,14,23,Houston Texans,TEN,-2.5,36.5
1/11/2025,2024,Wildcard,Houston Texans,32,12,Los Angeles Chargers,LAC,-2.5,42
1/12/2025,2024,Wildcard,Baltimore Ravens,28,14,Pittsburgh Steelers,BAL,-9,44.5
1/12/2025,2024,Wildcard,Buffalo Bills,31,7,Denver Broncos,BUF,-7.5,49
1/12/2025,2024,Wildcard,Philadelphia Eagles,22,10,Green Bay Packers,PHI,-5.5,46
1/12/2025,2024,Wildcard,Tampa Bay Buccaneers,20,23,Washington Commanders,TB,-3,51.5
1/13/2025,2024,Wildcard,Los Angeles Rams,27,9,Minnesota Vikings,MIN,-2.5,48
1/18/2025,2024,Division,Detroit Lions,31,45,Washington Commanders,DET,-8,55
1/18/2025,2024,Division,Kansas City Chiefs,23,14,Houston Texans,KC,-9.5,41.5
1/19/2025,2024,Division,Buffalo Bills,27,25,Baltimore Ravens,BAL,-1.5,52
1/19/2025,2024,Division,Philadelphia Eagles,28,22,Los Angeles Rams,PHI,-7,43.5
1/26/2025,2024,Conference,Kansas City Chiefs,32,29,Buffalo Bills,KC,-1,49.5
1/26/2025,2024,Conference,Philadelphia Eagles,55,23,Washington Commanders,PHI,-6,47
2/9/2025,2024,Superbowl,Philadelphia Eagles,40,22,Kansas City Chiefs,KC,-1,48.5
9/4/2025,2025,1,Philadelphia Eagles,24,20,Dallas Cowboys,PHI,-8.5,47.5
9/5/2025,2025,1,Los Angeles Chargers,27,21,Kansas City Chiefs,KC,-3,46.5
9/7/2025,2025,1,Atlanta Falcons,20,23,Tampa Bay Buccaneers,ATL,-1,47
9/7/2025,2025,1,Buffalo Bills,41,40,Baltimore Ravens,BAL,-1.5,50.5
9/7/2025,2025,1,Cleveland Browns,16,17,Cincinnati Bengals,CIN,-5,48
9/7/2025,2025,1,Denver Broncos,20,12,Tennessee Titans,DEN,-9,42.5
9/7/2025,2025,1,Green Bay Packers,27,13,Detroit Lions,GB,-1,47
9/7/2025,2025,1,Indianapolis Colts,33,8,Miami Dolphins,PICK,0,46.5
9/7/2025,2025,1,Jacksonville Jaguars,26,10,Carolina Panthers,JAX,-3.5,46.5
9/7/2025,2025,1,Los Angeles Rams,14,9,Houston Texans,LAR,-3,43.5
9/7/2025,2025,1,New England Patriots,13,20,Las Vegas Raiders,NE,-2.5,44
9/7/2025,2025,1,New Orleans Saints,13,20,Arizona Cardinals,ARI,-6.5,43.5
9/7/2025,2025,1,New York Jets,32,34,Pittsburgh Steelers,PIT,-2.5,38
9/7/2025,2025,1,Seattle Seahawks,13,17,San Francisco 49ers,SF,-2,43
9/7/2025,2025,1,Washington Commanders,21,6,New York Giants,WAS,-6,45.5
9/8/2025,2025,1,Chicago Bears,24,27,Minnesota Vikings,MIN,-1.5,43.5
9/11/2025,2025,2,Green Bay Packers,27,18,Washington Commanders,GB,-3.5,48
9/14/2025,2025,2,Arizona Cardinals,27,22,Carolina Panthers,ARI,-7,44.5
9/14/2025,2025,2,Baltimore Ravens,41,17,Cleveland Browns,BAL,-11.5,45
9/14/2025,2025,2,Cincinnati Bengals,31,27,Jacksonville Jaguars,CIN,-3,49
9/14/2025,2025,2,Dallas Cowboys,40,37,New York Giants,DAL,-5.5,44.5
9/14/2025,2025,2,Detroit Lions,52,21,Chicago Bears,DET,-6.5,46.5
9/14/2025,2025,2,Indianapolis Colts,29,28,Denver Broncos,DEN,-1,43.5
9/14/2025,2025,2,Kansas City Chiefs,17,20,Philadelphia Eagles,PHI,-1,47
9/14/2025,2025,2,Miami Dolphins,27,33,New England Patriots,MIA,-2,43
9/14/2025,2025,2,Minnesota Vikings,6,22,Atlanta Falcons,MIN,-3,44.5
9/14/2025,2025,2,New Orleans Saints,21,26,San Francisco 49ers,SF,-3,40.5
9/14/2025,2025,2,New York Jets,10,30,Buffalo Bills,BUF,-6,47.5
9/14/2025,2025,2,Pittsburgh Steelers,17,31,Seattle Seahawks,PIT,-3,40
9/14/2025,2025,2,Tennessee Titans,19,33,Los Angeles Rams,LAR,-5.5,41.5
9/15/2025,2025,2,Houston Texans,19,20,Tampa Bay Buccaneers,HOU,-2.5,42.5
9/15/2025,2025,2,Las Vegas Raiders,9,20,Los Angeles Chargers,LAC,-3.5,46.5
9/18/2025,2025,3,Buffalo Bills,31,21,Miami Dolphins,BUF,-12,50
9/21/2025,2025,3,Carolina Panthers,30,0,Atlanta Falcons,ATL,-4.5,44
9/21/2025,2025,3,Chicago Bears,31,14,Dallas Cowboys,DAL,-1,50
9/21/2025,2025,3,Cleveland Browns,13,10,Green Bay Packers,GB,-7.5,41
9/21/2025,2025,3,Jacksonville Jaguars,17,10,Houston Texans,JAX,-1,43.5
9/21/2025,2025,3,Los Angeles Chargers,23,20,Denver Broncos,LAC,-3,43.5
9/21/2025,2025,3,Minnesota Vikings,48,10,Cincinnati Bengals,MIN,-3,41.5
9/21/2025,2025,3,New England Patriots,14,21,Pittsburgh Steelers,PIT,-1.5,44.5
9/21/2025,2025,3,New York Giants,9,22,Kansas City Chiefs,KC,-6,44.5
9/21/2025,2025,3,Philadelphia Eagles,33,26,Los Angeles Rams,PHI,-3,44.5
9/21/2025,2025,3,San Francisco 49ers,16,15,Arizona Cardinals,SF,-2,45.5
9/21/2025,2025,3,Seattle Seahawks,44,13,New Orleans Saints,SEA,-7,41.5
9/21/2025,2025,3,Tampa Bay Buccaneers,29,27,New York Jets,TB,-6.5,43
9/21/2025,2025,3,Tennessee Titans,20,41,Indianapolis Colts,IND,-4.5,43.5
9/21/2025,2025,3,Washington Commanders,41,24,Las Vegas Raiders,WAS,-3,43.5
9/22/2025,2025,3,Baltimore Ravens,30,38,Detroit Lions,BAL,-4,53
9/25/2025,2025,4,Arizona Cardinals,20,23,Seattle Seahawks,SEA,-1.5,43
9/28/2025,2025,4,Atlanta Falcons,34,27,Washington Commanders,ATL,-1.5,43.5
9/28/2025,2025,4,Buffalo Bills,31,19,New Orleans Saints,BUF,-15.5,47.5
9/28/2025,2025,4,Dallas Cowboys,40,40,Green Bay Packers,GB,-6.5,46.5
9/28/2025,2025,4,Detroit Lions,34,10,Cleveland Browns,DET,-10,44
9/28/2025,2025,4,Houston Texans,26,0,Tennessee Titans,HOU,-7,39.5
9/28/2025,2025,4,Kansas City Chiefs,37,20,Baltimore Ravens,BAL,-2.5,48.5
9/28/2025,2025,4,Las Vegas Raiders,24,25,Chicago Bears,PICK,0,47.5
9/28/2025,2025,4,Los Angeles Rams,27,20,Indianapolis Colts,LAR,-3.5,49.5
9/28/2025,2025,4,New England Patriots,42,13,Carolina Panthers,NE,-5,43
9/28/2025,2025,4,New York Giants,21,18,Los Angeles Chargers,LAC,-6.5,43.5
9/28/2025,2025,4,Pittsburgh Steelers,24,21,Minnesota Vikings,MIN,-2.5,41
9/28/2025,2025,4,San Francisco 49ers,21,26,Jacksonville Jaguars,SF,-3.5,46
9/28/2025,2025,4,Tampa Bay Buccaneers,25,31,Philadelphia Eagles,PHI,-3.5,44
9/29/2025,2025,4,Denver Broncos,28,3,Cincinnati Bengals,DEN,-7.5,44
9/29/2025,2025,4,Miami Dolphins,27,21,New York Jets,MIA,-2.5,44.5
10/2/2025,2025,5,Los Angeles Rams,23,26,San Francisco 49ers,LAR,-9,45
10/5/2025,2025,5,Arizona Cardinals,21,22,Tennessee Titans,ARI,-7.5,41
10/5/2025,2025,5,Baltimore Ravens,10,44,Houston Texans,HOU,-1,40.5
10/5/2025,2025,5,Buffalo Bills,20,23,New England Patriots,BUF,-9,48.5
10/5/2025,2025,5,Carolina Panthers,27,24,Miami Dolphins,MIA,-1,44
10/5/2025,2025,5,Cincinnati Bengals,24,37,Detroit Lions,DET,-10.5,49.5
10/5/2025,2025,5,Cleveland Browns,17,21,Minnesota Vikings,MIN,-3.5,35.5
10/5/2025,2025,5,Indianapolis Colts,40,6,Las Vegas Raiders,IND,-7,48
10/5/2025,2025,5,Los Angeles Chargers,10,27,Washington Commanders,LAC,-3,47
10/5/2025,2025,5,New Orleans Saints,26,14,New York Giants,NO,-2,42
10/5/2025,2025,5,New York Jets,22,37,Dallas Cowboys,DAL,-1.5,48
10/5/2025,2025,5,Philadelphia Eagles,17,21,Denver Broncos,PHI,-4,43.5
10/5/2025,2025,5,Seattle Seahawks,35,38,Tampa Bay Buccaneers,SEA,-3.5,44.5
10/6/2025,2025,5,Jacksonville Jaguars,31,28,Kansas City Chiefs,KC,-3.5,45.5
10/9/2025,2025,6,New York Giants,34,17,Philadelphia Eagles,PHI,-8,40
10/12/2025,2025,6,Baltimore Ravens,3,17,Los Angeles Rams,LAR,-7,44.5
10/12/2025,2025,6,Carolina Panthers,30,27,Dallas Cowboys,DAL,-3,48.5
10/12/2025,2025,6,Green Bay Packers,27,18,Cincinnati Bengals,GB,-14,45
10/12/2025,2025,6,Indianapolis Colts,31,27,Arizona Cardinals,IND,-9.5,46.5
10/12/2025,2025,6,Jacksonville Jaguars,12,20,Seattle Seahawks,PICK,0,47.5
10/12/2025,2025,6,Las Vegas Raiders,20,10,Tennessee Titans,LVR,-4,42
10/12/2025,2025,6,Miami Dolphins,27,29,Los Angeles Chargers,LAC,-4,43.5
10/12/2025,2025,6,New Orleans Saints,19,25,New England Patriots,NE,-3.5,46
10/12/2025,2025,6,New York Jets,11,13,Denver Broncos,DEN,-7,43.5
10/12/2025,2025,6,Pittsburgh Steelers,23,9,Cleveland Browns,PIT,-6,38
10/12/2025,2025,6,Tampa Bay Buccaneers,30,19,San Francisco 49ers,TB,-3,47
10/13/2025,2025,6,Atlanta Falcons,24,14,Buffalo Bills,BUF,-4,50
10/13/2025,2025,6,Kansas City Chiefs,30,17,Detroit Lions,KC,-2.5,53
10/14/2025,2025,6,Washington Commanders,24,25,Chicago Bears,WAS,-5.5,49.5
10/17/2025,2025,7,Cincinnati Bengals,33,31,Pittsburgh Steelers,PIT,-5.5,44.5
10/19/2025,2025,7,Arizona Cardinals,23,27,Green Bay Packers,GB,-7,44.5
10/19/2025,2025,7,Chicago Bears,26,14,New Orleans Saints,CHI,-4,45.5
10/19/2025,2025,7,Cleveland Browns,31,6,Miami Dolphins,CLE,-2.5,35.5
10/19/2025,2025,7,Dallas Cowboys,44,22,Washington Commanders,DAL,-1,54
10/19/2025,2025,7,Denver Broncos,33,32,New York Giants,DEN,-7.5,40.5
10/19/2025,2025,7,Jacksonville Jaguars,7,35,Los Angeles Rams,LAR,-3,44
10/19/2025,2025,7,Kansas City Chiefs,31,0,Las Vegas Raiders,KC,-12,45.5
10/19/2025,2025,7,Los Angeles Chargers,24,38,Indianapolis Colts,LAC,-3,44
10/19/2025,2025,7,Minnesota Vikings,22,28,Philadelphia Eagles,PHI,-1.5,44
10/19/2025,2025,7,New York Jets,6,13,Carolina Panthers,CAR,-1,41
10/19/2025,2025,7,Tennessee Titans,13,31,New England Patriots,NE,-7,42
10/20/2025,2025,7,Detroit Lions,24,9,Tampa Bay Buccaneers,DET,-6,53
10/20/2025,2025,7,San Francisco 49ers,20,10,Atlanta Falcons,SF,-2,47
10/21/2025,2025,7,Seattle Seahawks,27,19,Houston Texans,SEA,-3,41
10/24/2025,2025,8,Los Angeles Chargers,37,10,Minnesota Vikings,LAC,-3.5,44.5
10/26/2025,2025,8,Atlanta Falcons,10,34,Miami Dolphins,ATL,-7,44.5
10/26/2025,2025,8,Baltimore Ravens,30,16,Chicago Bears,BAL,-2.5,45
10/26/2025,2025,8,Carolina Panthers,9,40,Buffalo Bills,BUF,-7,46.5
10/26/2025,2025,8,Cincinnati Bengals,38,39,New York Jets,CIN,-6.5,44.5
10/26/2025,2025,8,Denver Broncos,44,24,Dallas Cowboys,DEN,-3.5,51
10/26/2025,2025,8,Houston Texans,26,15,San Francisco 49ers,HOU,-2,42
10/26/2025,2025,8,Indianapolis Colts,38,14,Tennessee Titans,IND,-14.5,48.5
10/26/2025,2025,8,New England Patriots,32,13,Cleveland Browns,NE,-7,41
10/26/2025,2025,8,New Orleans Saints,3,23,Tampa Bay Buccaneers,TB,-3.5,46.5
10/26/2025,2025,8,Philadelphia Eagles,38,20,New York Giants,PHI,-7,44
10/27/2025,2025,8,Pittsburgh Steelers,25,35,Green Bay Packers,GB,-3,45.5
10/28/2025,2025,8,Kansas City Chiefs,28,7,Washington Commanders,KC,-11,48
10/31/2025,2025,9,Miami Dolphins,6,28,Baltimore Ravens,BAL,-7.5,51
11/2/2025,2025,9,Buffalo Bills,28,21,Kansas City Chiefs,KC,-1.5,52.5
11/2/2025,2025,9,Cincinnati Bengals,42,47,Chicago Bears,CHI,-2.5,51.5
11/2/2025,2025,9,Detroit Lions,24,27,Minnesota Vikings,DET,-9.5,48
11/2/2025,2025,9,Green Bay Packers,13,16,Carolina Panthers,GB,-13,43
11/2/2025,2025,9,Houston Texans,15,18,Denver Broncos,HOU,-2.5,40.5
11/2/2025,2025,9,Las Vegas Raiders,29,30,Jacksonville Jaguars,JAX,-2.5,44
11/2/2025,2025,9,Los Angeles Rams,34,10,New Orleans Saints,LAR,-14,44
11/2/2025,2025,9,New England Patriots,24,23,Atlanta Falcons,NE,-5,45
11/2/2025,2025,9,New York Giants,24,34,San Francisco 49ers,SF,-2.5,48.5
11/2/2025,2025,9,Pittsburgh Steelers,27,20,Indianapolis Colts,IND,-3,51.5
11/2/2025,2025,9,Tennessee Titans,20,27,Los Angeles Chargers,LAC,-9.5,43.5
11/3/2025,2025,9,Washington Commanders,14,38,Seattle Seahawks,SEA,-3,48
11/4/2025,2025,9,Dallas Cowboys,17,27,Arizona Cardinals,DAL,-3,53.5
11/7/2025,2025,10,Denver Broncos,10,7,Las Vegas Raiders,DEN,-7,43
11/9/2025,2025,10,Carolina Panthers,7,17,New Orleans Saints,CAR,-5.5,38
11/9/2025,2025,10,Chicago Bears,24,20,New York Giants,CHI,-4.5,46.5
11/9/2025,2025,10,Houston Texans,36,29,Jacksonville Jaguars,PICK,0,37.5
11/9/2025,2025,10,Indianapolis Colts,31,25,Atlanta Falcons,IND,-6.5,48
11/9/2025,2025,10,Miami Dolphins,30,13,Buffalo Bills,BUF,-9.5,50
11/9/2025,2025,10,Minnesota Vikings,19,27,Baltimore Ravens,BAL,-4,49
11/9/2025,2025,10,New York Jets,27,20,Cleveland Browns,CLE,-1.5,37.5
11/9/2025,2025,10,San Francisco 49ers,26,42,Los Angeles Rams,LAR,-6,49.5
11/9/2025,2025,10,Seattle Seahawks,44,22,Arizona Cardinals,SEA,-7,45.5
11/9/2025,2025,10,Tampa Bay Buccaneers,23,28,New England Patriots,TB,-2.5,48
11/9/2025,2025,10,Washington Commanders,22,44,Detroit Lions,DET,-8,49
11/10/2025,2025,10,Los Angeles Chargers,25,10,Pittsburgh Steelers,LAC,-2.5,44.5
11/11/2025,2025,10,Green Bay Packers,7,10,Philadelphia Eagles,GB,-1,45.5
11/14/2025,2025,11,New England Patriots,27,14,New York Jets,NE,-13,43
11/16/2025,2025,11,Arizona Cardinals,22,41,San Francisco 49ers,SF,-3.5,48.5
11/16/2025,2025,11,Atlanta Falcons,27,30,Carolina Panthers,ATL,-4,42
11/16/2025,2025,11,Buffalo Bills,44,32,Tampa Bay Buccaneers,BUF,-6,46.5
11/16/2025,2025,11,Cleveland Browns,16,23,Baltimore Ravens,BAL,-9,38.5
11/16/2025,2025,11,Denver Broncos,22,19,Kansas City Chiefs,KC,-4,45
11/16/2025,2025,11,Jacksonville Jaguars,35,6,Los Angeles Chargers,LAC,-3,44
11/16/2025,2025,11,Los Angeles Rams,21,19,Seattle Seahawks,LAR,-3,48.5
11/16/2025,2025,11,Miami Dolphins,16,13,Washington Commanders,MIA,-2.5,47
11/16/2025,2025,11,Minnesota Vikings,17,19,Chicago Bears,MIN,-3,48
11/16/2025,2025,11,New York Giants,20,27,Green Bay Packers,GB,-7,42
11/16/2025,2025,11,Pittsburgh Steelers,34,12,Cincinnati Bengals,PIT,-5.5,49
11/16/2025,2025,11,Tennessee Titans,13,16,Houston Texans,HOU,-6,37
11/17/2025,2025,11,Philadelphia Eagles,16,9,Detroit Lions,PHI,-3,46.5
11/18/2025,2025,11,Las Vegas Raiders,16,33,Dallas Cowboys,DAL,-3.5,50
11/21/2025,2025,12,Houston Texans,23,19,Buffalo Bills,BUF,-6,43.5
11/23/2025,2025,12,Arizona Cardinals,24,27,Jacksonville Jaguars,JAX,-2.5,47.5
11/23/2025,2025,12,Baltimore Ravens,23,10,New York Jets,BAL,-14,44
11/23/2025,2025,12,Chicago Bears,31,28,Pittsburgh Steelers,CHI,-2.5,46.5
11/23/2025,2025,12,Cincinnati Bengals,20,26,New England Patriots,NE,-7.5,50
11/23/2025,2025,12,Dallas Cowboys,24,21,Philadelphia Eagles,PHI,-3,47.5
11/23/2025,2025,12,Detroit Lions,34,27,New York Giants,DET,-13,50.5
11/23/2025,2025,12,Green Bay Packers,23,6,Minnesota Vikings,GB,-6.5,41.5
11/23/2025,2025,12,Kansas City Chiefs,23,20,Indianapolis Colts,KC,-3,49.5
11/23/2025,2025,12,Las Vegas Raiders,10,24,Cleveland Browns,LVR,-4,36
11/23/2025,2025,12,New Orleans Saints,10,24,Atlanta Falcons,NO,-2,40
11/23/2025,2025,12,Tennessee Titans,24,30,Seattle Seahawks,SEA,-12,40.5
11/24/2025,2025,12,Los Angeles Rams,34,7,Tampa Bay Buccaneers,LAR,-7,49.5
11/25/2025,2025,12,San Francisco 49ers,20,9,Carolina Panthers,SF,-7.5,50
11/27/2025,2025,13,Dallas Cowboys,31,28,Kansas City Chiefs,KC,-3,52.5
11/27/2025,2025,13,Detroit Lions,24,31,Green Bay Packers,DET,-3,48.5
11/28/2025,2025,13,Baltimore Ravens,14,32,Cincinnati Bengals,BAL,-7.5,51.5
11/28/2025,2025,13,Philadelphia Eagles,15,24,Chicago Bears,PHI,-7,44
11/30/2025,2025,13,Carolina Panthers,31,28,Los Angeles Rams,LAR,-10,45
11/30/2025,2025,13,Cleveland Browns,8,26,San Francisco 49ers,SF,-5,35.5
11/30/2025,2025,13,Indianapolis Colts,16,20,Houston Texans,IND,-3,45
11/30/2025,2025,13,Los Angeles Chargers,31,14,Las Vegas Raiders,LAC,-9.5,40.5
11/30/2025,2025,13,Miami Dolphins,21,17,New Orleans Saints,MIA,-5,41.5
11/30/2025,2025,13,New York Jets,27,24,Atlanta Falcons,ATL,-3,39
11/30/2025,2025,13,Pittsburgh Steelers,7,26,Buffalo Bills,BUF,-3,46
11/30/2025,2025,13,Seattle Seahawks,26,0,Minnesota Vikings,SEA,-12,41.5
11/30/2025,2025,13,Tampa Bay Buccaneers,20,17,Arizona Cardinals,TB,-3.5,44.5
11/30/2025,2025,13,Tennessee Titans,3,25,Jacksonville Jaguars,JAX,-6,41.5
12/1/2025,2025,13,Washington Commanders,26,27,Denver Broncos,DEN,-6,43
12/2/2025,2025,13,New England Patriots,33,15,New York Giants,NE,-7,46.5
12/5/2025,2025,14,Detroit Lions,44,30,Dallas Cowboys,DET,-3,54
12/7/2025,2025,14,Arizona Cardinals,17,45,Los Angeles Rams,LAR,-10,48
12/7/2025,2025,14,Atlanta Falcons,9,37,Seattle Seahawks,SEA,-6.5,44
12/7/2025,2025,14,Baltimore Ravens,22,27,Pittsburgh Steelers,BAL,-5.5,42.5
12/7/2025,2025,14,Buffalo Bills,39,34,Cincinnati Bengals,BUF,-6,53.5
12/7/2025,2025,14,Cleveland Browns,29,31,Tennessee Titans,CLE,-3.5,34
12/7/2025,2025,14,Green Bay Packers,28,21,Chicago Bears,GB,-6.5,43.5
12/7/2025,2025,14,Jacksonville Jaguars,36,19,Indianapolis Colts,IND,-1.5,46
12/7/2025,2025,14,Las Vegas Raiders,17,24,Denver Broncos,DEN,-8,40.5
12/7/2025,2025,14,Minnesota Vikings,31,0,Washington Commanders,WAS,-1.5,44
12/7/2025,2025,14,New York Jets,10,34,Miami Dolphins,MIA,-2.5,41
12/7/2025,2025,14,Tampa Bay Buccaneers,20,24,New Orleans Saints,TB,-9,41.5
12/8/2025,2025,14,Kansas City Chiefs,10,20,Houston Texans,KC,-3.5,41
12/9/2025,2025,14,Los Angeles Chargers,22,19,Philadelphia Eagles,PHI,-2,41.5
12/12/2025,2025,15,Tampa Bay Buccaneers,28,29,Atlanta Falcons,TB,-4.5,44
12/14/2025,2025,15,Chicago Bears,31,3,Cleveland Browns,CHI,-7.5,38
12/14/2025,2025,15,Cincinnati Bengals,0,24,Baltimore Ravens,BAL,-3,51.5
12/14/2025,2025,15,Denver Broncos,34,26,Green Bay Packers,GB,-1,42.5
12/14/2025,2025,15,Houston Texans,40,20,Arizona Cardinals,HOU,-10.5,42
12/14/2025,2025,15,Jacksonville Jaguars,48,20,New York Jets,JAX,-14,41
12/14/2025,2025,15,Kansas City Chiefs,13,16,Los Angeles Chargers,KC,-6,41.5
12/14/2025,2025,15,Los Angeles Rams,41,34,Detroit Lions,LAR,-6,55
12/14/2025,2025,15,New England Patriots,31,35,Buffalo Bills,BUF,-1.5,49
12/14/2025,2025,15,New Orleans Saints,20,17,Carolina Panthers,CAR,-3,40.5
12/14/2025,2025,15,New York Giants,21,29,Washington Commanders,NYG,-2.5,46.5
12/14/2025,2025,15,Philadelphia Eagles,31,0,Las Vegas Raiders,PHI,-12.5,38
12/14/2025,2025,15,San Francisco 49ers,37,24,Tennessee Titans,SF,-12.5,44.5
12/14/2025,2025,15,Seattle Seahawks,18,16,Indianapolis Colts,SEA,-14,42.5
12/15/2025,2025,15,Dallas Cowboys,26,34,Minnesota Vikings,DAL,-5.5,47.5
12/16/2025,2025,15,Pittsburgh Steelers,28,15,Miami Dolphins,PIT,-3,42.5
12/19/2025,2025,16,Seattle Seahawks,38,37,Los Angeles Rams,SEA,-1.5,42
12/20/2025,2025,16,Chicago Bears,22,16,Green Bay Packers,CHI,-1.5,46.5
12/20/2025,2025,16,Washington Commanders,18,29,Philadelphia Eagles,PHI,-7,44
12/21/2025,2025,16,Arizona Cardinals,19,26,Atlanta Falcons,ATL,-2.5,48.5
12/21/2025,2025,16,Baltimore Ravens,24,28,New England Patriots,BAL,-3,49
12/21/2025,2025,16,Carolina Panthers,23,20,Tampa Bay Buccaneers,TB,-3,45
12/21/2025,2025,16,Cleveland Browns,20,23,Buffalo Bills,BUF,-10.5,41.5
12/21/2025,2025,16,Dallas Cowboys,17,34,Los Angeles Chargers,DAL,-2,50
12/21/2025,2025,16,Denver Broncos,20,34,Jacksonville Jaguars,DEN,-3.5,47
12/21/2025,2025,16,Detroit Lions,24,29,Pittsburgh Steelers,DET,-7,52
12/21/2025,2025,16,Houston Texans,23,21,Las Vegas Raiders,HOU,-14,38.5
12/21/2025,2025,16,New Orleans Saints,29,6,New York Jets,NO,-6.5,40.5
12/21/2025,2025,16,New York Giants,13,16,Minnesota Vikings,MIN,-2.5,43
12/21/2025,2025,16,Tennessee Titans,26,9,Kansas City Chiefs,KC,-2.5,37.5
12/22/2025,2025,16,Miami Dolphins,21,45,Cincinnati Bengals,CIN,-4,48.5
12/23/2025,2025,16,Indianapolis Colts,27,48,San Francisco 49ers,SF,-5.5,46
12/25/2025,2025,17,Minnesota Vikings,23,10,Detroit Lions,DET,-7.5,43
12/25/2025,2025,17,Washington Commanders,23,30,Dallas Cowboys,DAL,-10,50.5
12/26/2025,2025,17,Kansas City Chiefs,13,20,Denver Broncos,DEN,-13.5,36.5
12/27/2025,2025,17,Green Bay Packers,24,41,Baltimore Ravens,GB,-3,38.5
12/27/2025,2025,17,Los Angeles Chargers,16,20,Houston Texans,LAC,-1,39.5
12/28/2025,2025,17,Buffalo Bills,12,13,Philadelphia Eagles,BUF,-1.5,44
12/28/2025,2025,17,Carolina Panthers,10,27,Seattle Seahawks,SEA,-7,42.5
12/28/2025,2025,17,Cincinnati Bengals,37,14,Arizona Cardinals,CIN,-7.5,53
12/28/2025,2025,17,Cleveland Browns,13,6,Pittsburgh Steelers,PIT,-3,34.5
12/28/2025,2025,17,Indianapolis Colts,17,23,Jacksonville Jaguars,JAX,-5.5,48.5
12/28/2025,2025,17,Las Vegas Raiders,10,34,New York Giants,NYG,-2.5,41.5
12/28/2025,2025,17,Miami Dolphins,20,17,Tampa Bay Buccaneers,TB,-5.5,44.5
12/28/2025,2025,17,New York Jets,10,42,New England Patriots,NE,-13.5,43
12/28/2025,2025,17,San Francisco 49ers,42,38,Chicago Bears,SF,-3.5,52.5
12/28/2025,2025,17,Tennessee Titans,26,34,New Orleans Saints,NO,-1.5,39.5
12/30/2025,2025,17,Atlanta Falcons,27,24,Los Angeles Rams,LAR,-7.5,50
1/3/2026,2025,18,San Francisco 49ers,3,13,Seattle Seahawks,SEA,-2.5,47.5
1/3/2026,2025,18,Tampa Bay Buccaneers,16,14,Carolina Panthers,TB,-3,43.5
1/4/2026,2025,18,Atlanta Falcons,19,17,New Orleans Saints,ATL,-3.5,43
1/4/2026,2025,18,Buffalo Bills,35,8,New York Jets,BUF,-8,37
1/4/2026,2025,18,Chicago Bears,16,19,Detroit Lions,CHI,-3.5,50.5
1/4/2026,2025,18,Cincinnati Bengals,18,20,Cleveland Browns,CIN,-8,45.5
1/4/2026,2025,18,Denver Broncos,19,3,Los Angeles Chargers,DEN,-14.5,37.5
1/4/2026,2025,18,Houston Texans,38,30,Indianapolis Colts,HOU,-11,39
1/4/2026,2025,18,Jacksonville Jaguars,41,7,Tennessee Titans,JAX,-13.5,47.5
1/4/2026,2025,18,Las Vegas Raiders,14,12,Kansas City Chiefs,KC,-4.5,36
1/4/2026,2025,18,Los Angeles Rams,37,20,Arizona Cardinals,LAR,-13.5,47.5
1/4/2026,2025,18,Minnesota Vikings,16,3,Green Bay Packers,MIN,-10.5,36.5
1/4/2026,2025,18,New England Patriots,38,10,Miami Dolphins,NE,-11.5,45.5
1/4/2026,2025,18,New York Giants,34,17,Dallas Cowboys,DAL,-3.5,49
1/4/2026,2025,18,Philadelphia Eagles,17,24,Washington Commanders,PHI,-4.5,39
1/4/2026,2025,18,Pittsburgh Steelers,26,24,Baltimore Ravens,BAL,-3.5,40.5
1/10/2026,2025,Wildcard,Carolina Panthers,31,34,Los Angeles Rams,LAR,-10.5,46
1/10/2026,2025,Wildcard,Chicago Bears,31,27,Green Bay Packers,GB,-1,44.5
1/11/2026,2025,Wildcard,Jacksonville Jaguars,24,27,Buffalo Bills,JAX,-1.5,51.5
1/11/2026,2025,Wildcard,New England Patriots,16,3,Los Angeles Chargers,NE,-3.5,46
1/11/2026,2025,Wildcard,Philadelphia Eagles,19,23,San Francisco 49ers,PHI,-6,44.5
1/12/2026,2025,Wildcard,Pittsburgh Steelers,6,30,Houston Texans,HOU,-3,38.5
1/17/2026,2025,Division,Denver Broncos,33,30,Buffalo Bills,DEN,-1.5,46
1/17/2026,2025,Division,Seattle Seahawks,41,6,San Francisco 49ers,SEA,-7.5,45
1/18/2026,2025,Division,Chicago Bears,17,20,Los Angeles Rams,LAR,-3.5,48.5
1/18/2026,2025,Division,New England Patriots,28,16,Houston Texans,NE,-3.5,41
1/25/2026,2025,Conference,Denver Broncos,7,10,New England Patriots,NE,-4,43
1/25/2026,2025,Conference,Seattle Seahawks,31,27,Los Angeles Rams,SEA,-2.5,46
2/8/2026,2025,Superbowl,New England Patriots,13,29,Seattle Seahawks,SEA,-5,45.5
