game_id,season,week,date,home_team_id,away_team_id,stadium_id,home_score,away_score,total_points
1,2006,1.0,2006-09-08 00:30:00+00:00,28,20,1,28,17,45
2,2006,1.0,2006-09-10 17:00:00+00:00,8,23,2,14,19,33
3,2006,1.0,2006-09-10 17:00:00+00:00,11,31,3,6,9,15
4,2006,1.0,2006-09-10 17:00:00+00:00,34,25,4,16,23,39
5,2006,1.0,2006-09-10 17:00:00+00:00,16,7,5,10,23,33
6,2006,1.0,2006-09-10 17:00:00+00:00,32,10,6,18,10,28
7,2006,1.0,2006-09-10 17:00:00+00:00,22,4,7,19,17,36
8,2006,1.0,2006-09-10 17:00:00+00:00,33,3,8,0,27,27
9,2006,1.0,2006-09-10 17:00:00+00:00,5,2,9,6,20,26
10,2006,1.0,2006-09-10 17:00:00+00:00,13,27,10,10,24,34
11,2006,1.0,2006-09-10 20:15:00+00:00,12,6,11,0,26,26
12,2006,1.0,2006-09-10 20:15:00+00:00,1,30,12,34,27,61
13,2006,1.0,2006-09-10 20:15:00+00:00,15,9,13,24,17,41
14,2006,1.0,2006-09-11 00:15:00+00:00,24,14,14,21,26,47
15,2006,1.0,2006-09-11 23:00:00+00:00,37,21,15,16,19,35
16,2006,1.0,2006-09-12 02:15:00+00:00,26,29,16,0,27,27
17,2006,2.0,2006-09-17 17:00:00+00:00,2,33,17,14,3,17
18,2006,2.0,2006-09-17 17:00:00+00:00,6,11,18,34,7,41
19,2006,2.0,2006-09-17 17:00:00+00:00,7,8,19,34,17,51
20,2006,2.0,2006-09-17 17:00:00+00:00,12,23,11,27,34,61
21,2006,2.0,2006-09-17 17:00:00+00:00,14,13,20,43,24,67
22,2006,2.0,2006-09-17 17:00:00+00:00,20,4,21,6,16,22
23,2006,2.0,2006-09-17 17:00:00+00:00,21,5,22,16,13,29
24,2006,2.0,2006-09-17 17:00:00+00:00,27,24,23,24,30,54
25,2006,2.0,2006-09-17 17:00:00+00:00,3,26,24,28,6,34
26,2006,2.0,2006-09-17 20:05:00+00:00,30,32,25,20,13,33
27,2006,2.0,2006-09-17 20:05:00+00:00,31,1,26,21,10,31
28,2006,2.0,2006-09-17 20:15:00+00:00,10,16,27,9,6,15
29,2006,2.0,2006-09-17 20:15:00+00:00,25,22,14,17,24,41
30,2006,2.0,2006-09-17 20:15:00+00:00,29,34,28,40,7,47
31,2006,2.0,2006-09-18 00:15:00+00:00,9,37,29,27,10,37
32,2006,2.0,2006-09-19 00:30:00+00:00,15,28,13,9,0,9
33,2006,3.0,2006-09-24 17:00:00+00:00,4,25,30,20,28,48
34,2006,3.0,2006-09-24 17:00:00+00:00,11,12,3,24,31,55
35,2006,3.0,2006-09-24 17:00:00+00:00,14,15,20,21,14,35
36,2006,3.0,2006-09-24 17:00:00+00:00,20,34,21,13,10,23
37,2006,3.0,2006-09-24 17:00:00+00:00,21,6,22,16,19,35
38,2006,3.0,2006-09-24 17:00:00+00:00,28,7,1,20,28,48
39,2006,3.0,2006-09-24 17:00:00+00:00,33,5,8,24,26,50
40,2006,3.0,2006-09-24 17:00:00+00:00,13,37,10,15,31,46
41,2006,3.0,2006-09-24 20:05:00+00:00,8,3,2,14,15,29
42,2006,3.0,2006-09-24 20:15:00+00:00,1,32,12,14,16,30
43,2006,3.0,2006-09-24 20:15:00+00:00,30,27,25,24,38,62
44,2006,3.0,2006-09-24 20:15:00+00:00,31,24,26,42,30,72
45,2006,3.0,2006-09-25 00:15:00+00:00,22,10,7,7,17,24
46,2006,3.0,2006-09-26 00:30:00+00:00,23,2,31,23,3,26
47,2006,4.0,2006-10-01 17:00:00+00:00,2,1,17,32,10,42
48,2006,4.0,2006-10-01 17:00:00+00:00,4,21,30,17,12,29
49,2006,4.0,2006-10-01 17:00:00+00:00,34,9,4,14,45,59
50,2006,4.0,2006-10-01 17:00:00+00:00,16,30,5,41,0,41
51,2006,4.0,2006-10-01 17:00:00+00:00,25,14,14,28,31,59
52,2006,4.0,2006-10-01 17:00:00+00:00,5,23,9,21,18,39
53,2006,4.0,2006-10-01 17:00:00+00:00,3,29,24,16,13,29
54,2006,4.0,2006-10-01 17:00:00+00:00,13,20,10,17,15,32
55,2006,4.0,2006-10-01 20:05:00+00:00,32,11,6,41,34,75
56,2006,4.0,2006-10-01 20:15:00+00:00,7,22,19,13,38,51
57,2006,4.0,2006-10-01 20:15:00+00:00,26,8,16,21,24,45
58,2006,4.0,2006-10-01 20:15:00+00:00,37,15,15,36,30,66
59,2006,4.0,2006-10-02 00:15:00+00:00,6,31,18,37,6,43
60,2006,4.0,2006-10-03 00:30:00+00:00,27,12,23,31,9,40
61,2006,5.0,2006-10-08 17:00:00+00:00,6,4,18,40,7,47
62,2006,5.0,2006-10-08 17:00:00+00:00,12,32,11,20,23,43
63,2006,5.0,2006-10-08 17:00:00+00:00,14,34,20,14,13,27
64,2006,5.0,2006-10-08 17:00:00+00:00,21,11,22,26,17,43
65,2006,5.0,2006-10-08 17:00:00+00:00,22,20,7,20,10,30
66,2006,5.0,2006-10-08 17:00:00+00:00,23,33,31,24,21,45
67,2006,5.0,2006-10-08 17:00:00+00:00,24,37,14,19,3,22
68,2006,5.0,2006-10-08 17:00:00+00:00,5,8,9,20,12,32
69,2006,5.0,2006-10-08 20:05:00+00:00,1,16,12,20,23,43
70,2006,5.0,2006-10-08 20:05:00+00:00,30,26,25,34,20,54
71,2006,5.0,2006-10-08 20:05:00+00:00,15,25,13,41,0,41
72,2006,5.0,2006-10-08 20:15:00+00:00,27,9,23,38,24,62
73,2006,5.0,2006-10-09 00:15:00+00:00,29,28,28,23,13,36
74,2006,5.0,2006-10-10 00:30:00+00:00,10,3,32,13,3,16
75,2006,6.0,2006-10-15 17:00:00+00:00,2,24,17,14,27,41
76,2006,6.0,2006-10-15 17:00:00+00:00,9,13,29,34,6,40
77,2006,6.0,2006-10-15 17:00:00+00:00,11,4,3,20,17,37
78,2006,6.0,2006-10-15 17:00:00+00:00,32,31,6,28,30,58
79,2006,6.0,2006-10-15 17:00:00+00:00,23,27,31,27,24,51
80,2006,6.0,2006-10-15 17:00:00+00:00,33,7,8,14,13,27
81,2006,6.0,2006-10-15 17:00:00+00:00,37,34,15,22,25,47
82,2006,6.0,2006-10-15 17:00:00+00:00,3,5,24,21,23,44
83,2006,6.0,2006-10-15 20:15:00+00:00,25,20,14,20,17,37
84,2006,6.0,2006-10-15 20:15:00+00:00,28,16,1,45,7,52
85,2006,6.0,2006-10-15 20:15:00+00:00,30,29,25,19,48,67
86,2006,6.0,2006-10-16 00:15:00+00:00,10,26,27,13,3,16
87,2006,6.0,2006-10-17 00:30:00+00:00,1,6,12,23,24,47
88,2006,7.0,2006-10-22 17:00:00+00:00,2,28,17,41,38,79
89,2006,7.0,2006-10-22 17:00:00+00:00,4,22,30,6,28,34
90,2006,7.0,2006-10-22 17:00:00+00:00,7,5,19,17,14,31
91,2006,7.0,2006-10-22 17:00:00+00:00,16,29,5,30,27,57
92,2006,7.0,2006-10-22 17:00:00+00:00,20,12,21,24,34,58
93,2006,7.0,2006-10-22 17:00:00+00:00,25,11,14,31,24,55
94,2006,7.0,2006-10-22 17:00:00+00:00,33,27,8,23,21,44
95,2006,7.0,2006-10-22 17:00:00+00:00,13,15,10,27,7,34
96,2006,7.0,2006-10-22 20:05:00+00:00,8,10,2,7,17,24
97,2006,7.0,2006-10-22 20:15:00+00:00,14,37,20,36,22,58
98,2006,7.0,2006-10-22 20:15:00+00:00,26,1,16,22,9,31
99,2006,7.0,2006-10-22 20:15:00+00:00,31,21,26,13,31,44
100,2006,7.0,2006-10-24 00:30:00+00:00,9,24,29,22,36,58
101,2006,8.0,2006-10-29 18:00:00+00:00,6,30,18,41,10,51
102,2006,8.0,2006-10-29 18:00:00+00:00,7,2,19,27,29,56
103,2006,8.0,2006-10-29 18:00:00+00:00,12,1,11,31,14,45
104,2006,8.0,2006-10-29 18:00:00+00:00,34,13,4,28,22,50
105,2006,8.0,2006-10-29 18:00:00+00:00,16,31,5,35,28,63
106,2006,8.0,2006-10-29 18:00:00+00:00,23,3,31,22,35,57
107,2006,8.0,2006-10-29 18:00:00+00:00,24,33,14,17,3,20
108,2006,8.0,2006-10-29 18:00:00+00:00,27,15,23,6,13,19
109,2006,8.0,2006-10-29 21:05:00+00:00,29,32,28,38,24,62
110,2006,8.0,2006-10-29 21:15:00+00:00,8,25,2,20,13,33
111,2006,8.0,2006-10-29 21:15:00+00:00,10,14,27,31,34,65
112,2006,8.0,2006-10-29 21:15:00+00:00,26,28,16,20,13,33
113,2006,8.0,2006-10-30 01:15:00+00:00,5,9,9,14,35,49
114,2006,8.0,2006-10-31 01:30:00+00:00,21,22,22,7,31,38
115,2006,9.0,2006-11-05 18:00:00+00:00,4,12,30,24,10,34
116,2006,9.0,2006-11-05 18:00:00+00:00,6,20,18,13,31,44
117,2006,9.0,2006-11-05 18:00:00+00:00,11,2,3,30,14,44
118,2006,9.0,2006-11-05 18:00:00+00:00,32,16,6,17,31,48
119,2006,9.0,2006-11-05 18:00:00+00:00,24,13,14,14,10,24
120,2006,9.0,2006-11-05 18:00:00+00:00,33,23,8,14,31,45
121,2006,9.0,2006-11-05 18:00:00+00:00,37,9,15,22,19,41
122,2006,9.0,2006-11-05 18:00:00+00:00,15,34,13,37,7,44
123,2006,9.0,2006-11-05 18:00:00+00:00,3,7,24,26,20,46
124,2006,9.0,2006-11-05 21:05:00+00:00,30,21,25,9,3,12
125,2006,9.0,2006-11-05 21:15:00+00:00,28,10,1,20,31,51
126,2006,9.0,2006-11-05 21:15:00+00:00,29,8,28,32,25,57
127,2006,9.0,2006-11-06 01:15:00+00:00,22,14,7,20,27,47
128,2006,9.0,2006-11-07 01:30:00+00:00,31,26,26,16,0,16
129,2006,10.0,2006-11-12 18:00:00+00:00,2,8,17,13,17,30
130,2006,10.0,2006-11-12 18:00:00+00:00,7,29,19,41,49,90
131,2006,10.0,2006-11-12 18:00:00+00:00,11,30,3,13,19,32
132,2006,10.0,2006-11-12 18:00:00+00:00,34,3,4,26,27,53
133,2006,10.0,2006-11-12 18:00:00+00:00,14,4,20,17,16,33
134,2006,10.0,2006-11-12 18:00:00+00:00,20,16,21,13,10,23
135,2006,10.0,2006-11-12 18:00:00+00:00,21,12,22,17,23,40
136,2006,10.0,2006-11-12 18:00:00+00:00,22,25,7,14,17,31
137,2006,10.0,2006-11-12 18:00:00+00:00,27,37,23,27,3,30
138,2006,10.0,2006-11-12 18:00:00+00:00,15,13,13,10,13,23
139,2006,10.0,2006-11-12 21:05:00+00:00,26,10,16,13,17,30
140,2006,10.0,2006-11-12 21:15:00+00:00,1,9,12,10,27,37
141,2006,10.0,2006-11-12 21:15:00+00:00,28,23,1,38,31,69
142,2006,10.0,2006-11-12 21:15:00+00:00,31,32,26,24,22,46
143,2006,10.0,2006-11-13 01:15:00+00:00,24,6,14,20,38,58
144,2006,10.0,2006-11-14 01:30:00+00:00,5,33,9,24,10,34
145,2006,11.0,2006-11-19 18:00:00+00:00,8,28,2,20,24,44
146,2006,11.0,2006-11-19 18:00:00+00:00,12,22,11,0,35,35
147,2006,11.0,2006-11-19 18:00:00+00:00,16,26,5,17,13,30
148,2006,11.0,2006-11-19 18:00:00+00:00,20,21,21,24,20,44
149,2006,11.0,2006-11-19 18:00:00+00:00,23,7,31,16,31,47
150,2006,11.0,2006-11-19 18:00:00+00:00,25,6,14,0,10,10
151,2006,11.0,2006-11-19 18:00:00+00:00,27,34,23,13,31,44
152,2006,11.0,2006-11-19 18:00:00+00:00,33,37,8,20,17,37
153,2006,11.0,2006-11-19 18:00:00+00:00,5,32,9,15,0,15
154,2006,11.0,2006-11-19 18:00:00+00:00,3,2,24,24,10,34
155,2006,11.0,2006-11-19 18:00:00+00:00,13,4,10,21,24,45
156,2006,11.0,2006-11-19 21:05:00+00:00,1,11,12,17,10,27
157,2006,11.0,2006-11-19 21:05:00+00:00,30,31,25,20,14,34
158,2006,11.0,2006-11-19 21:15:00+00:00,9,14,29,21,14,35
159,2006,11.0,2006-11-20 01:15:00+00:00,10,29,27,27,35,62
160,2006,11.0,2006-11-21 01:30:00+00:00,15,24,13,26,10,36
161,2006,12.0,2006-11-23 17:30:00+00:00,11,20,3,10,27,37
162,2006,12.0,2006-11-23 21:15:00+00:00,9,33,29,38,10,48
163,2006,12.0,2006-11-24 01:00:00+00:00,16,10,5,19,10,29
164,2006,12.0,2006-11-26 18:00:00+00:00,2,23,17,13,31,44
165,2006,12.0,2006-11-26 18:00:00+00:00,4,15,30,27,24,51
166,2006,12.0,2006-11-26 18:00:00+00:00,8,7,2,0,30,30
167,2006,12.0,2006-11-26 18:00:00+00:00,32,30,6,20,17,37
168,2006,12.0,2006-11-26 18:00:00+00:00,21,1,22,31,26,57
169,2006,12.0,2006-11-26 18:00:00+00:00,25,13,14,26,11,37
170,2006,12.0,2006-11-26 18:00:00+00:00,37,5,15,17,13,30
171,2006,12.0,2006-11-26 18:00:00+00:00,3,28,24,27,0,27
172,2006,12.0,2006-11-26 21:05:00+00:00,29,26,28,21,14,35
173,2006,12.0,2006-11-26 21:15:00+00:00,34,24,4,24,21,45
174,2006,12.0,2006-11-26 21:15:00+00:00,22,6,7,17,13,30
175,2006,12.0,2006-11-27 01:15:00+00:00,14,27,20,45,21,66
176,2006,12.0,2006-11-28 01:30:00+00:00,31,12,26,34,24,58
177,2006,13.0,2006-12-01 01:00:00+00:00,7,3,19,13,7,20
178,2006,13.0,2006-12-03 18:00:00+00:00,4,29,30,21,24,45
179,2006,13.0,2006-12-03 18:00:00+00:00,6,21,18,23,13,36
180,2006,13.0,2006-12-03 18:00:00+00:00,8,16,2,31,28,59
181,2006,13.0,2006-12-03 18:00:00+00:00,12,25,11,10,38,48
182,2006,13.0,2006-12-03 18:00:00+00:00,34,14,4,20,17,37
183,2006,13.0,2006-12-03 18:00:00+00:00,32,1,6,20,34,54
184,2006,13.0,2006-12-03 18:00:00+00:00,22,11,7,28,21,49
185,2006,13.0,2006-12-03 18:00:00+00:00,23,30,31,34,10,44
186,2006,13.0,2006-12-03 18:00:00+00:00,37,2,15,14,24,38
187,2006,13.0,2006-12-03 21:00:00+00:00,24,9,14,20,23,43
188,2006,13.0,2006-12-03 21:05:00+00:00,26,13,16,14,23,37
189,2006,13.0,2006-12-03 21:05:00+00:00,20,15,21,10,24,34
190,2006,13.0,2006-12-03 21:15:00+00:00,28,33,1,20,3,23
191,2006,13.0,2006-12-04 01:15:00+00:00,10,31,27,20,23,43
192,2006,13.0,2006-12-05 01:30:00+00:00,27,5,23,27,24,51
193,2006,14.0,2006-12-08 01:00:00+00:00,28,8,1,27,7,34
194,2006,14.0,2006-12-10 18:00:00+00:00,7,26,19,27,10,37
195,2006,14.0,2006-12-10 18:00:00+00:00,11,21,3,20,30,50
196,2006,14.0,2006-12-10 18:00:00+00:00,16,3,5,10,20,30
197,2006,14.0,2006-12-10 18:00:00+00:00,20,22,21,21,0,21
198,2006,14.0,2006-12-10 18:00:00+00:00,33,2,8,6,17,23
199,2006,14.0,2006-12-10 18:00:00+00:00,37,27,15,19,21,40
200,2006,14.0,2006-12-10 18:00:00+00:00,5,24,9,13,27,40
201,2006,14.0,2006-12-10 18:00:00+00:00,15,14,13,44,17,61
202,2006,14.0,2006-12-10 18:00:00+00:00,13,34,10,20,26,46
203,2006,14.0,2006-12-10 21:05:00+00:00,1,31,12,27,21,48
204,2006,14.0,2006-12-10 21:05:00+00:00,30,12,25,19,30,49
205,2006,14.0,2006-12-10 21:15:00+00:00,25,4,14,13,31,44
206,2006,14.0,2006-12-10 21:15:00+00:00,29,10,28,48,20,68
207,2006,14.0,2006-12-11 01:15:00+00:00,9,23,29,17,42,59
208,2006,14.0,2006-12-12 01:30:00+00:00,32,6,6,27,42,69
209,2006,15.0,2006-12-15 01:00:00+00:00,31,30,26,14,24,38
210,2006,15.0,2006-12-17 01:00:00+00:00,2,9,17,28,38,66
211,2006,15.0,2006-12-17 18:00:00+00:00,4,20,30,21,0,21
212,2006,15.0,2006-12-17 18:00:00+00:00,6,33,18,34,31,65
213,2006,15.0,2006-12-17 18:00:00+00:00,12,11,11,17,9,26
214,2006,15.0,2006-12-17 18:00:00+00:00,34,15,4,24,17,41
215,2006,15.0,2006-12-17 18:00:00+00:00,21,25,22,13,26,39
216,2006,15.0,2006-12-17 18:00:00+00:00,22,13,7,40,7,47
217,2006,15.0,2006-12-17 18:00:00+00:00,23,37,31,10,16,26
218,2006,15.0,2006-12-17 18:00:00+00:00,5,28,9,3,37,40
219,2006,15.0,2006-12-17 18:00:00+00:00,3,8,24,27,17,44
220,2006,15.0,2006-12-17 21:05:00+00:00,1,10,12,20,37,57
221,2006,15.0,2006-12-17 21:15:00+00:00,26,32,16,0,20,20
222,2006,15.0,2006-12-17 21:15:00+00:00,24,27,14,22,36,58
223,2006,15.0,2006-12-18 01:05:00+00:00,29,16,28,20,9,29
224,2006,15.0,2006-12-19 01:30:00+00:00,14,7,20,34,16,50
225,2006,16.0,2006-12-22 01:00:00+00:00,12,21,11,9,7,16
226,2006,16.0,2006-12-24 01:00:00+00:00,26,16,16,9,20,29
227,2006,16.0,2006-12-24 18:00:00+00:00,2,5,17,3,10,13
228,2006,16.0,2006-12-24 18:00:00+00:00,4,34,30,29,30,59
229,2006,16.0,2006-12-24 18:00:00+00:00,8,33,2,7,22,29
230,2006,16.0,2006-12-24 18:00:00+00:00,11,6,3,21,26,47
231,2006,16.0,2006-12-24 18:00:00+00:00,32,37,6,37,31,68
232,2006,16.0,2006-12-24 18:00:00+00:00,24,23,14,7,30,37
233,2006,16.0,2006-12-24 18:00:00+00:00,28,3,1,7,31,38
234,2006,16.0,2006-12-24 18:00:00+00:00,15,22,13,21,24,45
235,2006,16.0,2006-12-24 18:00:00+00:00,13,14,10,27,24,51
236,2006,16.0,2006-12-24 21:05:00+00:00,30,1,25,20,26,46
237,2006,16.0,2006-12-24 21:15:00+00:00,10,7,27,24,23,47
238,2006,16.0,2006-12-24 21:15:00+00:00,31,29,26,17,20,37
239,2006,16.0,2006-12-25 22:00:00+00:00,9,27,29,7,23,30
240,2006,16.0,2006-12-26 01:30:00+00:00,20,25,33,10,13,23
241,2006,17.0,2006-12-31 01:00:00+00:00,37,24,15,28,34,62
242,2006,17.0,2006-12-31 18:00:00+00:00,7,28,19,17,23,40
243,2006,17.0,2006-12-31 18:00:00+00:00,9,11,29,31,39,70
244,2006,17.0,2006-12-31 18:00:00+00:00,34,22,4,23,40,63
245,2006,17.0,2006-12-31 18:00:00+00:00,16,15,5,35,30,65
246,2006,17.0,2006-12-31 18:00:00+00:00,21,32,22,21,41,62
247,2006,17.0,2006-12-31 18:00:00+00:00,23,5,31,21,31,52
248,2006,17.0,2006-12-31 18:00:00+00:00,25,26,14,23,3,26
249,2006,17.0,2006-12-31 18:00:00+00:00,33,31,8,7,23,30
250,2006,17.0,2006-12-31 18:00:00+00:00,13,8,10,14,6,20
251,2006,17.0,2006-12-31 21:15:00+00:00,10,30,27,23,26,49
252,2006,17.0,2006-12-31 21:15:00+00:00,14,20,20,27,22,49
253,2006,17.0,2006-12-31 21:15:00+00:00,27,2,23,24,17,41
254,2006,17.0,2006-12-31 21:15:00+00:00,29,1,28,27,20,47
255,2006,17.0,2006-12-31 21:15:00+00:00,3,4,24,19,7,26
256,2006,17.0,2007-01-01 01:15:00+00:00,6,12,18,7,26,33
257,2006,1.0,2007-01-06 21:30:00+00:00,14,16,20,23,8,31
258,2006,1.0,2007-01-07 01:00:00+00:00,31,9,26,21,20,41
259,2006,1.0,2007-01-07 18:00:00+00:00,22,25,7,37,16,53
260,2006,1.0,2007-01-07 21:30:00+00:00,27,24,23,23,20,43
261,2006,2.0,2007-01-13 21:30:00+00:00,3,14,24,6,15,21
262,2006,2.0,2007-01-14 01:00:00+00:00,23,27,31,27,24,51
263,2006,2.0,2007-01-14 18:00:00+00:00,6,31,18,27,24,51
264,2006,2.0,2007-01-14 21:30:00+00:00,29,22,28,21,24,45
265,2006,3.0,2007-01-21 20:00:00+00:00,6,23,18,39,14,53
266,2006,3.0,2007-01-21 23:30:00+00:00,14,22,20,38,34,72
267,2006,4.0,2007-02-04 23:00:00+00:00,6,14,33,17,29,46
268,2007,1.0,2007-09-07 00:30:00+00:00,14,23,20,41,10,51
269,2007,1.0,2007-09-09 17:00:00+00:00,4,10,30,14,15,29
270,2007,1.0,2007-09-09 17:00:00+00:00,8,28,2,7,34,41
271,2007,1.0,2007-09-09 17:00:00+00:00,12,27,11,16,13,29
272,2007,1.0,2007-09-09 17:00:00+00:00,32,5,6,13,27,40
273,2007,1.0,2007-09-09 17:00:00+00:00,21,2,22,24,3,27
274,2007,1.0,2007-09-09 17:00:00+00:00,25,22,14,14,38,52
275,2007,1.0,2007-09-09 17:00:00+00:00,37,20,15,16,13,29
276,2007,1.0,2007-09-09 17:00:00+00:00,15,34,13,10,13,23
277,2007,1.0,2007-09-09 17:00:00+00:00,13,16,10,20,3,23
278,2007,1.0,2007-09-09 20:15:00+00:00,26,11,16,21,36,57
279,2007,1.0,2007-09-09 20:15:00+00:00,29,6,28,14,3,17
280,2007,1.0,2007-09-09 20:15:00+00:00,31,33,26,20,6,26
281,2007,1.0,2007-09-10 00:15:00+00:00,9,24,29,45,35,80
282,2007,1.0,2007-09-10 23:00:00+00:00,7,3,19,27,20,47
283,2007,1.0,2007-09-11 02:15:00+00:00,30,1,34,20,17,37
284,2007,2.0,2007-09-16 17:00:00+00:00,8,7,2,51,45,96
285,2007,2.0,2007-09-16 17:00:00+00:00,34,14,4,20,22,42
286,2007,2.0,2007-09-16 17:00:00+00:00,32,30,6,16,17,33
287,2007,2.0,2007-09-16 17:00:00+00:00,24,12,14,13,35,48
288,2007,2.0,2007-09-16 17:00:00+00:00,28,4,1,26,3,29
289,2007,2.0,2007-09-16 17:00:00+00:00,33,23,8,31,14,45
290,2007,2.0,2007-09-16 17:00:00+00:00,5,13,9,21,34,55
291,2007,2.0,2007-09-16 17:00:00+00:00,15,2,13,13,7,20
292,2007,2.0,2007-09-16 20:05:00+00:00,11,21,3,20,17,37
293,2007,2.0,2007-09-16 20:05:00+00:00,20,9,21,20,37,57
294,2007,2.0,2007-09-16 20:05:00+00:00,1,31,12,23,20,43
295,2007,2.0,2007-09-16 20:15:00+00:00,6,16,18,20,10,30
296,2007,2.0,2007-09-16 20:15:00+00:00,10,26,27,23,20,43
297,2007,2.0,2007-09-16 20:15:00+00:00,3,25,24,20,13,33
298,2007,2.0,2007-09-17 00:15:00+00:00,22,29,7,38,14,52
299,2007,2.0,2007-09-18 00:30:00+00:00,27,37,23,12,20,32
300,2007,3.0,2007-09-23 17:00:00+00:00,12,29,11,31,24,55
301,2007,3.0,2007-09-23 17:00:00+00:00,16,21,5,13,10,23
302,2007,3.0,2007-09-23 17:00:00+00:00,22,4,7,38,7,45
303,2007,3.0,2007-09-23 17:00:00+00:00,25,20,14,31,28,59
304,2007,3.0,2007-09-23 17:00:00+00:00,27,11,23,56,21,77
305,2007,3.0,2007-09-23 17:00:00+00:00,28,30,1,37,16,53
306,2007,3.0,2007-09-23 17:00:00+00:00,33,32,8,24,3,27
307,2007,3.0,2007-09-23 17:00:00+00:00,3,1,24,26,23,49
308,2007,3.0,2007-09-23 17:00:00+00:00,13,14,10,24,30,54
309,2007,3.0,2007-09-23 20:05:00+00:00,10,15,27,14,23,37
310,2007,3.0,2007-09-23 20:05:00+00:00,26,8,16,26,24,50
311,2007,3.0,2007-09-23 20:05:00+00:00,31,7,26,24,21,45
312,2007,3.0,2007-09-23 20:15:00+00:00,2,5,17,20,27,47
313,2007,3.0,2007-09-23 20:15:00+00:00,37,24,15,17,24,41
314,2007,3.0,2007-09-24 00:15:00+00:00,6,9,18,10,34,44
315,2007,3.0,2007-09-25 00:30:00+00:00,23,34,31,14,31,45
316,2007,4.0,2007-09-30 17:00:00+00:00,2,13,17,26,16,42
317,2007,4.0,2007-09-30 17:00:00+00:00,4,25,30,17,14,31
318,2007,4.0,2007-09-30 17:00:00+00:00,8,3,2,27,13,40
319,2007,4.0,2007-09-30 17:00:00+00:00,9,32,29,35,7,42
320,2007,4.0,2007-09-30 17:00:00+00:00,11,6,3,37,27,64
321,2007,4.0,2007-09-30 17:00:00+00:00,20,26,21,17,35,52
322,2007,4.0,2007-09-30 17:00:00+00:00,21,12,22,16,23,39
323,2007,4.0,2007-09-30 20:05:00+00:00,30,31,25,3,23,26
324,2007,4.0,2007-09-30 20:05:00+00:00,5,33,9,7,20,27
325,2007,4.0,2007-09-30 20:15:00+00:00,14,10,20,38,20,58
326,2007,4.0,2007-09-30 20:15:00+00:00,1,28,12,21,14,35
327,2007,4.0,2007-09-30 20:15:00+00:00,29,16,28,16,30,46
328,2007,4.0,2007-10-01 00:15:00+00:00,24,27,14,16,3,19
329,2007,4.0,2007-10-02 00:30:00+00:00,7,22,19,13,34,47
330,2007,5.0,2007-10-07 17:00:00+00:00,34,2,4,20,13,33
331,2007,5.0,2007-10-07 17:00:00+00:00,16,15,5,7,17,24
332,2007,5.0,2007-10-07 17:00:00+00:00,32,1,6,31,34,65
333,2007,5.0,2007-10-07 17:00:00+00:00,22,8,7,34,17,51
334,2007,5.0,2007-10-07 17:00:00+00:00,23,5,31,13,16,29
335,2007,5.0,2007-10-07 17:00:00+00:00,24,25,14,35,24,59
336,2007,5.0,2007-10-07 17:00:00+00:00,28,31,1,21,0,21
337,2007,5.0,2007-10-07 17:00:00+00:00,37,11,15,34,3,37
338,2007,5.0,2007-10-07 17:00:00+00:00,13,20,10,22,19,41
339,2007,5.0,2007-10-07 20:05:00+00:00,14,33,20,33,14,47
340,2007,5.0,2007-10-07 20:15:00+00:00,10,29,27,3,41,44
341,2007,5.0,2007-10-07 20:15:00+00:00,30,3,25,7,9,16
342,2007,5.0,2007-10-08 00:15:00+00:00,12,6,11,20,27,47
343,2007,5.0,2007-10-09 00:30:00+00:00,4,9,30,24,25,49
344,2007,6.0,2007-10-14 17:00:00+00:00,6,21,18,31,34,65
345,2007,6.0,2007-10-14 17:00:00+00:00,8,20,2,41,31,72
346,2007,6.0,2007-10-14 17:00:00+00:00,12,37,11,17,14,31
347,2007,6.0,2007-10-14 17:00:00+00:00,16,7,5,27,20,47
348,2007,6.0,2007-10-14 17:00:00+00:00,25,27,14,9,16,25
349,2007,6.0,2007-10-14 17:00:00+00:00,33,34,8,13,10,23
350,2007,6.0,2007-10-14 17:00:00+00:00,15,13,13,37,17,54
351,2007,6.0,2007-10-14 17:00:00+00:00,3,32,24,22,3,25
352,2007,6.0,2007-10-14 20:05:00+00:00,1,5,12,10,25,35
353,2007,6.0,2007-10-14 20:15:00+00:00,9,22,29,27,48,75
354,2007,6.0,2007-10-14 20:15:00+00:00,29,26,28,28,14,42
355,2007,6.0,2007-10-15 00:15:00+00:00,31,23,26,17,28,45
356,2007,6.0,2007-10-16 00:30:00+00:00,2,24,17,10,31,41
357,2007,7.0,2007-10-21 17:00:00+00:00,4,3,30,19,14,33
358,2007,7.0,2007-10-21 17:00:00+00:00,11,33,3,23,16,39
359,2007,7.0,2007-10-21 17:00:00+00:00,20,22,21,28,49,77
360,2007,7.0,2007-10-21 17:00:00+00:00,23,2,31,22,16,38
361,2007,7.0,2007-10-21 17:00:00+00:00,24,30,14,33,15,48
362,2007,7.0,2007-10-21 17:00:00+00:00,37,1,15,21,19,40
363,2007,7.0,2007-10-21 17:00:00+00:00,13,34,10,36,38,74
364,2007,7.0,2007-10-21 20:05:00+00:00,7,25,19,38,31,69
365,2007,7.0,2007-10-21 20:05:00+00:00,26,16,16,10,12,22
366,2007,7.0,2007-10-21 20:15:00+00:00,9,21,29,24,14,38
367,2007,7.0,2007-10-21 20:15:00+00:00,27,6,23,16,19,35
368,2007,7.0,2007-10-21 20:15:00+00:00,31,32,26,33,6,39
369,2007,7.0,2007-10-22 00:15:00+00:00,10,28,27,31,28,59
370,2007,7.0,2007-10-23 00:30:00+00:00,15,14,13,7,29,36
371,2007,8.0,2007-10-28 17:00:00+00:00,6,11,18,7,16,23
372,2007,8.0,2007-10-28 17:00:00+00:00,7,28,19,13,24,37
373,2007,8.0,2007-10-28 17:00:00+00:00,34,26,4,13,9,22
374,2007,8.0,2007-10-28 17:00:00+00:00,32,8,6,20,27,47
375,2007,8.0,2007-10-28 17:00:00+00:00,20,24,35,10,13,23
376,2007,8.0,2007-10-28 17:00:00+00:00,21,27,22,16,23,39
377,2007,8.0,2007-10-28 17:00:00+00:00,5,14,9,7,31,38
378,2007,8.0,2007-10-28 20:05:00+00:00,25,4,14,3,13,16
379,2007,8.0,2007-10-28 20:05:00+00:00,29,13,28,35,10,45
380,2007,8.0,2007-10-28 20:05:00+00:00,33,15,8,23,24,47
381,2007,8.0,2007-10-28 20:15:00+00:00,22,37,7,52,7,59
382,2007,8.0,2007-10-28 20:15:00+00:00,30,23,25,10,31,41
383,2007,8.0,2007-10-30 00:30:00+00:00,10,12,32,13,19,32
384,2007,9.0,2007-11-04 18:00:00+00:00,2,30,17,20,16,36
385,2007,9.0,2007-11-04 18:00:00+00:00,4,7,30,33,21,54
386,2007,9.0,2007-11-04 18:00:00+00:00,11,10,3,44,7,51
387,2007,9.0,2007-11-04 18:00:00+00:00,34,5,4,20,7,27
388,2007,9.0,2007-11-04 18:00:00+00:00,16,12,5,22,33,55
389,2007,9.0,2007-11-04 18:00:00+00:00,21,29,22,35,17,52
390,2007,9.0,2007-11-04 18:00:00+00:00,23,15,31,41,24,65
391,2007,9.0,2007-11-04 18:00:00+00:00,25,37,14,20,23,43
392,2007,9.0,2007-11-04 18:00:00+00:00,33,1,8,17,10,27
393,2007,9.0,2007-11-04 21:05:00+00:00,8,31,2,33,30,63
394,2007,9.0,2007-11-04 21:15:00+00:00,14,22,20,20,24,44
395,2007,9.0,2007-11-04 21:15:00+00:00,26,13,16,17,24,41
396,2007,9.0,2007-11-05 01:15:00+00:00,27,9,23,17,38,55
397,2007,9.0,2007-11-06 01:30:00+00:00,28,3,1,38,7,45
398,2007,10.0,2007-11-11 18:00:00+00:00,12,21,11,34,0,34
399,2007,10.0,2007-11-11 18:00:00+00:00,34,15,4,13,28,41
400,2007,10.0,2007-11-11 18:00:00+00:00,16,10,5,11,27,38
401,2007,10.0,2007-11-11 18:00:00+00:00,20,4,21,10,13,23
402,2007,10.0,2007-11-11 18:00:00+00:00,23,32,31,29,37,66
403,2007,10.0,2007-11-11 18:00:00+00:00,28,8,1,31,28,59
404,2007,10.0,2007-11-11 18:00:00+00:00,37,27,15,25,33,58
405,2007,10.0,2007-11-11 18:00:00+00:00,5,2,9,13,20,33
406,2007,10.0,2007-11-11 21:05:00+00:00,3,7,24,7,21,28
407,2007,10.0,2007-11-11 21:15:00+00:00,26,6,16,6,17,23
408,2007,10.0,2007-11-11 21:15:00+00:00,24,9,14,20,31,51
409,2007,10.0,2007-11-11 21:15:00+00:00,1,11,12,31,21,52
410,2007,10.0,2007-11-12 01:15:00+00:00,29,14,28,23,21,44
411,2007,10.0,2007-11-13 01:30:00+00:00,31,30,26,24,0,24
412,2007,11.0,2007-11-18 18:00:00+00:00,2,33,17,7,31,38
413,2007,11.0,2007-11-18 18:00:00+00:00,7,1,19,27,35,62
414,2007,11.0,2007-11-18 18:00:00+00:00,11,24,3,10,16,26
415,2007,11.0,2007-11-18 18:00:00+00:00,12,5,11,31,17,48
416,2007,11.0,2007-11-18 18:00:00+00:00,14,16,20,13,10,23
417,2007,11.0,2007-11-18 18:00:00+00:00,21,26,22,29,22,51
418,2007,11.0,2007-11-18 18:00:00+00:00,27,20,23,17,7,24
419,2007,11.0,2007-11-18 18:00:00+00:00,15,29,13,24,17,41
420,2007,11.0,2007-11-18 18:00:00+00:00,3,8,24,30,33,63
421,2007,11.0,2007-11-18 18:00:00+00:00,13,23,10,23,10,33
422,2007,11.0,2007-11-18 21:05:00+00:00,25,28,14,19,16,35
423,2007,11.0,2007-11-18 21:15:00+00:00,9,37,29,28,23,51
424,2007,11.0,2007-11-18 21:15:00+00:00,30,32,25,9,13,22
425,2007,11.0,2007-11-18 21:15:00+00:00,31,6,26,30,23,53
426,2007,11.0,2007-11-19 01:15:00+00:00,4,22,30,10,56,66
427,2007,11.0,2007-11-20 01:30:00+00:00,10,34,32,34,20,54
428,2007,12.0,2007-11-22 17:30:00+00:00,11,12,3,26,37,63
429,2007,12.0,2007-11-22 21:15:00+00:00,9,25,29,34,3,37
430,2007,12.0,2007-11-23 01:15:00+00:00,2,14,17,13,31,44
431,2007,12.0,2007-11-25 18:00:00+00:00,7,34,19,35,6,41
432,2007,12.0,2007-11-25 18:00:00+00:00,8,13,2,27,17,44
433,2007,12.0,2007-11-25 18:00:00+00:00,16,26,5,17,20,37
434,2007,12.0,2007-11-25 18:00:00+00:00,32,31,6,19,24,43
435,2007,12.0,2007-11-25 18:00:00+00:00,24,21,14,17,41,58
436,2007,12.0,2007-11-25 18:00:00+00:00,33,37,8,19,13,32
437,2007,12.0,2007-11-25 18:00:00+00:00,5,23,9,6,31,37
438,2007,12.0,2007-11-25 18:00:00+00:00,15,4,13,36,14,50
439,2007,12.0,2007-11-25 21:05:00+00:00,1,30,12,31,37,68
440,2007,12.0,2007-11-25 21:15:00+00:00,6,10,18,37,34,71
441,2007,12.0,2007-11-25 21:15:00+00:00,29,3,28,32,14,46
442,2007,12.0,2007-11-26 01:15:00+00:00,22,27,7,31,28,59
443,2007,12.0,2007-11-27 01:30:00+00:00,28,20,1,3,0,3
444,2007,13.0,2007-11-30 01:00:00+00:00,9,12,29,37,27,64
445,2007,13.0,2007-12-02 18:00:00+00:00,34,13,4,28,20,48
446,2007,13.0,2007-12-02 18:00:00+00:00,14,15,20,28,25,53
447,2007,13.0,2007-12-02 18:00:00+00:00,16,29,5,10,24,34
448,2007,13.0,2007-12-02 18:00:00+00:00,32,2,6,28,16,44
449,2007,13.0,2007-12-02 18:00:00+00:00,20,25,21,13,40,53
450,2007,13.0,2007-12-02 18:00:00+00:00,21,11,22,42,10,52
451,2007,13.0,2007-12-02 18:00:00+00:00,27,31,23,24,28,52
452,2007,13.0,2007-12-02 18:00:00+00:00,37,4,15,16,17,33
453,2007,13.0,2007-12-02 18:00:00+00:00,5,30,9,31,14,45
454,2007,13.0,2007-12-02 21:05:00+00:00,26,10,16,34,20,54
455,2007,13.0,2007-12-02 21:05:00+00:00,1,8,12,27,21,48
456,2007,13.0,2007-12-02 21:15:00+00:00,6,24,18,16,21,37
457,2007,13.0,2007-12-02 21:15:00+00:00,23,33,31,23,27,50
458,2007,13.0,2007-12-03 01:15:00+00:00,28,7,1,24,10,34
459,2007,13.0,2007-12-04 01:30:00+00:00,3,22,24,24,27,51
460,2007,14.0,2007-12-07 01:00:00+00:00,37,6,15,24,16,40
461,2007,14.0,2007-12-09 18:00:00+00:00,4,20,30,38,17,55
462,2007,14.0,2007-12-09 18:00:00+00:00,7,32,19,19,10,29
463,2007,14.0,2007-12-09 18:00:00+00:00,11,9,3,27,28,55
464,2007,14.0,2007-12-09 18:00:00+00:00,12,26,11,38,7,45
465,2007,14.0,2007-12-09 18:00:00+00:00,34,29,4,17,23,40
466,2007,14.0,2007-12-09 18:00:00+00:00,27,24,23,13,16,29
467,2007,14.0,2007-12-09 18:00:00+00:00,15,5,13,37,6,43
468,2007,14.0,2007-12-09 18:00:00+00:00,13,33,10,28,14,42
469,2007,14.0,2007-12-09 21:05:00+00:00,30,21,25,7,27,34
470,2007,14.0,2007-12-09 21:05:00+00:00,31,1,26,42,21,63
471,2007,14.0,2007-12-09 21:15:00+00:00,10,16,27,41,7,48
472,2007,14.0,2007-12-09 21:15:00+00:00,22,28,7,34,13,47
473,2007,14.0,2007-12-09 21:15:00+00:00,25,8,14,18,24,42
474,2007,14.0,2007-12-10 01:15:00+00:00,3,14,24,20,44,64
475,2007,14.0,2007-12-11 01:30:00+00:00,2,23,17,14,34,48
476,2007,15.0,2007-12-14 01:00:00+00:00,13,10,10,31,13,44
477,2007,15.0,2007-12-16 01:00:00+00:00,30,7,25,20,13,33
478,2007,15.0,2007-12-16 18:00:00+00:00,8,4,2,8,0,8
479,2007,15.0,2007-12-16 18:00:00+00:00,16,34,5,17,26,43
480,2007,15.0,2007-12-16 18:00:00+00:00,32,12,6,14,33,47
481,2007,15.0,2007-12-16 18:00:00+00:00,20,3,21,22,16,38
482,2007,15.0,2007-12-16 18:00:00+00:00,22,25,7,20,10,30
483,2007,15.0,2007-12-16 18:00:00+00:00,23,1,31,31,24,55
484,2007,15.0,2007-12-16 18:00:00+00:00,28,15,1,22,29,51
485,2007,15.0,2007-12-16 18:00:00+00:00,33,2,8,37,3,40
486,2007,15.0,2007-12-16 18:00:00+00:00,5,31,9,13,10,23
487,2007,15.0,2007-12-16 21:05:00+00:00,26,14,16,14,21,35
488,2007,15.0,2007-12-16 21:15:00+00:00,9,27,29,6,10,16
489,2007,15.0,2007-12-16 21:15:00+00:00,29,11,28,51,14,65
490,2007,15.0,2007-12-17 01:15:00+00:00,24,37,14,10,22,32
491,2007,15.0,2007-12-18 01:30:00+00:00,21,6,22,20,13,33
492,2007,16.0,2007-12-21 01:00:00+00:00,32,28,6,24,41,65
493,2007,16.0,2007-12-23 01:00:00+00:00,5,9,9,13,20,33
494,2007,16.0,2007-12-23 18:00:00+00:00,4,24,30,21,38,59
495,2007,16.0,2007-12-23 18:00:00+00:00,6,12,18,35,7,42
496,2007,16.0,2007-12-23 18:00:00+00:00,7,8,19,19,14,33
497,2007,16.0,2007-12-23 18:00:00+00:00,11,16,3,25,20,45
498,2007,16.0,2007-12-23 18:00:00+00:00,14,13,20,38,15,53
499,2007,16.0,2007-12-23 18:00:00+00:00,23,27,31,23,38,61
500,2007,16.0,2007-12-23 18:00:00+00:00,15,26,13,49,11,60
501,2007,16.0,2007-12-23 21:05:00+00:00,1,2,12,30,27,57
502,2007,16.0,2007-12-23 21:05:00+00:00,30,33,25,21,19,40
503,2007,16.0,2007-12-23 21:15:00+00:00,34,25,4,10,6,16
504,2007,16.0,2007-12-23 21:15:00+00:00,22,20,7,28,7,35
505,2007,16.0,2007-12-23 21:15:00+00:00,31,3,26,27,6,33
506,2007,16.0,2007-12-24 01:15:00+00:00,21,37,22,21,32,53
507,2007,16.0,2007-12-25 01:00:00+00:00,29,10,28,23,3,26
508,2007,17.0,2007-12-30 01:15:00+00:00,24,22,14,35,38,73
509,2007,17.0,2007-12-30 18:00:00+00:00,2,31,17,44,41,85
510,2007,17.0,2007-12-30 18:00:00+00:00,6,23,18,33,25,58
511,2007,17.0,2007-12-30 18:00:00+00:00,8,30,2,20,7,27
512,2007,17.0,2007-12-30 18:00:00+00:00,12,11,11,34,13,47
513,2007,17.0,2007-12-30 18:00:00+00:00,20,7,21,25,38,63
514,2007,17.0,2007-12-30 18:00:00+00:00,27,4,23,17,9,26
515,2007,17.0,2007-12-30 18:00:00+00:00,33,5,8,23,31,54
516,2007,17.0,2007-12-30 18:00:00+00:00,13,15,10,42,28,70
517,2007,17.0,2007-12-30 21:15:00+00:00,10,21,27,22,19,41
518,2007,17.0,2007-12-30 21:15:00+00:00,26,29,16,17,30,47
519,2007,17.0,2007-12-30 21:15:00+00:00,25,16,14,13,10,23
520,2007,17.0,2007-12-30 21:15:00+00:00,1,32,12,48,19,67
521,2007,17.0,2007-12-30 21:15:00+00:00,37,9,15,27,6,33
522,2007,17.0,2007-12-30 21:15:00+00:00,3,28,24,27,21,48
523,2007,17.0,2007-12-31 01:15:00+00:00,14,34,20,10,16,26
524,2007,1.0,2008-01-05 21:30:00+00:00,31,37,26,35,14,49
525,2007,1.0,2008-01-06 01:00:00+00:00,28,15,1,29,31,60
526,2007,1.0,2008-01-06 18:00:00+00:00,33,24,8,14,24,38
527,2007,1.0,2008-01-06 21:30:00+00:00,29,34,28,17,6,23
528,2007,2.0,2008-01-12 21:30:00+00:00,12,31,11,42,20,62
529,2007,2.0,2008-01-13 01:00:00+00:00,22,15,7,31,20,51
530,2007,2.0,2008-01-13 18:00:00+00:00,14,29,20,24,28,52
531,2007,2.0,2008-01-13 21:30:00+00:00,9,24,29,17,21,38
532,2007,3.0,2008-01-20 20:00:00+00:00,22,29,7,21,12,33
533,2007,3.0,2008-01-20 23:30:00+00:00,12,24,11,20,23,43
534,2007,4.0,2008-02-03 23:17:00+00:00,22,24,12,14,17,31
535,2008,1.0,2008-09-04 23:00:00+00:00,24,37,14,16,7,23
536,2008,1.0,2008-09-07 17:00:00+00:00,2,11,17,34,21,55
537,2008,1.0,2008-09-07 17:00:00+00:00,4,31,30,34,10,44
538,2008,1.0,2008-09-07 17:00:00+00:00,34,15,4,17,10,27
539,2008,1.0,2008-09-07 17:00:00+00:00,20,25,33,14,20,34
540,2008,1.0,2008-09-07 17:00:00+00:00,22,16,7,17,10,27
541,2008,1.0,2008-09-07 17:00:00+00:00,23,33,31,24,20,44
542,2008,1.0,2008-09-07 17:00:00+00:00,27,32,23,38,3,41
543,2008,1.0,2008-09-07 17:00:00+00:00,28,13,1,38,17,55
544,2008,1.0,2008-09-07 17:00:00+00:00,3,7,24,17,10,27
545,2008,1.0,2008-09-07 20:15:00+00:00,8,9,2,10,28,38
546,2008,1.0,2008-09-07 20:15:00+00:00,29,5,28,24,26,50
547,2008,1.0,2008-09-07 20:15:00+00:00,30,1,34,13,23,36
548,2008,1.0,2008-09-08 00:15:00+00:00,14,6,36,13,29,42
549,2008,1.0,2008-09-08 23:00:00+00:00,12,21,11,24,19,43
550,2008,1.0,2008-09-09 02:15:00+00:00,26,10,16,14,41,55
551,2008,2.0,2008-09-14 17:00:00+00:00,7,34,19,7,24,31
552,2008,2.0,2008-09-14 17:00:00+00:00,11,12,3,25,48,73
553,2008,2.0,2008-09-14 17:00:00+00:00,16,26,5,8,23,31
554,2008,2.0,2008-09-14 17:00:00+00:00,32,24,6,13,41,54
555,2008,2.0,2008-09-14 17:00:00+00:00,21,14,37,15,18,33
556,2008,2.0,2008-09-14 17:00:00+00:00,37,23,15,29,24,53
557,2008,2.0,2008-09-14 17:00:00+00:00,5,6,9,20,17,37
558,2008,2.0,2008-09-14 17:00:00+00:00,15,4,13,16,20,36
559,2008,2.0,2008-09-14 20:05:00+00:00,31,30,26,30,33,63
560,2008,2.0,2008-09-14 20:05:00+00:00,33,2,8,24,9,33
561,2008,2.0,2008-09-14 20:15:00+00:00,10,29,32,39,38,77
562,2008,2.0,2008-09-14 20:15:00+00:00,25,22,14,10,19,29
563,2008,2.0,2008-09-14 20:15:00+00:00,1,20,12,31,10,41
564,2008,2.0,2008-09-15 00:15:00+00:00,8,28,2,6,10,16
565,2008,2.0,2008-09-16 00:30:00+00:00,9,27,29,41,37,78
566,2008,3.0,2008-09-21 17:00:00+00:00,2,16,17,38,14,52
567,2008,3.0,2008-09-21 17:00:00+00:00,4,26,30,24,23,47
568,2008,3.0,2008-09-21 17:00:00+00:00,6,33,18,24,27,51
569,2008,3.0,2008-09-21 17:00:00+00:00,34,13,4,31,12,43
570,2008,3.0,2008-09-21 17:00:00+00:00,21,5,37,20,10,30
571,2008,3.0,2008-09-21 17:00:00+00:00,22,20,7,13,38,51
572,2008,3.0,2008-09-21 17:00:00+00:00,24,7,14,26,23,49
573,2008,3.0,2008-09-21 17:00:00+00:00,37,1,15,24,17,41
574,2008,3.0,2008-09-21 20:05:00+00:00,10,23,32,34,32,66
575,2008,3.0,2008-09-21 20:05:00+00:00,30,11,34,31,13,44
576,2008,3.0,2008-09-21 20:05:00+00:00,31,32,26,37,13,50
577,2008,3.0,2008-09-21 20:15:00+00:00,14,15,36,21,23,44
578,2008,3.0,2008-09-21 20:15:00+00:00,27,28,23,15,6,21
579,2008,3.0,2008-09-21 20:15:00+00:00,3,8,24,28,10,38
580,2008,3.0,2008-09-22 00:15:00+00:00,12,9,11,16,27,43
581,2008,3.0,2008-09-23 00:30:00+00:00,29,25,28,48,29,77
582,2008,4.0,2008-09-28 17:00:00+00:00,7,8,19,12,20,32
583,2008,4.0,2008-09-28 17:00:00+00:00,34,21,4,30,17,47
584,2008,4.0,2008-09-28 17:00:00+00:00,16,10,5,33,19,52
585,2008,4.0,2008-09-28 17:00:00+00:00,23,30,31,31,17,48
586,2008,4.0,2008-09-28 17:00:00+00:00,25,1,14,56,35,91
587,2008,4.0,2008-09-28 17:00:00+00:00,33,12,8,30,21,51
588,2008,4.0,2008-09-28 17:00:00+00:00,5,2,9,24,9,33
589,2008,4.0,2008-09-28 17:00:00+00:00,15,13,13,30,27,57
590,2008,4.0,2008-09-28 20:05:00+00:00,26,29,16,18,28,46
591,2008,4.0,2008-09-28 20:05:00+00:00,32,4,6,14,31,45
592,2008,4.0,2008-09-28 20:15:00+00:00,9,37,29,24,26,50
593,2008,4.0,2008-09-29 00:15:00+00:00,6,27,18,24,20,44
594,2008,4.0,2008-09-30 00:30:00+00:00,28,3,1,23,20,43
595,2008,5.0,2008-10-05 17:00:00+00:00,11,6,3,7,34,41
596,2008,5.0,2008-10-05 17:00:00+00:00,12,2,11,24,27,51
597,2008,5.0,2008-10-05 17:00:00+00:00,20,29,33,17,10,27
598,2008,5.0,2008-10-05 17:00:00+00:00,24,31,14,44,6,50
599,2008,5.0,2008-10-05 17:00:00+00:00,27,37,23,17,23,40
600,2008,5.0,2008-10-05 17:00:00+00:00,5,16,9,34,0,34
601,2008,5.0,2008-10-05 17:00:00+00:00,3,34,24,10,13,23
602,2008,5.0,2008-10-05 17:00:00+00:00,13,14,10,27,31,58
603,2008,5.0,2008-10-05 20:05:00+00:00,10,33,32,16,13,29
604,2008,5.0,2008-10-05 20:15:00+00:00,9,7,29,31,22,53
605,2008,5.0,2008-10-05 20:15:00+00:00,1,4,12,41,17,58
606,2008,5.0,2008-10-05 20:15:00+00:00,30,22,34,21,30,51
607,2008,5.0,2008-10-06 00:15:00+00:00,15,28,13,21,26,47
608,2008,5.0,2008-10-07 00:30:00+00:00,23,21,31,27,30,57
609,2008,6.0,2008-10-12 17:00:00+00:00,2,6,17,22,20,42
610,2008,6.0,2008-10-12 17:00:00+00:00,14,3,36,31,3,34
611,2008,6.0,2008-10-12 17:00:00+00:00,21,11,37,12,10,22
612,2008,6.0,2008-10-12 17:00:00+00:00,23,26,31,34,3,37
613,2008,6.0,2008-10-12 17:00:00+00:00,25,7,14,26,14,40
614,2008,6.0,2008-10-12 17:00:00+00:00,33,5,8,27,3,30
615,2008,6.0,2008-10-12 17:00:00+00:00,37,32,15,17,19,36
616,2008,6.0,2008-10-12 17:00:00+00:00,13,20,10,29,28,57
617,2008,6.0,2008-10-12 20:05:00+00:00,10,15,32,17,24,41
618,2008,6.0,2008-10-12 20:15:00+00:00,1,9,12,30,24,54
619,2008,6.0,2008-10-12 20:15:00+00:00,30,27,34,26,40,66
620,2008,6.0,2008-10-12 20:15:00+00:00,31,12,26,17,27,44
621,2008,6.0,2008-10-13 00:15:00+00:00,29,22,28,30,10,40
622,2008,6.0,2008-10-14 00:30:00+00:00,8,24,2,35,14,49
623,2008,7.0,2008-10-19 17:00:00+00:00,4,29,30,23,14,37
624,2008,7.0,2008-10-19 17:00:00+00:00,6,21,18,48,41,89
625,2008,7.0,2008-10-19 17:00:00+00:00,7,28,19,10,38,48
626,2008,7.0,2008-10-19 17:00:00+00:00,16,34,5,10,34,44
627,2008,7.0,2008-10-19 17:00:00+00:00,32,9,6,34,14,48
628,2008,7.0,2008-10-19 17:00:00+00:00,20,3,33,13,27,40
629,2008,7.0,2008-10-19 17:00:00+00:00,24,30,14,29,17,46
630,2008,7.0,2008-10-19 17:00:00+00:00,5,23,9,30,7,37
631,2008,7.0,2008-10-19 20:05:00+00:00,13,11,10,28,21,49
632,2008,7.0,2008-10-19 20:15:00+00:00,12,14,11,34,14,48
633,2008,7.0,2008-10-19 20:15:00+00:00,26,25,16,16,13,29
634,2008,7.0,2008-10-19 20:15:00+00:00,37,8,15,14,11,25
635,2008,7.0,2008-10-20 00:15:00+00:00,33,31,8,20,10,30
636,2008,7.0,2008-10-21 00:30:00+00:00,22,10,7,41,7,48
637,2008,8.0,2008-10-26 17:00:00+00:00,9,33,29,13,9,22
638,2008,8.0,2008-10-26 17:00:00+00:00,11,37,3,17,25,42
639,2008,8.0,2008-10-26 17:00:00+00:00,20,4,33,25,16,41
640,2008,8.0,2008-10-26 17:00:00+00:00,22,32,7,23,16,39
641,2008,8.0,2008-10-26 17:00:00+00:00,23,29,35,37,32,69
642,2008,8.0,2008-10-26 17:00:00+00:00,25,16,14,28,24,52
643,2008,8.0,2008-10-26 17:00:00+00:00,27,2,23,27,14,41
644,2008,8.0,2008-10-26 17:00:00+00:00,5,1,9,27,23,50
645,2008,8.0,2008-10-26 17:00:00+00:00,3,26,24,29,10,39
646,2008,8.0,2008-10-26 20:05:00+00:00,15,8,13,17,23,40
647,2008,8.0,2008-10-26 20:05:00+00:00,13,7,10,35,6,41
648,2008,8.0,2008-10-26 20:15:00+00:00,28,24,1,14,21,35
649,2008,8.0,2008-10-26 20:15:00+00:00,30,31,34,13,34,47
650,2008,8.0,2008-10-28 00:30:00+00:00,34,14,4,31,21,52
651,2008,9.0,2008-11-02 18:00:00+00:00,4,25,30,17,26,43
652,2008,9.0,2008-11-02 18:00:00+00:00,6,11,18,27,23,50
653,2008,9.0,2008-11-02 18:00:00+00:00,7,15,19,21,19,40
654,2008,9.0,2008-11-02 18:00:00+00:00,8,3,2,27,37,64
655,2008,9.0,2008-11-02 18:00:00+00:00,34,12,4,19,16,35
656,2008,9.0,2008-11-02 18:00:00+00:00,16,33,5,27,30,57
657,2008,9.0,2008-11-02 18:00:00+00:00,32,1,6,13,34,47
658,2008,9.0,2008-11-02 18:00:00+00:00,21,13,37,28,21,49
659,2008,9.0,2008-11-02 21:05:00+00:00,10,20,32,17,26,43
660,2008,9.0,2008-11-02 21:15:00+00:00,26,2,16,0,24,24
661,2008,9.0,2008-11-02 21:15:00+00:00,24,9,14,35,14,49
662,2008,9.0,2008-11-02 21:15:00+00:00,31,27,26,7,26,33
663,2008,9.0,2008-11-03 01:15:00+00:00,14,22,36,18,15,33
664,2008,9.0,2008-11-04 01:30:00+00:00,37,28,15,6,23,29
665,2008,10.0,2008-11-07 01:15:00+00:00,8,10,2,30,34,64
666,2008,10.0,2008-11-09 18:00:00+00:00,2,23,17,34,20,54
667,2008,10.0,2008-11-09 18:00:00+00:00,6,34,18,14,21,35
668,2008,10.0,2008-11-09 18:00:00+00:00,11,15,3,14,38,52
669,2008,10.0,2008-11-09 18:00:00+00:00,20,31,33,21,19,40
670,2008,10.0,2008-11-09 18:00:00+00:00,21,12,37,28,27,55
671,2008,10.0,2008-11-09 18:00:00+00:00,22,4,7,20,10,30
672,2008,10.0,2008-11-09 18:00:00+00:00,25,32,14,47,3,50
673,2008,10.0,2008-11-09 18:00:00+00:00,13,3,10,13,41,54
674,2008,10.0,2008-11-09 21:05:00+00:00,26,5,16,6,17,23
675,2008,10.0,2008-11-09 21:15:00+00:00,28,14,1,20,24,44
676,2008,10.0,2008-11-09 21:15:00+00:00,29,16,28,20,19,39
677,2008,10.0,2008-11-10 01:15:00+00:00,27,24,23,31,36,67
678,2008,10.0,2008-11-11 01:30:00+00:00,1,30,12,29,24,53
679,2008,11.0,2008-11-14 01:15:00+00:00,22,25,7,31,34,65
680,2008,11.0,2008-11-16 18:00:00+00:00,2,10,17,20,24,44
681,2008,11.0,2008-11-16 18:00:00+00:00,7,27,19,13,13,26
682,2008,11.0,2008-11-16 18:00:00+00:00,12,6,11,37,3,40
683,2008,11.0,2008-11-16 18:00:00+00:00,14,13,36,33,27,60
684,2008,11.0,2008-11-16 18:00:00+00:00,16,23,5,20,30,50
685,2008,11.0,2008-11-16 18:00:00+00:00,20,26,33,17,15,32
686,2008,11.0,2008-11-16 18:00:00+00:00,24,3,14,30,10,40
687,2008,11.0,2008-11-16 18:00:00+00:00,33,21,8,19,13,32
688,2008,11.0,2008-11-16 18:00:00+00:00,5,11,9,31,22,53
689,2008,11.0,2008-11-16 21:05:00+00:00,30,32,34,35,16,51
690,2008,11.0,2008-11-16 21:05:00+00:00,31,1,26,20,26,46
691,2008,11.0,2008-11-16 21:15:00+00:00,28,29,1,11,10,21
692,2008,11.0,2008-11-16 21:15:00+00:00,15,34,13,14,24,38
693,2008,11.0,2008-11-17 01:15:00+00:00,37,9,15,10,14,24
694,2008,11.0,2008-11-18 01:30:00+00:00,4,8,30,27,29,56
695,2008,12.0,2008-11-21 01:15:00+00:00,28,7,1,27,10,37
696,2008,12.0,2008-11-23 18:00:00+00:00,8,13,2,6,16,22
697,2008,12.0,2008-11-23 18:00:00+00:00,9,30,29,35,22,57
698,2008,12.0,2008-11-23 18:00:00+00:00,11,33,3,20,38,58
699,2008,12.0,2008-11-23 18:00:00+00:00,34,25,4,13,34,47
700,2008,12.0,2008-11-23 18:00:00+00:00,16,4,5,31,54,85
701,2008,12.0,2008-11-23 18:00:00+00:00,32,6,6,3,27,30
702,2008,12.0,2008-11-23 18:00:00+00:00,20,22,33,28,48,76
703,2008,12.0,2008-11-23 18:00:00+00:00,15,21,13,12,30,42
704,2008,12.0,2008-11-23 18:00:00+00:00,3,27,24,36,7,43
705,2008,12.0,2008-11-23 21:05:00+00:00,10,26,32,10,31,41
706,2008,12.0,2008-11-23 21:15:00+00:00,2,5,17,45,28,73
707,2008,12.0,2008-11-23 21:15:00+00:00,1,24,12,29,37,66
708,2008,12.0,2008-11-23 21:15:00+00:00,31,37,26,17,20,37
709,2008,12.0,2008-11-24 01:15:00+00:00,29,14,28,20,23,43
710,2008,12.0,2008-11-25 01:30:00+00:00,23,12,31,51,29,80
711,2008,13.0,2008-11-27 17:30:00+00:00,11,34,3,10,47,57
712,2008,13.0,2008-11-27 21:15:00+00:00,9,31,29,34,9,43
713,2008,13.0,2008-11-28 01:15:00+00:00,27,1,23,48,20,68
714,2008,13.0,2008-11-30 18:00:00+00:00,4,30,30,3,10,13
715,2008,13.0,2008-11-30 18:00:00+00:00,7,3,19,3,34,37
716,2008,13.0,2008-11-30 18:00:00+00:00,8,14,2,6,10,16
717,2008,13.0,2008-11-30 18:00:00+00:00,12,5,11,31,35,66
718,2008,13.0,2008-11-30 18:00:00+00:00,32,20,6,12,16,28
719,2008,13.0,2008-11-30 18:00:00+00:00,33,23,8,23,20,43
720,2008,13.0,2008-11-30 18:00:00+00:00,37,24,15,7,23,30
721,2008,13.0,2008-11-30 21:05:00+00:00,29,2,28,16,22,38
722,2008,13.0,2008-11-30 21:15:00+00:00,26,16,16,13,20,33
723,2008,13.0,2008-11-30 21:15:00+00:00,22,28,7,10,33,43
724,2008,13.0,2008-11-30 21:15:00+00:00,25,10,14,17,34,51
725,2008,13.0,2008-12-01 01:15:00+00:00,21,6,37,34,14,48
726,2008,13.0,2008-12-02 01:30:00+00:00,13,15,10,30,17,47
727,2008,14.0,2008-12-05 01:15:00+00:00,29,26,28,34,7,41
728,2008,14.0,2008-12-07 18:00:00+00:00,6,15,18,23,10,33
729,2008,14.0,2008-12-07 18:00:00+00:00,11,21,3,16,20,36
730,2008,14.0,2008-12-07 18:00:00+00:00,12,13,11,21,24,45
731,2008,14.0,2008-12-07 18:00:00+00:00,34,8,4,28,9,37
732,2008,14.0,2008-12-07 18:00:00+00:00,14,7,36,35,3,38
733,2008,14.0,2008-12-07 18:00:00+00:00,23,2,31,29,25,54
734,2008,14.0,2008-12-07 18:00:00+00:00,24,27,14,14,20,34
735,2008,14.0,2008-12-07 21:05:00+00:00,4,20,38,3,16,19
736,2008,14.0,2008-12-07 21:05:00+00:00,10,16,32,24,17,41
737,2008,14.0,2008-12-07 21:05:00+00:00,30,25,34,24,14,38
738,2008,14.0,2008-12-07 21:05:00+00:00,31,22,26,21,24,45
739,2008,14.0,2008-12-07 21:15:00+00:00,1,32,12,34,10,44
740,2008,14.0,2008-12-07 21:15:00+00:00,28,9,1,20,13,33
741,2008,14.0,2008-12-08 01:15:00+00:00,3,37,24,24,10,34
742,2008,14.0,2008-12-09 01:30:00+00:00,5,33,9,38,23,61
743,2008,15.0,2008-12-12 01:15:00+00:00,6,23,18,27,24,51
744,2008,15.0,2008-12-14 18:00:00+00:00,2,33,17,13,10,23
745,2008,15.0,2008-12-14 18:00:00+00:00,7,37,19,20,13,33
746,2008,15.0,2008-12-14 18:00:00+00:00,14,11,36,31,21,52
747,2008,15.0,2008-12-14 18:00:00+00:00,16,29,5,21,22,43
748,2008,15.0,2008-12-14 18:00:00+00:00,32,31,6,20,23,43
749,2008,15.0,2008-12-14 18:00:00+00:00,20,30,33,14,9,23
750,2008,15.0,2008-12-14 18:00:00+00:00,25,4,14,31,27,58
751,2008,15.0,2008-12-14 18:00:00+00:00,15,12,13,20,16,36
752,2008,15.0,2008-12-14 18:00:00+00:00,13,34,10,13,12,25
753,2008,15.0,2008-12-14 21:05:00+00:00,1,21,12,14,35,49
754,2008,15.0,2008-12-14 21:15:00+00:00,26,22,16,26,49,75
755,2008,15.0,2008-12-14 21:15:00+00:00,5,10,9,30,10,40
756,2008,15.0,2008-12-14 21:15:00+00:00,3,28,24,9,13,22
757,2008,15.0,2008-12-15 01:15:00+00:00,9,24,29,20,8,28
758,2008,15.0,2008-12-16 01:30:00+00:00,27,8,23,30,10,40
759,2008,16.0,2008-12-19 01:15:00+00:00,15,14,13,24,31,55
760,2008,16.0,2008-12-21 01:15:00+00:00,9,3,29,24,33,57
761,2008,16.0,2008-12-21 18:00:00+00:00,8,7,2,0,14,14
762,2008,16.0,2008-12-21 18:00:00+00:00,11,23,3,7,42,49
763,2008,16.0,2008-12-21 18:00:00+00:00,34,28,4,31,14,45
764,2008,16.0,2008-12-21 18:00:00+00:00,16,20,5,31,38,69
765,2008,16.0,2008-12-21 18:00:00+00:00,32,30,6,16,17,33
766,2008,16.0,2008-12-21 18:00:00+00:00,22,1,7,47,7,54
767,2008,16.0,2008-12-21 18:00:00+00:00,33,29,8,24,41,65
768,2008,16.0,2008-12-21 21:05:00+00:00,10,4,32,23,30,53
769,2008,16.0,2008-12-21 21:05:00+00:00,26,13,16,27,16,43
770,2008,16.0,2008-12-21 21:05:00+00:00,31,25,26,13,3,16
771,2008,16.0,2008-12-21 21:15:00+00:00,21,2,37,17,24,41
772,2008,16.0,2008-12-21 21:15:00+00:00,37,27,15,10,3,13
773,2008,16.0,2008-12-22 01:15:00+00:00,24,5,14,34,28,62
774,2008,16.0,2008-12-23 01:30:00+00:00,6,12,18,20,17,37
775,2008,17.0,2008-12-28 18:00:00+00:00,2,32,17,31,27,58
776,2008,17.0,2008-12-28 18:00:00+00:00,4,22,30,0,13,13
777,2008,17.0,2008-12-28 18:00:00+00:00,7,16,19,16,6,22
778,2008,17.0,2008-12-28 18:00:00+00:00,12,11,11,31,21,52
779,2008,17.0,2008-12-28 18:00:00+00:00,14,34,36,23,0,23
780,2008,17.0,2008-12-28 18:00:00+00:00,21,24,37,20,19,39
781,2008,17.0,2008-12-28 18:00:00+00:00,23,5,31,31,33,64
782,2008,17.0,2008-12-28 18:00:00+00:00,28,8,1,31,0,31
783,2008,17.0,2008-12-28 18:00:00+00:00,33,26,8,24,31,55
784,2008,17.0,2008-12-28 18:00:00+00:00,13,6,10,31,24,55
785,2008,17.0,2008-12-28 21:15:00+00:00,25,20,14,17,24,41
786,2008,17.0,2008-12-28 21:15:00+00:00,27,9,23,44,6,50
787,2008,17.0,2008-12-28 21:15:00+00:00,1,31,12,34,21,55
788,2008,17.0,2008-12-28 21:15:00+00:00,30,37,34,27,24,51
789,2008,17.0,2008-12-28 21:15:00+00:00,3,15,24,27,7,34
790,2008,17.0,2008-12-29 01:15:00+00:00,29,10,28,52,21,73
791,2008,1.0,2009-01-03 21:30:00+00:00,1,2,12,30,24,54
792,2008,1.0,2009-01-04 01:00:00+00:00,29,14,28,23,17,40
793,2008,1.0,2009-01-04 18:00:00+00:00,20,3,33,9,27,36
794,2008,1.0,2009-01-04 21:30:00+00:00,21,27,37,14,26,40
795,2008,2.0,2009-01-10 21:30:00+00:00,34,3,4,10,13,23
796,2008,2.0,2009-01-11 01:15:00+00:00,5,1,9,13,33,46
797,2008,2.0,2009-01-11 18:00:00+00:00,24,27,14,11,23,34
798,2008,2.0,2009-01-11 21:45:00+00:00,28,29,1,35,24,59
799,2008,3.0,2009-01-18 20:00:00+00:00,1,27,12,32,25,57
800,2008,3.0,2009-01-18 23:30:00+00:00,28,3,1,23,14,37
801,2008,4.0,2009-02-01 23:28:00+00:00,1,28,8,23,27,50
802,2009,1.0,2009-09-11 00:30:00+00:00,28,34,1,13,10,23
803,2009,1.0,2009-09-13 17:00:00+00:00,2,20,17,19,7,26
804,2009,1.0,2009-09-13 17:00:00+00:00,7,10,19,7,12,19
805,2009,1.0,2009-09-13 17:00:00+00:00,8,21,2,20,34,54
806,2009,1.0,2009-09-13 17:00:00+00:00,14,15,36,14,12,26
807,2009,1.0,2009-09-13 17:00:00+00:00,23,11,31,45,27,72
808,2009,1.0,2009-09-13 17:00:00+00:00,33,9,8,21,34,55
809,2009,1.0,2009-09-13 17:00:00+00:00,5,27,9,10,38,48
810,2009,1.0,2009-09-13 17:00:00+00:00,3,16,24,38,24,62
811,2009,1.0,2009-09-13 17:00:00+00:00,13,25,10,7,24,31
812,2009,1.0,2009-09-13 20:15:00+00:00,24,37,14,23,17,40
813,2009,1.0,2009-09-13 20:15:00+00:00,1,30,12,16,20,36
814,2009,1.0,2009-09-13 20:15:00+00:00,31,32,26,28,0,28
815,2009,1.0,2009-09-14 00:20:00+00:00,12,6,11,21,15,36
816,2009,1.0,2009-09-14 23:00:00+00:00,22,4,7,25,24,49
817,2009,1.0,2009-09-15 02:15:00+00:00,26,29,16,20,24,44
818,2009,2.0,2009-09-20 17:00:00+00:00,2,5,17,28,20,48
819,2009,2.0,2009-09-20 17:00:00+00:00,11,21,3,13,27,40
820,2009,2.0,2009-09-20 17:00:00+00:00,12,7,11,24,31,55
821,2009,2.0,2009-09-20 17:00:00+00:00,34,13,4,31,34,65
822,2009,2.0,2009-09-20 17:00:00+00:00,16,26,5,10,13,23
823,2009,2.0,2009-09-20 17:00:00+00:00,25,22,14,16,9,25
824,2009,2.0,2009-09-20 17:00:00+00:00,27,23,23,22,48,70
825,2009,2.0,2009-09-20 17:00:00+00:00,37,32,15,9,7,16
826,2009,2.0,2009-09-20 17:00:00+00:00,15,1,13,17,31,48
827,2009,2.0,2009-09-20 20:05:00+00:00,4,33,30,33,20,53
828,2009,2.0,2009-09-20 20:05:00+00:00,30,31,34,23,10,33
829,2009,2.0,2009-09-20 20:15:00+00:00,6,28,18,17,14,31
830,2009,2.0,2009-09-20 20:15:00+00:00,10,8,32,27,6,33
831,2009,2.0,2009-09-20 20:15:00+00:00,29,3,28,26,31,57
832,2009,2.0,2009-09-21 00:20:00+00:00,9,24,39,31,33,64
833,2009,2.0,2009-09-22 00:30:00+00:00,20,14,33,23,27,50
834,2009,3.0,2009-09-27 17:00:00+00:00,11,37,3,19,14,33
835,2009,3.0,2009-09-27 17:00:00+00:00,32,12,6,17,36,53
836,2009,3.0,2009-09-27 17:00:00+00:00,21,30,37,27,24,51
837,2009,3.0,2009-09-27 17:00:00+00:00,22,2,7,26,10,36
838,2009,3.0,2009-09-27 17:00:00+00:00,25,34,14,24,17,41
839,2009,3.0,2009-09-27 17:00:00+00:00,27,16,23,34,14,48
840,2009,3.0,2009-09-27 17:00:00+00:00,33,24,8,0,24,24
841,2009,3.0,2009-09-27 17:00:00+00:00,3,8,24,34,3,37
842,2009,3.0,2009-09-27 17:00:00+00:00,13,15,10,24,31,55
843,2009,3.0,2009-09-27 20:05:00+00:00,4,23,30,7,27,34
844,2009,3.0,2009-09-27 20:05:00+00:00,31,6,26,19,25,44
845,2009,3.0,2009-09-27 20:15:00+00:00,7,28,19,23,20,43
846,2009,3.0,2009-09-27 20:15:00+00:00,26,10,16,3,23,26
847,2009,3.0,2009-09-27 20:15:00+00:00,29,20,28,23,13,36
848,2009,3.0,2009-09-28 00:20:00+00:00,1,14,12,10,31,41
849,2009,3.0,2009-09-29 00:30:00+00:00,9,5,39,21,7,28
850,2009,4.0,2009-10-04 17:00:00+00:00,6,11,18,48,24,72
851,2009,4.0,2009-10-04 17:00:00+00:00,8,7,2,20,23,43
852,2009,4.0,2009-10-04 17:00:00+00:00,14,31,36,34,17,51
853,2009,4.0,2009-10-04 17:00:00+00:00,16,24,5,16,27,43
854,2009,4.0,2009-10-04 17:00:00+00:00,22,3,7,27,21,48
855,2009,4.0,2009-10-04 17:00:00+00:00,37,33,15,16,13,29
856,2009,4.0,2009-10-04 17:00:00+00:00,15,34,13,37,17,54
857,2009,4.0,2009-10-04 17:00:00+00:00,13,26,10,29,6,35
858,2009,4.0,2009-10-04 20:05:00+00:00,20,4,33,38,10,48
859,2009,4.0,2009-10-04 20:05:00+00:00,23,25,31,24,10,34
860,2009,4.0,2009-10-04 20:15:00+00:00,10,9,32,17,10,27
861,2009,4.0,2009-10-04 20:15:00+00:00,30,32,34,35,0,35
862,2009,4.0,2009-10-05 00:20:00+00:00,28,29,1,38,28,66
863,2009,4.0,2009-10-06 00:30:00+00:00,21,12,22,30,23,53
864,2009,5.0,2009-10-11 17:00:00+00:00,4,8,30,3,6,9
865,2009,5.0,2009-10-11 17:00:00+00:00,11,28,3,20,28,48
866,2009,5.0,2009-10-11 17:00:00+00:00,16,9,5,20,26,46
867,2009,5.0,2009-10-11 17:00:00+00:00,32,21,6,10,38,48
868,2009,5.0,2009-10-11 17:00:00+00:00,24,26,14,44,7,51
869,2009,5.0,2009-10-11 17:00:00+00:00,27,33,23,33,14,47
870,2009,5.0,2009-10-11 17:00:00+00:00,5,37,9,20,17,37
871,2009,5.0,2009-10-11 17:00:00+00:00,3,7,24,14,17,31
872,2009,5.0,2009-10-11 20:05:00+00:00,30,2,34,10,45,55
873,2009,5.0,2009-10-11 20:15:00+00:00,10,22,32,20,17,37
874,2009,5.0,2009-10-11 20:15:00+00:00,1,13,12,28,21,49
875,2009,5.0,2009-10-11 20:15:00+00:00,31,15,26,41,0,41
876,2009,5.0,2009-10-12 00:20:00+00:00,34,14,4,9,31,40
877,2009,5.0,2009-10-13 00:30:00+00:00,20,25,33,31,27,58
878,2009,6.0,2009-10-18 17:00:00+00:00,7,13,19,17,28,45
879,2009,6.0,2009-10-18 17:00:00+00:00,12,11,11,26,0,26
880,2009,6.0,2009-10-18 17:00:00+00:00,21,3,37,33,31,64
881,2009,6.0,2009-10-18 17:00:00+00:00,23,24,31,48,27,75
882,2009,6.0,2009-10-18 17:00:00+00:00,28,8,1,27,14,41
883,2009,6.0,2009-10-18 17:00:00+00:00,33,5,8,21,28,49
884,2009,6.0,2009-10-18 17:00:00+00:00,37,16,15,6,14,20
885,2009,6.0,2009-10-18 17:00:00+00:00,15,32,13,23,20,43
886,2009,6.0,2009-10-18 20:05:00+00:00,26,27,16,13,9,22
887,2009,6.0,2009-10-18 20:05:00+00:00,31,1,26,3,27,30
888,2009,6.0,2009-10-18 20:15:00+00:00,22,34,7,59,0,59
889,2009,6.0,2009-10-18 20:15:00+00:00,25,4,14,13,16,29
890,2009,6.0,2009-10-19 00:20:00+00:00,2,6,17,21,14,35
891,2009,6.0,2009-10-20 00:30:00+00:00,29,10,28,23,34,57
892,2009,7.0,2009-10-25 17:00:00+00:00,8,12,2,3,31,34
893,2009,7.0,2009-10-25 17:00:00+00:00,16,29,5,7,37,44
894,2009,7.0,2009-10-25 17:00:00+00:00,32,14,6,6,42,48
895,2009,7.0,2009-10-25 17:00:00+00:00,28,21,1,27,17,44
896,2009,7.0,2009-10-25 17:00:00+00:00,33,22,35,7,35,42
897,2009,7.0,2009-10-25 17:00:00+00:00,13,30,10,24,21,45
898,2009,7.0,2009-10-25 20:05:00+00:00,26,25,16,0,38,38
899,2009,7.0,2009-10-25 20:05:00+00:00,5,4,9,9,20,29
900,2009,7.0,2009-10-25 20:15:00+00:00,7,6,19,45,10,55
901,2009,7.0,2009-10-25 20:15:00+00:00,9,2,39,37,21,58
902,2009,7.0,2009-10-25 20:15:00+00:00,20,23,33,34,46,80
903,2009,7.0,2009-10-26 00:20:00+00:00,24,1,14,17,24,41
904,2009,7.0,2009-10-27 00:30:00+00:00,37,27,15,17,27,44
905,2009,8.0,2009-11-01 18:00:00+00:00,4,13,30,10,31,41
906,2009,8.0,2009-11-01 18:00:00+00:00,6,8,18,30,6,36
907,2009,8.0,2009-11-01 18:00:00+00:00,9,31,39,38,17,55
908,2009,8.0,2009-11-01 18:00:00+00:00,11,32,3,10,17,27
909,2009,8.0,2009-11-01 18:00:00+00:00,14,30,36,18,14,32
910,2009,8.0,2009-11-01 18:00:00+00:00,25,20,14,25,30,55
911,2009,8.0,2009-11-01 18:00:00+00:00,27,24,23,40,17,57
912,2009,8.0,2009-11-01 18:00:00+00:00,3,10,24,30,7,37
913,2009,8.0,2009-11-01 21:05:00+00:00,34,15,4,30,13,43
914,2009,8.0,2009-11-01 21:05:00+00:00,29,26,28,24,16,40
915,2009,8.0,2009-11-01 21:15:00+00:00,12,21,11,26,38,64
916,2009,8.0,2009-11-01 21:15:00+00:00,1,5,12,21,34,55
917,2009,8.0,2009-11-03 01:30:00+00:00,23,2,31,35,27,62
918,2009,9.0,2009-11-08 18:00:00+00:00,2,37,17,31,17,48
919,2009,9.0,2009-11-08 18:00:00+00:00,6,1,18,21,41,62
920,2009,9.0,2009-11-08 18:00:00+00:00,7,3,19,17,7,24
921,2009,9.0,2009-11-08 18:00:00+00:00,14,13,36,20,17,37
922,2009,9.0,2009-11-08 18:00:00+00:00,22,20,7,27,17,44
923,2009,9.0,2009-11-08 18:00:00+00:00,33,12,8,38,28,66
924,2009,9.0,2009-11-08 18:00:00+00:00,15,16,13,24,21,45
925,2009,9.0,2009-11-08 21:05:00+00:00,23,5,31,30,20,50
926,2009,9.0,2009-11-08 21:05:00+00:00,31,11,26,32,20,52
927,2009,9.0,2009-11-08 21:15:00+00:00,24,29,14,20,21,41
928,2009,9.0,2009-11-08 21:15:00+00:00,30,34,34,27,34,61
929,2009,9.0,2009-11-09 01:20:00+00:00,27,9,23,16,20,36
930,2009,9.0,2009-11-10 01:30:00+00:00,10,28,32,10,28,38
931,2009,10.0,2009-11-13 01:20:00+00:00,30,6,34,10,6,16
932,2009,10.0,2009-11-15 18:00:00+00:00,34,4,4,41,17,58
933,2009,10.0,2009-11-15 18:00:00+00:00,32,23,6,23,28,51
934,2009,10.0,2009-11-15 18:00:00+00:00,20,33,33,25,23,48
935,2009,10.0,2009-11-15 18:00:00+00:00,21,11,37,27,10,37
936,2009,10.0,2009-11-15 18:00:00+00:00,25,15,14,22,24,46
937,2009,10.0,2009-11-15 18:00:00+00:00,28,7,1,12,18,30
938,2009,10.0,2009-11-15 18:00:00+00:00,37,10,15,27,17,44
939,2009,10.0,2009-11-15 18:00:00+00:00,5,2,9,28,19,47
940,2009,10.0,2009-11-15 21:05:00+00:00,26,16,16,10,16,26
941,2009,10.0,2009-11-15 21:15:00+00:00,12,9,11,17,7,24
942,2009,10.0,2009-11-15 21:15:00+00:00,1,31,12,31,20,51
943,2009,10.0,2009-11-15 21:15:00+00:00,29,27,28,31,23,54
944,2009,10.0,2009-11-16 01:20:00+00:00,14,22,36,35,34,69
945,2009,10.0,2009-11-17 01:30:00+00:00,8,3,2,0,16,16
946,2009,11.0,2009-11-20 01:20:00+00:00,5,20,9,17,24,41
947,2009,11.0,2009-11-22 18:00:00+00:00,9,37,39,7,6,13
948,2009,11.0,2009-11-22 18:00:00+00:00,11,8,3,38,37,75
949,2009,11.0,2009-11-22 18:00:00+00:00,12,30,11,30,24,54
950,2009,11.0,2009-11-22 18:00:00+00:00,16,28,5,27,24,51
951,2009,11.0,2009-11-22 18:00:00+00:00,21,31,37,35,9,44
952,2009,11.0,2009-11-22 18:00:00+00:00,24,2,14,34,31,65
953,2009,11.0,2009-11-22 18:00:00+00:00,33,23,8,7,38,45
954,2009,11.0,2009-11-22 18:00:00+00:00,15,4,13,18,15,33
955,2009,11.0,2009-11-22 18:00:00+00:00,3,14,24,15,17,32
956,2009,11.0,2009-11-22 21:05:00+00:00,32,1,6,13,21,34
957,2009,11.0,2009-11-22 21:15:00+00:00,10,29,32,3,32,35
958,2009,11.0,2009-11-22 21:15:00+00:00,26,7,16,20,17,37
959,2009,11.0,2009-11-22 21:15:00+00:00,22,25,7,31,14,45
960,2009,11.0,2009-11-23 01:20:00+00:00,6,27,18,20,24,44
961,2009,11.0,2009-11-24 01:30:00+00:00,13,34,10,17,20,37
962,2009,12.0,2009-11-26 17:30:00+00:00,11,12,3,12,34,46
963,2009,12.0,2009-11-26 21:15:00+00:00,9,26,39,24,7,31
964,2009,12.0,2009-11-27 01:20:00+00:00,10,24,32,26,6,32
965,2009,12.0,2009-11-29 18:00:00+00:00,2,33,17,20,17,37
966,2009,12.0,2009-11-29 18:00:00+00:00,4,20,30,31,14,45
967,2009,12.0,2009-11-29 18:00:00+00:00,7,8,19,16,7,23
968,2009,12.0,2009-11-29 18:00:00+00:00,32,31,6,17,27,44
969,2009,12.0,2009-11-29 18:00:00+00:00,25,5,14,17,6,23
970,2009,12.0,2009-11-29 18:00:00+00:00,27,37,23,27,24,51
971,2009,12.0,2009-11-29 18:00:00+00:00,13,14,10,27,35,62
972,2009,12.0,2009-11-29 21:05:00+00:00,29,16,28,43,14,57
973,2009,12.0,2009-11-29 21:05:00+00:00,30,15,34,20,3,23
974,2009,12.0,2009-11-29 21:15:00+00:00,34,1,4,20,17,37
975,2009,12.0,2009-11-29 21:15:00+00:00,21,6,37,36,10,46
976,2009,12.0,2009-11-30 01:20:00+00:00,3,28,24,20,17,37
977,2009,12.0,2009-12-01 01:30:00+00:00,23,22,31,38,17,55
978,2009,13.0,2009-12-04 01:20:00+00:00,4,25,38,13,19,32
979,2009,13.0,2009-12-06 18:00:00+00:00,2,27,17,7,34,41
980,2009,13.0,2009-12-06 18:00:00+00:00,6,32,18,17,9,26
981,2009,13.0,2009-12-06 18:00:00+00:00,7,11,19,23,13,36
982,2009,13.0,2009-12-06 18:00:00+00:00,14,34,36,27,17,44
983,2009,13.0,2009-12-06 18:00:00+00:00,16,10,5,13,44,57
984,2009,13.0,2009-12-06 18:00:00+00:00,20,22,33,22,21,43
985,2009,13.0,2009-12-06 18:00:00+00:00,28,26,1,24,27,51
986,2009,13.0,2009-12-06 18:00:00+00:00,37,23,15,30,33,63
987,2009,13.0,2009-12-06 18:00:00+00:00,5,33,9,16,6,22
988,2009,13.0,2009-12-06 18:00:00+00:00,15,13,13,23,18,41
989,2009,13.0,2009-12-06 21:05:00+00:00,8,29,2,23,30,53
990,2009,13.0,2009-12-06 21:15:00+00:00,24,9,14,31,24,55
991,2009,13.0,2009-12-06 21:15:00+00:00,31,30,26,20,17,37
992,2009,13.0,2009-12-07 01:20:00+00:00,1,21,12,30,17,47
993,2009,13.0,2009-12-08 01:30:00+00:00,12,3,11,27,14,41
994,2009,14.0,2009-12-11 01:20:00+00:00,8,28,2,13,6,19
995,2009,14.0,2009-12-13 18:00:00+00:00,2,23,17,23,26,49
996,2009,14.0,2009-12-13 18:00:00+00:00,6,12,18,14,21,35
997,2009,14.0,2009-12-13 18:00:00+00:00,14,10,36,28,16,44
998,2009,14.0,2009-12-13 18:00:00+00:00,16,4,5,10,16,26
999,2009,14.0,2009-12-13 18:00:00+00:00,21,7,37,30,10,40
1000,2009,14.0,2009-12-13 18:00:00+00:00,22,5,7,20,10,30
1001,2009,14.0,2009-12-13 18:00:00+00:00,33,25,8,3,26,29
1002,2009,14.0,2009-12-13 18:00:00+00:00,15,20,13,10,14,24
1003,2009,14.0,2009-12-13 18:00:00+00:00,3,11,24,48,3,51
1004,2009,14.0,2009-12-13 18:00:00+00:00,13,31,10,34,7,41
1005,2009,14.0,2009-12-13 21:05:00+00:00,34,32,4,47,7,54
1006,2009,14.0,2009-12-13 21:05:00+00:00,26,37,16,13,34,47
1007,2009,14.0,2009-12-13 21:15:00+00:00,9,29,39,17,20,37
1008,2009,14.0,2009-12-14 01:20:00+00:00,24,27,14,38,45,83
1009,2009,14.0,2009-12-15 01:30:00+00:00,30,1,34,24,9,33
1010,2009,15.0,2009-12-18 01:20:00+00:00,15,14,13,31,35,66
1011,2009,15.0,2009-12-20 01:20:00+00:00,23,9,31,17,24,41
1012,2009,15.0,2009-12-20 18:00:00+00:00,4,22,30,10,17,27
1013,2009,15.0,2009-12-20 18:00:00+00:00,11,1,3,24,31,55
1014,2009,15.0,2009-12-20 18:00:00+00:00,34,20,4,27,24,51
1015,2009,15.0,2009-12-20 18:00:00+00:00,16,8,5,34,41,75
1016,2009,15.0,2009-12-20 18:00:00+00:00,32,13,6,13,16,29
1017,2009,15.0,2009-12-20 18:00:00+00:00,25,2,14,7,10,17
1018,2009,15.0,2009-12-20 21:05:00+00:00,10,26,32,19,20,39
1019,2009,15.0,2009-12-20 21:05:00+00:00,29,7,28,27,24,51
1020,2009,15.0,2009-12-20 21:15:00+00:00,27,30,23,27,13,40
1021,2009,15.0,2009-12-20 21:15:00+00:00,28,12,1,37,36,73
1022,2009,15.0,2009-12-20 21:15:00+00:00,31,33,26,7,24,31
1023,2009,15.0,2009-12-20 21:15:00+00:00,3,6,24,31,7,38
1024,2009,15.0,2009-12-21 01:20:00+00:00,5,21,9,26,7,33
1025,2009,15.0,2009-12-22 01:30:00+00:00,37,24,15,12,45,57
1026,2009,16.0,2009-12-26 00:30:00+00:00,34,29,4,17,42,59
1027,2009,16.0,2009-12-27 18:00:00+00:00,2,4,17,31,3,34
1028,2009,16.0,2009-12-27 18:00:00+00:00,7,16,19,17,10,27
1029,2009,16.0,2009-12-27 18:00:00+00:00,8,26,2,23,9,32
1030,2009,16.0,2009-12-27 18:00:00+00:00,12,31,11,48,10,58
1031,2009,16.0,2009-12-27 18:00:00+00:00,20,13,33,20,27,47
1032,2009,16.0,2009-12-27 18:00:00+00:00,22,15,7,35,7,42
1033,2009,16.0,2009-12-27 18:00:00+00:00,23,33,31,17,20,37
1034,2009,16.0,2009-12-27 18:00:00+00:00,24,5,14,9,41,50
1035,2009,16.0,2009-12-27 18:00:00+00:00,28,3,1,23,20,43
1036,2009,16.0,2009-12-27 21:05:00+00:00,1,32,12,31,10,41
1037,2009,16.0,2009-12-27 21:05:00+00:00,30,11,34,20,6,26
1038,2009,16.0,2009-12-27 21:15:00+00:00,14,25,36,15,29,44
1039,2009,16.0,2009-12-27 21:15:00+00:00,27,10,23,30,27,57
1040,2009,16.0,2009-12-28 01:20:00+00:00,37,9,15,0,17,17
1041,2009,16.0,2009-12-29 01:30:00+00:00,6,21,18,36,30,66
1042,2009,17.0,2010-01-03 18:00:00+00:00,4,14,30,30,7,37
1043,2009,17.0,2010-01-03 18:00:00+00:00,8,15,2,23,17,40
1044,2009,17.0,2010-01-03 18:00:00+00:00,11,6,3,23,37,60
1045,2009,17.0,2010-01-03 18:00:00+00:00,32,30,6,6,28,34
1046,2009,17.0,2010-01-03 18:00:00+00:00,20,28,33,24,30,54
1047,2009,17.0,2010-01-03 18:00:00+00:00,21,24,37,44,7,51
1048,2009,17.0,2010-01-03 18:00:00+00:00,33,2,8,10,20,30
1049,2009,17.0,2010-01-03 18:00:00+00:00,5,23,9,23,10,33
1050,2009,17.0,2010-01-03 18:00:00+00:00,13,22,10,34,27,61
1051,2009,17.0,2010-01-03 21:15:00+00:00,9,27,39,24,0,24
1052,2009,17.0,2010-01-03 21:15:00+00:00,10,16,32,24,44,68
1053,2009,17.0,2010-01-03 21:15:00+00:00,26,3,16,13,21,34
1054,2009,17.0,2010-01-03 21:15:00+00:00,1,12,12,7,33,40
1055,2009,17.0,2010-01-03 21:15:00+00:00,29,37,28,23,20,43
1056,2009,17.0,2010-01-03 21:15:00+00:00,31,34,26,13,17,30
1057,2009,17.0,2010-01-04 01:20:00+00:00,25,7,14,37,0,37
1058,2009,1.0,2010-01-09 21:30:00+00:00,7,25,19,14,24,38
1059,2009,1.0,2010-01-10 01:00:00+00:00,9,27,39,34,14,48
1060,2009,1.0,2010-01-10 18:00:00+00:00,22,3,7,14,33,47
1061,2009,1.0,2010-01-10 21:40:00+00:00,1,12,12,51,45,96
1062,2009,2.0,2010-01-16 21:30:00+00:00,23,1,31,45,14,59
1063,2009,2.0,2010-01-17 01:15:00+00:00,14,3,36,20,3,23
1064,2009,2.0,2010-01-17 18:00:00+00:00,21,9,37,34,3,37
1065,2009,2.0,2010-01-17 21:40:00+00:00,29,25,28,14,17,31
1066,2009,3.0,2010-01-24 20:00:00+00:00,14,25,36,30,17,47
1067,2009,3.0,2010-01-24 23:40:00+00:00,23,21,31,31,28,59
1068,2009,5.0,2010-02-07 23:25:00+00:00,14,23,33,17,31,48
1069,2010,1.0,2010-09-10 00:30:00+00:00,23,21,31,14,9,23
1070,2010,1.0,2010-09-12 17:00:00+00:00,4,20,30,10,15,25
1071,2010,1.0,2010-09-12 17:00:00+00:00,6,11,18,19,14,33
1072,2010,1.0,2010-09-12 17:00:00+00:00,34,26,4,38,13,51
1073,2010,1.0,2010-09-12 17:00:00+00:00,22,7,7,38,24,62
1074,2010,1.0,2010-09-12 17:00:00+00:00,24,5,40,31,18,49
1075,2010,1.0,2010-09-12 17:00:00+00:00,28,2,1,15,9,24
1076,2010,1.0,2010-09-12 17:00:00+00:00,33,8,8,17,14,31
1077,2010,1.0,2010-09-12 17:00:00+00:00,15,10,13,24,17,41
1078,2010,1.0,2010-09-12 17:00:00+00:00,13,14,10,34,24,58
1079,2010,1.0,2010-09-12 20:15:00+00:00,32,1,6,13,17,30
1080,2010,1.0,2010-09-12 20:15:00+00:00,27,12,23,20,27,47
1081,2010,1.0,2010-09-12 20:15:00+00:00,31,30,26,31,6,37
1082,2010,1.0,2010-09-13 00:20:00+00:00,37,9,15,13,7,20
1083,2010,1.0,2010-09-13 23:25:00+00:00,25,3,40,9,10,19
1084,2010,1.0,2010-09-14 02:15:00+00:00,16,29,5,21,14,35
1085,2010,2.0,2010-09-19 17:00:00+00:00,2,1,17,41,7,48
1086,2010,2.0,2010-09-19 17:00:00+00:00,7,3,19,15,10,25
1087,2010,2.0,2010-09-19 17:00:00+00:00,8,16,2,14,16,30
1088,2010,2.0,2010-09-19 17:00:00+00:00,9,6,39,20,27,47
1089,2010,2.0,2010-09-19 17:00:00+00:00,11,27,3,32,35,67
1090,2010,2.0,2010-09-19 17:00:00+00:00,12,4,11,34,7,41
1091,2010,2.0,2010-09-19 17:00:00+00:00,34,28,4,11,19,30
1092,2010,2.0,2010-09-19 17:00:00+00:00,21,20,37,10,14,24
1093,2010,2.0,2010-09-19 17:00:00+00:00,5,33,9,7,20,27
1094,2010,2.0,2010-09-19 20:05:00+00:00,10,31,32,31,14,45
1095,2010,2.0,2010-09-19 20:05:00+00:00,26,32,16,16,14,30
1096,2010,2.0,2010-09-19 20:15:00+00:00,25,22,40,28,14,42
1097,2010,2.0,2010-09-19 20:15:00+00:00,29,15,28,38,13,51
1098,2010,2.0,2010-09-19 20:15:00+00:00,37,13,15,27,30,57
1099,2010,2.0,2010-09-20 00:20:00+00:00,14,24,36,38,14,52
1100,2010,2.0,2010-09-21 00:30:00+00:00,30,23,34,22,25,47
1101,2010,3.0,2010-09-26 17:00:00+00:00,16,30,5,31,10,41
1102,2010,3.0,2010-09-26 17:00:00+00:00,21,11,37,24,10,34
1103,2010,3.0,2010-09-26 17:00:00+00:00,22,4,7,38,30,68
1104,2010,3.0,2010-09-26 17:00:00+00:00,23,2,31,24,27,51
1105,2010,3.0,2010-09-26 17:00:00+00:00,24,34,40,10,29,39
1106,2010,3.0,2010-09-26 17:00:00+00:00,33,28,8,13,38,51
1107,2010,3.0,2010-09-26 17:00:00+00:00,5,7,9,7,20,27
1108,2010,3.0,2010-09-26 17:00:00+00:00,3,8,24,24,17,41
1109,2010,3.0,2010-09-26 17:00:00+00:00,13,9,10,13,27,40
1110,2010,3.0,2010-09-26 20:05:00+00:00,32,37,6,30,16,46
1111,2010,3.0,2010-09-26 20:05:00+00:00,15,27,13,3,28,31
1112,2010,3.0,2010-09-26 20:15:00+00:00,10,14,32,13,27,40
1113,2010,3.0,2010-09-26 20:15:00+00:00,1,26,12,24,23,47
1114,2010,3.0,2010-09-26 20:15:00+00:00,31,29,26,27,20,47
1115,2010,3.0,2010-09-27 00:20:00+00:00,20,25,33,23,31,54
1116,2010,3.0,2010-09-28 00:30:00+00:00,6,12,18,20,17,37
1117,2010,4.0,2010-10-03 17:00:00+00:00,2,30,17,16,14,30
1118,2010,4.0,2010-10-03 17:00:00+00:00,4,25,30,14,38,52
1119,2010,4.0,2010-10-03 17:00:00+00:00,8,7,2,23,20,43
1120,2010,4.0,2010-10-03 17:00:00+00:00,12,11,11,28,26,54
1121,2010,4.0,2010-10-03 17:00:00+00:00,34,10,4,20,26,46
1122,2010,4.0,2010-10-03 17:00:00+00:00,32,31,6,20,3,23
1123,2010,4.0,2010-10-03 17:00:00+00:00,23,5,31,16,14,30
1124,2010,4.0,2010-10-03 17:00:00+00:00,28,3,1,14,17,31
1125,2010,4.0,2010-10-03 20:05:00+00:00,26,13,16,24,31,55
1126,2010,4.0,2010-10-03 20:05:00+00:00,15,14,13,31,28,59
1127,2010,4.0,2010-10-03 20:15:00+00:00,27,37,23,12,17,29
1128,2010,4.0,2010-10-03 20:15:00+00:00,29,1,28,41,10,51
1129,2010,4.0,2010-10-04 00:20:00+00:00,24,6,40,17,3,20
1130,2010,4.0,2010-10-05 00:30:00+00:00,20,22,33,14,41,55
1131,2010,5.0,2010-10-10 17:00:00+00:00,4,15,30,26,36,62
1132,2010,5.0,2010-10-10 17:00:00+00:00,7,33,19,21,24,45
1133,2010,5.0,2010-10-10 17:00:00+00:00,8,2,2,10,20,30
1134,2010,5.0,2010-10-10 17:00:00+00:00,11,32,3,44,6,50
1135,2010,5.0,2010-10-10 17:00:00+00:00,14,16,36,19,9,28
1136,2010,5.0,2010-10-10 17:00:00+00:00,37,12,15,16,13,29
1137,2010,5.0,2010-10-10 17:00:00+00:00,5,6,9,6,23,29
1138,2010,5.0,2010-10-10 17:00:00+00:00,3,10,24,31,17,48
1139,2010,5.0,2010-10-10 17:00:00+00:00,13,24,10,10,34,44
1140,2010,5.0,2010-10-10 20:05:00+00:00,1,23,12,30,20,50
1141,2010,5.0,2010-10-10 20:15:00+00:00,9,34,39,27,34,61
1142,2010,5.0,2010-10-10 20:15:00+00:00,26,29,16,35,27,62
1143,2010,5.0,2010-10-11 00:20:00+00:00,30,27,34,24,27,51
1144,2010,5.0,2010-10-12 01:15:00+00:00,25,21,40,29,20,49
1145,2010,6.0,2010-10-17 17:00:00+00:00,6,31,18,20,23,43
1146,2010,6.0,2010-10-17 17:00:00+00:00,12,20,11,20,23,43
1147,2010,6.0,2010-10-17 17:00:00+00:00,32,29,6,20,17,37
1148,2010,6.0,2010-10-17 17:00:00+00:00,22,3,7,23,20,43
1149,2010,6.0,2010-10-17 17:00:00+00:00,24,11,40,28,20,48
1150,2010,6.0,2010-10-17 17:00:00+00:00,27,2,23,31,17,48
1151,2010,6.0,2010-10-17 17:00:00+00:00,28,8,1,28,10,38
1152,2010,6.0,2010-10-17 17:00:00+00:00,33,23,8,6,31,37
1153,2010,6.0,2010-10-17 17:00:00+00:00,13,16,10,35,31,66
1154,2010,6.0,2010-10-17 20:05:00+00:00,10,25,32,20,24,44
1155,2010,6.0,2010-10-17 20:05:00+00:00,30,26,34,17,9,26
1156,2010,6.0,2010-10-17 20:15:00+00:00,21,9,37,24,21,45
1157,2010,6.0,2010-10-18 00:20:00+00:00,37,14,15,24,27,51
1158,2010,6.0,2010-10-19 00:30:00+00:00,15,34,13,3,30,33
1159,2010,7.0,2010-10-24 17:00:00+00:00,2,7,17,39,32,71
1160,2010,7.0,2010-10-24 17:00:00+00:00,6,37,18,14,17,31
1161,2010,7.0,2010-10-24 17:00:00+00:00,34,27,4,37,19,56
1162,2010,7.0,2010-10-24 17:00:00+00:00,16,15,5,42,20,62
1163,2010,7.0,2010-10-24 17:00:00+00:00,20,28,33,22,23,45
1164,2010,7.0,2010-10-24 17:00:00+00:00,23,8,31,17,30,47
1165,2010,7.0,2010-10-24 17:00:00+00:00,33,32,8,18,17,35
1166,2010,7.0,2010-10-24 17:00:00+00:00,5,30,9,23,20,43
1167,2010,7.0,2010-10-24 17:00:00+00:00,3,4,24,37,34,71
1168,2010,7.0,2010-10-24 20:05:00+00:00,31,1,26,22,10,32
1169,2010,7.0,2010-10-24 20:15:00+00:00,10,26,32,14,59,73
1170,2010,7.0,2010-10-24 20:15:00+00:00,29,22,28,20,23,43
1171,2010,7.0,2010-10-25 00:20:00+00:00,12,21,11,28,24,52
1172,2010,7.0,2010-10-26 00:30:00+00:00,9,24,39,35,41,76
1173,2010,8.0,2010-10-31 17:00:00+00:00,7,20,19,14,22,36
1174,2010,8.0,2010-10-31 17:00:00+00:00,9,15,39,17,35,52
1175,2010,8.0,2010-10-31 17:00:00+00:00,11,37,3,37,25,62
1176,2010,8.0,2010-10-31 17:00:00+00:00,16,4,5,13,10,23
1177,2010,8.0,2010-10-31 17:00:00+00:00,32,5,6,20,10,30
1178,2010,8.0,2010-10-31 17:00:00+00:00,25,12,40,0,9,9
1179,2010,8.0,2010-10-31 17:00:00+00:00,30,10,35,24,16,40
1180,2010,8.0,2010-10-31 20:05:00+00:00,29,34,28,33,25,58
1181,2010,8.0,2010-10-31 20:15:00+00:00,26,31,16,33,3,36
1182,2010,8.0,2010-10-31 20:15:00+00:00,22,21,7,28,18,46
1183,2010,8.0,2010-10-31 20:15:00+00:00,1,33,12,35,38,73
1184,2010,8.0,2010-11-01 00:20:00+00:00,23,28,31,20,10,30
1185,2010,8.0,2010-11-02 00:30:00+00:00,14,13,36,30,17,47
1186,2010,9.0,2010-11-07 18:00:00+00:00,2,33,17,27,21,48
1187,2010,9.0,2010-11-07 18:00:00+00:00,4,6,38,19,22,41
1188,2010,9.0,2010-11-07 18:00:00+00:00,8,22,2,34,14,48
1189,2010,9.0,2010-11-07 18:00:00+00:00,11,25,3,20,23,43
1190,2010,9.0,2010-11-07 18:00:00+00:00,21,1,37,27,24,51
1191,2010,9.0,2010-11-07 18:00:00+00:00,5,23,9,3,34,37
1192,2010,9.0,2010-11-07 18:00:00+00:00,3,20,24,26,10,36
1193,2010,9.0,2010-11-07 18:00:00+00:00,13,29,10,23,29,52
1194,2010,9.0,2010-11-07 21:05:00+00:00,31,24,26,7,41,48
1195,2010,9.0,2010-11-07 21:15:00+00:00,26,16,16,23,20,43
1196,2010,9.0,2010-11-07 21:15:00+00:00,27,14,23,26,24,50
1197,2010,9.0,2010-11-08 01:20:00+00:00,12,9,11,45,7,52
1198,2010,9.0,2010-11-09 01:30:00+00:00,7,28,19,21,27,48
1199,2010,10.0,2010-11-12 01:20:00+00:00,2,3,17,26,21,47
1200,2010,10.0,2010-11-14 18:00:00+00:00,4,11,30,14,12,26
1201,2010,10.0,2010-11-14 18:00:00+00:00,6,21,18,27,13,40
1202,2010,10.0,2010-11-14 18:00:00+00:00,8,25,2,20,26,46
1203,2010,10.0,2010-11-14 18:00:00+00:00,14,7,36,23,17,40
1204,2010,10.0,2010-11-14 18:00:00+00:00,20,34,33,29,17,46
1205,2010,10.0,2010-11-14 18:00:00+00:00,33,5,8,31,16,47
1206,2010,10.0,2010-11-14 18:00:00+00:00,15,13,13,31,24,55
1207,2010,10.0,2010-11-14 21:05:00+00:00,10,16,32,49,29,78
1208,2010,10.0,2010-11-14 21:15:00+00:00,24,9,40,20,33,53
1209,2010,10.0,2010-11-14 21:15:00+00:00,1,31,12,18,36,54
1210,2010,10.0,2010-11-14 21:15:00+00:00,30,32,34,23,20,43
1211,2010,10.0,2010-11-15 01:20:00+00:00,28,22,1,26,39,65
1212,2010,10.0,2010-11-16 01:30:00+00:00,37,27,15,28,59,87
1213,2010,11.0,2010-11-19 01:20:00+00:00,20,6,33,0,16,16
1214,2010,11.0,2010-11-21 18:00:00+00:00,7,4,19,31,49,80
1215,2010,11.0,2010-11-21 18:00:00+00:00,9,11,39,35,19,54
1216,2010,11.0,2010-11-21 18:00:00+00:00,34,37,4,16,19,35
1217,2010,11.0,2010-11-21 18:00:00+00:00,16,1,5,31,13,44
1218,2010,11.0,2010-11-21 18:00:00+00:00,21,12,37,3,31,34
1219,2010,11.0,2010-11-21 18:00:00+00:00,25,13,40,30,27,57
1220,2010,11.0,2010-11-21 18:00:00+00:00,28,26,1,35,3,38
1221,2010,11.0,2010-11-21 18:00:00+00:00,5,3,9,13,37,50
1222,2010,11.0,2010-11-21 18:00:00+00:00,15,8,13,24,20,44
1223,2010,11.0,2010-11-21 21:05:00+00:00,32,2,6,17,34,51
1224,2010,11.0,2010-11-21 21:05:00+00:00,23,31,31,34,19,53
1225,2010,11.0,2010-11-21 21:05:00+00:00,30,33,34,0,21,21
1226,2010,11.0,2010-11-21 21:15:00+00:00,22,14,7,31,28,59
1227,2010,11.0,2010-11-22 01:20:00+00:00,27,24,23,27,17,44
1228,2010,11.0,2010-11-23 01:30:00+00:00,29,10,28,35,14,49
1229,2010,12.0,2010-11-25 17:30:00+00:00,11,22,3,24,45,69
1230,2010,12.0,2010-11-25 21:15:00+00:00,9,23,39,27,30,57
1231,2010,12.0,2010-11-26 01:20:00+00:00,25,7,40,26,10,36
1232,2010,12.0,2010-11-28 18:00:00+00:00,2,12,17,20,17,37
1233,2010,12.0,2010-11-28 18:00:00+00:00,4,28,30,16,19,35
1234,2010,12.0,2010-11-28 18:00:00+00:00,8,5,2,24,23,47
1235,2010,12.0,2010-11-28 18:00:00+00:00,24,15,40,24,20,44
1236,2010,12.0,2010-11-28 18:00:00+00:00,37,21,15,13,17,30
1237,2010,12.0,2010-11-28 18:00:00+00:00,13,34,10,20,0,20
1238,2010,12.0,2010-11-28 21:05:00+00:00,26,20,16,17,33,50
1239,2010,12.0,2010-11-28 21:05:00+00:00,31,16,26,24,42,66
1240,2010,12.0,2010-11-28 21:15:00+00:00,6,27,18,31,26,57
1241,2010,12.0,2010-11-28 21:15:00+00:00,10,32,32,33,36,69
1242,2010,12.0,2010-11-28 21:15:00+00:00,3,33,24,17,10,27
1243,2010,12.0,2010-11-29 01:20:00+00:00,14,29,36,14,36,50
1244,2010,12.0,2010-11-30 01:30:00+00:00,1,30,12,6,27,33
1245,2010,13.0,2010-12-03 01:20:00+00:00,27,13,23,34,24,58
1246,2010,13.0,2010-12-05 18:00:00+00:00,7,23,19,30,34,64
1247,2010,13.0,2010-12-05 18:00:00+00:00,11,6,3,20,24,44
1248,2010,13.0,2010-12-05 18:00:00+00:00,12,30,11,34,16,50
1249,2010,13.0,2010-12-05 18:00:00+00:00,34,15,4,6,17,23
1250,2010,13.0,2010-12-05 18:00:00+00:00,16,10,5,10,6,16
1251,2010,13.0,2010-12-05 18:00:00+00:00,20,8,33,10,13,23
1252,2010,13.0,2010-12-05 18:00:00+00:00,21,4,37,38,14,52
1253,2010,13.0,2010-12-05 18:00:00+00:00,24,37,40,31,7,38
1254,2010,13.0,2010-12-05 21:05:00+00:00,29,26,28,13,28,41
1255,2010,13.0,2010-12-05 21:15:00+00:00,14,9,36,35,38,73
1256,2010,13.0,2010-12-05 21:15:00+00:00,1,32,12,6,19,25
1257,2010,13.0,2010-12-05 21:15:00+00:00,31,5,26,31,14,45
1258,2010,13.0,2010-12-05 21:15:00+00:00,33,2,8,24,28,52
1259,2010,13.0,2010-12-06 01:20:00+00:00,3,28,24,10,13,23
1260,2010,13.0,2010-12-07 01:30:00+00:00,22,25,7,45,3,48
1261,2010,14.0,2010-12-10 01:20:00+00:00,34,14,4,28,30,58
1262,2010,14.0,2010-12-12 18:00:00+00:00,4,8,30,13,6,19
1263,2010,14.0,2010-12-12 18:00:00+00:00,11,12,3,7,3,10
1264,2010,14.0,2010-12-12 18:00:00+00:00,28,7,1,23,7,30
1265,2010,14.0,2010-12-12 18:00:00+00:00,37,33,15,16,17,33
1266,2010,14.0,2010-12-12 18:00:00+00:00,5,2,9,10,31,41
1267,2010,14.0,2010-12-12 18:00:00+00:00,15,26,13,38,31,69
1268,2010,14.0,2010-12-12 21:05:00+00:00,23,32,31,31,13,44
1269,2010,14.0,2010-12-12 21:05:00+00:00,30,31,34,40,21,61
1270,2010,14.0,2010-12-12 21:15:00+00:00,6,22,18,7,36,43
1271,2010,14.0,2010-12-12 21:15:00+00:00,25,20,40,6,10,16
1272,2010,14.0,2010-12-12 21:15:00+00:00,1,10,12,43,13,56
1273,2010,14.0,2010-12-12 21:15:00+00:00,29,16,28,31,0,31
1274,2010,14.0,2010-12-13 01:20:00+00:00,9,27,39,27,30,57
1275,2010,14.0,2010-12-14 00:20:00+00:00,21,24,3,3,21,24
1276,2010,14.0,2010-12-14 01:30:00+00:00,13,3,10,28,34,62
1277,2010,15.0,2010-12-17 01:20:00+00:00,29,30,28,34,7,41
1278,2010,15.0,2010-12-19 18:00:00+00:00,7,8,19,19,17,36
1279,2010,15.0,2010-12-19 18:00:00+00:00,9,37,39,33,30,63
1280,2010,15.0,2010-12-19 18:00:00+00:00,34,13,4,31,17,48
1281,2010,15.0,2010-12-19 18:00:00+00:00,14,15,36,34,24,58
1282,2010,15.0,2010-12-19 18:00:00+00:00,32,16,6,13,27,40
1283,2010,15.0,2010-12-19 18:00:00+00:00,20,4,33,14,17,31
1284,2010,15.0,2010-12-19 18:00:00+00:00,24,27,40,31,38,69
1285,2010,15.0,2010-12-19 18:00:00+00:00,33,11,8,20,23,43
1286,2010,15.0,2010-12-19 18:00:00+00:00,5,1,9,19,12,31
1287,2010,15.0,2010-12-19 18:00:00+00:00,3,23,24,30,24,54
1288,2010,15.0,2010-12-19 21:05:00+00:00,31,2,26,18,34,52
1289,2010,15.0,2010-12-19 21:15:00+00:00,26,10,16,39,23,62
1290,2010,15.0,2010-12-19 21:15:00+00:00,28,25,1,17,22,39
1291,2010,15.0,2010-12-20 01:20:00+00:00,22,12,7,31,27,58
1292,2010,15.0,2010-12-21 01:30:00+00:00,21,6,41,14,40,54
1293,2010,16.0,2010-12-24 01:20:00+00:00,28,5,1,27,3,30
1294,2010,16.0,2010-12-26 00:30:00+00:00,1,9,12,27,26,53
1295,2010,16.0,2010-12-26 18:00:00+00:00,4,22,30,3,34,37
1296,2010,16.0,2010-12-26 18:00:00+00:00,6,25,18,38,34,72
1297,2010,16.0,2010-12-26 18:00:00+00:00,8,3,2,10,20,30
1298,2010,16.0,2010-12-26 18:00:00+00:00,16,34,5,34,14,48
1299,2010,16.0,2010-12-26 18:00:00+00:00,32,30,6,25,17,42
1300,2010,16.0,2010-12-26 18:00:00+00:00,20,11,33,27,34,61
1301,2010,16.0,2010-12-26 18:00:00+00:00,15,37,13,17,20,37
1302,2010,16.0,2010-12-26 21:05:00+00:00,7,29,19,34,20,54
1303,2010,16.0,2010-12-26 21:05:00+00:00,10,13,32,24,23,47
1304,2010,16.0,2010-12-26 21:05:00+00:00,26,14,16,26,31,57
1305,2010,16.0,2010-12-26 21:15:00+00:00,12,24,11,45,17,62
1306,2010,16.0,2010-12-26 21:15:00+00:00,33,31,8,38,15,53
1307,2010,16.0,2010-12-28 01:30:00+00:00,2,23,17,14,17,31
1308,2010,16.0,2010-12-29 01:00:00+00:00,27,21,23,14,24,38
1309,2010,17.0,2011-01-02 18:00:00+00:00,2,5,17,31,10,41
1310,2010,17.0,2011-01-02 18:00:00+00:00,8,28,2,9,41,50
1311,2010,17.0,2011-01-02 18:00:00+00:00,11,21,3,20,13,33
1312,2010,17.0,2011-01-02 18:00:00+00:00,16,26,5,10,31,41
1313,2010,17.0,2011-01-02 18:00:00+00:00,22,20,7,38,7,45
1314,2010,17.0,2011-01-02 18:00:00+00:00,23,33,31,13,23,36
1315,2010,17.0,2011-01-02 18:00:00+00:00,25,4,40,38,7,45
1316,2010,17.0,2011-01-02 18:00:00+00:00,3,7,24,13,7,20
1317,2010,17.0,2011-01-02 21:15:00+00:00,10,29,32,28,33,61
1318,2010,17.0,2011-01-02 21:15:00+00:00,12,6,11,10,3,13
1319,2010,17.0,2011-01-02 21:15:00+00:00,14,34,36,23,20,43
1320,2010,17.0,2011-01-02 21:15:00+00:00,27,9,23,13,14,27
1321,2010,17.0,2011-01-02 21:15:00+00:00,30,1,34,38,7,45
1322,2010,17.0,2011-01-02 21:15:00+00:00,37,24,15,14,17,31
1323,2010,17.0,2011-01-02 21:15:00+00:00,13,15,10,34,17,51
1324,2010,17.0,2011-01-03 01:20:00+00:00,31,32,26,16,6,22
1325,2010,1.0,2011-01-08 21:30:00+00:00,31,23,26,41,36,77
1326,2010,1.0,2011-01-09 01:00:00+00:00,14,25,36,16,17,33
1327,2010,1.0,2011-01-09 18:00:00+00:00,16,3,5,7,30,37
1328,2010,1.0,2011-01-09 21:30:00+00:00,27,12,23,16,21,37
1329,2010,2.0,2011-01-15 21:30:00+00:00,28,3,1,31,24,55
1330,2010,2.0,2011-01-16 01:00:00+00:00,2,12,17,21,48,69
1331,2010,2.0,2011-01-16 18:00:00+00:00,6,31,18,35,24,59
1332,2010,2.0,2011-01-16 21:30:00+00:00,22,25,7,21,28,49
1333,2010,3.0,2011-01-23 20:00:00+00:00,6,12,18,14,21,35
1334,2010,3.0,2011-01-23 23:30:00+00:00,28,25,1,24,19,43
1335,2010,5.0,2011-02-06 23:29:00+00:00,12,28,39,31,25,56
1336,2011,1.0,2011-09-09 00:30:00+00:00,12,23,11,42,34,76
1337,2011,1.0,2011-09-11 17:00:00+00:00,6,2,18,30,12,42
1338,2011,1.0,2011-09-11 17:00:00+00:00,8,7,2,17,27,44
1339,2011,1.0,2011-09-11 17:00:00+00:00,16,4,5,7,41,48
1340,2011,1.0,2011-09-11 17:00:00+00:00,32,27,6,13,31,44
1341,2011,1.0,2011-09-11 17:00:00+00:00,33,11,8,20,27,47
1342,2011,1.0,2011-09-11 17:00:00+00:00,15,34,13,16,14,30
1343,2011,1.0,2011-09-11 17:00:00+00:00,3,28,24,35,7,42
1344,2011,1.0,2011-09-11 17:00:00+00:00,13,14,10,34,7,41
1345,2011,1.0,2011-09-11 20:15:00+00:00,1,5,12,28,21,49
1346,2011,1.0,2011-09-11 20:15:00+00:00,29,21,28,24,17,41
1347,2011,1.0,2011-09-11 20:15:00+00:00,30,31,34,33,17,50
1348,2011,1.0,2011-09-11 20:15:00+00:00,37,24,15,28,14,42
1349,2011,1.0,2011-09-12 00:20:00+00:00,25,9,40,27,24,51
1350,2011,1.0,2011-09-12 23:00:00+00:00,20,22,33,24,38,62
1351,2011,1.0,2011-09-13 02:25:00+00:00,10,26,32,20,23,43
1352,2011,2.0,2011-09-18 17:00:00+00:00,4,26,30,38,35,73
1353,2011,2.0,2011-09-18 17:00:00+00:00,11,16,3,48,3,51
1354,2011,2.0,2011-09-18 17:00:00+00:00,34,3,4,26,13,39
1355,2011,2.0,2011-09-18 17:00:00+00:00,14,8,36,19,27,46
1356,2011,2.0,2011-09-18 17:00:00+00:00,21,33,37,20,24,44
1357,2011,2.0,2011-09-18 17:00:00+00:00,23,6,31,30,13,43
1358,2011,2.0,2011-09-18 17:00:00+00:00,25,15,40,32,3,35
1359,2011,2.0,2011-09-18 17:00:00+00:00,28,31,1,24,0,24
1360,2011,2.0,2011-09-18 17:00:00+00:00,37,1,15,22,21,43
1361,2011,2.0,2011-09-18 17:00:00+00:00,5,12,9,23,30,53
1362,2011,2.0,2011-09-18 20:05:00+00:00,30,9,34,24,27,51
1363,2011,2.0,2011-09-18 20:15:00+00:00,10,7,32,24,22,46
1364,2011,2.0,2011-09-18 20:15:00+00:00,20,13,33,13,23,36
1365,2011,2.0,2011-09-18 20:15:00+00:00,22,29,7,35,21,56
1366,2011,2.0,2011-09-19 00:20:00+00:00,2,27,17,35,31,66
1367,2011,2.0,2011-09-20 00:30:00+00:00,24,32,40,28,16,44
1368,2011,3.0,2011-09-25 17:00:00+00:00,4,22,30,34,31,65
1369,2011,3.0,2011-09-25 17:00:00+00:00,7,30,19,8,13,21
1370,2011,3.0,2011-09-25 17:00:00+00:00,8,20,2,17,16,33
1371,2011,3.0,2011-09-25 17:00:00+00:00,34,10,4,17,14,31
1372,2011,3.0,2011-09-25 17:00:00+00:00,21,11,37,23,26,49
1373,2011,3.0,2011-09-25 17:00:00+00:00,23,13,31,40,33,73
1374,2011,3.0,2011-09-25 17:00:00+00:00,27,24,23,16,29,45
1375,2011,3.0,2011-09-25 17:00:00+00:00,5,15,9,16,10,26
1376,2011,3.0,2011-09-25 20:05:00+00:00,26,25,16,34,24,58
1377,2011,3.0,2011-09-25 20:05:00+00:00,32,3,6,7,37,44
1378,2011,3.0,2011-09-25 20:05:00+00:00,29,16,28,20,17,37
1379,2011,3.0,2011-09-25 20:15:00+00:00,6,12,18,17,27,44
1380,2011,3.0,2011-09-25 20:15:00+00:00,31,1,26,13,10,23
1381,2011,3.0,2011-09-25 20:15:00+00:00,33,2,8,16,13,29
1382,2011,3.0,2011-09-26 00:20:00+00:00,14,28,36,20,23,43
1383,2011,3.0,2011-09-27 00:30:00+00:00,9,37,39,18,16,34
1384,2011,4.0,2011-10-02 17:00:00+00:00,6,5,18,34,29,63
1385,2011,4.0,2011-10-02 17:00:00+00:00,7,4,19,23,20,43
1386,2011,4.0,2011-10-02 17:00:00+00:00,8,34,2,13,31,44
1387,2011,4.0,2011-10-02 17:00:00+00:00,9,11,39,30,34,64
1388,2011,4.0,2011-10-02 17:00:00+00:00,16,21,5,22,17,39
1389,2011,4.0,2011-10-02 17:00:00+00:00,32,37,6,10,17,27
1390,2011,4.0,2011-10-02 17:00:00+00:00,27,30,23,23,24,47
1391,2011,4.0,2011-10-02 17:00:00+00:00,15,23,13,10,23,33
1392,2011,4.0,2011-10-02 17:00:00+00:00,13,28,10,17,10,27
1393,2011,4.0,2011-10-02 20:05:00+00:00,1,24,12,27,31,58
1394,2011,4.0,2011-10-02 20:05:00+00:00,31,2,26,28,30,58
1395,2011,4.0,2011-10-02 20:15:00+00:00,12,10,11,49,23,72
1396,2011,4.0,2011-10-02 20:15:00+00:00,26,22,16,19,31,50
1397,2011,4.0,2011-10-02 20:15:00+00:00,29,20,28,26,16,42
1398,2011,4.0,2011-10-03 00:20:00+00:00,3,25,24,34,17,51
1399,2011,4.0,2011-10-04 00:30:00+00:00,33,14,8,24,17,41
1400,2011,5.0,2011-10-09 17:00:00+00:00,4,27,30,31,24,55
1401,2011,5.0,2011-10-09 17:00:00+00:00,14,16,36,24,28,52
1402,2011,5.0,2011-10-09 17:00:00+00:00,21,1,37,34,10,44
1403,2011,5.0,2011-10-09 17:00:00+00:00,24,31,40,25,36,61
1404,2011,5.0,2011-10-09 17:00:00+00:00,28,34,1,38,17,55
1405,2011,5.0,2011-10-09 17:00:00+00:00,5,23,9,27,30,57
1406,2011,5.0,2011-10-09 17:00:00+00:00,15,7,13,20,30,50
1407,2011,5.0,2011-10-09 17:00:00+00:00,13,26,10,20,25,45
1408,2011,5.0,2011-10-09 20:05:00+00:00,30,33,34,48,3,51
1409,2011,5.0,2011-10-09 20:15:00+00:00,10,29,32,24,29,53
1410,2011,5.0,2011-10-09 20:15:00+00:00,22,25,7,30,21,51
1411,2011,5.0,2011-10-10 00:20:00+00:00,2,12,17,14,25,39
1412,2011,5.0,2011-10-11 00:30:00+00:00,11,6,3,24,13,37
1413,2011,6.0,2011-10-16 17:00:00+00:00,2,5,17,31,17,48
1414,2011,6.0,2011-10-16 17:00:00+00:00,7,14,19,27,17,44
1415,2011,6.0,2011-10-16 17:00:00+00:00,11,30,3,19,25,44
1416,2011,6.0,2011-10-16 17:00:00+00:00,12,32,11,24,3,27
1417,2011,6.0,2011-10-16 17:00:00+00:00,24,4,40,27,24,51
1418,2011,6.0,2011-10-16 17:00:00+00:00,28,15,1,17,13,30
1419,2011,6.0,2011-10-16 17:00:00+00:00,37,27,15,13,20,33
1420,2011,6.0,2011-10-16 20:05:00+00:00,26,8,16,24,17,41
1421,2011,6.0,2011-10-16 20:05:00+00:00,3,13,24,29,14,43
1422,2011,6.0,2011-10-16 20:15:00+00:00,22,9,7,20,16,36
1423,2011,6.0,2011-10-16 20:15:00+00:00,33,23,8,26,20,46
1424,2011,6.0,2011-10-17 00:20:00+00:00,6,21,18,39,10,49
1425,2011,6.0,2011-10-18 00:30:00+00:00,25,20,40,24,6,30
1426,2011,7.0,2011-10-23 17:00:00+00:00,8,31,2,6,3,9
1427,2011,7.0,2011-10-23 17:00:00+00:00,11,2,3,16,23,39
1428,2011,7.0,2011-10-23 17:00:00+00:00,34,13,4,7,41,48
1429,2011,7.0,2011-10-23 17:00:00+00:00,20,10,33,15,18,33
1430,2011,7.0,2011-10-23 17:00:00+00:00,25,29,40,27,21,48
1431,2011,7.0,2011-10-23 17:00:00+00:00,33,6,35,18,24,42
1432,2011,7.0,2011-10-23 17:00:00+00:00,5,37,9,33,20,53
1433,2011,7.0,2011-10-23 20:05:00+00:00,26,16,16,0,28,28
1434,2011,7.0,2011-10-23 20:05:00+00:00,1,28,12,20,32,52
1435,2011,7.0,2011-10-23 20:15:00+00:00,9,32,39,34,7,41
1436,2011,7.0,2011-10-23 20:15:00+00:00,21,12,37,27,33,60
1437,2011,7.0,2011-10-24 00:20:00+00:00,23,14,31,62,7,69
1438,2011,7.0,2011-10-25 00:30:00+00:00,15,3,13,12,7,19
1439,2011,8.0,2011-10-30 17:00:00+00:00,34,14,4,27,10,37
1440,2011,8.0,2011-10-30 17:00:00+00:00,32,23,6,31,21,52
1441,2011,8.0,2011-10-30 17:00:00+00:00,24,20,40,20,17,37
1442,2011,8.0,2011-10-30 17:00:00+00:00,5,21,9,21,24,45
1443,2011,8.0,2011-10-30 17:00:00+00:00,3,1,24,30,27,57
1444,2011,8.0,2011-10-30 17:00:00+00:00,13,15,10,24,14,38
1445,2011,8.0,2011-10-30 20:05:00+00:00,4,37,38,23,0,23
1446,2011,8.0,2011-10-30 20:05:00+00:00,10,11,32,10,45,55
1447,2011,8.0,2011-10-30 20:15:00+00:00,28,22,1,25,17,42
1448,2011,8.0,2011-10-30 20:15:00+00:00,30,8,34,20,10,30
1449,2011,8.0,2011-10-30 20:15:00+00:00,31,7,26,12,34,46
1450,2011,8.0,2011-10-31 00:20:00+00:00,27,9,23,34,7,41
1451,2011,8.0,2011-11-01 00:30:00+00:00,16,29,5,23,20,43
1452,2011,9.0,2011-11-06 18:00:00+00:00,4,25,30,11,27,38
1453,2011,9.0,2011-11-06 18:00:00+00:00,9,31,39,23,13,36
1454,2011,9.0,2011-11-06 18:00:00+00:00,14,2,36,7,31,38
1455,2011,9.0,2011-11-06 18:00:00+00:00,16,20,5,3,31,34
1456,2011,9.0,2011-11-06 18:00:00+00:00,23,33,31,27,16,43
1457,2011,9.0,2011-11-06 18:00:00+00:00,37,30,15,11,19,30
1458,2011,9.0,2011-11-06 18:00:00+00:00,13,8,10,30,12,42
1459,2011,9.0,2011-11-06 21:05:00+00:00,34,7,4,17,24,41
1460,2011,9.0,2011-11-06 21:05:00+00:00,26,10,16,24,38,62
1461,2011,9.0,2011-11-06 21:15:00+00:00,22,24,7,20,24,44
1462,2011,9.0,2011-11-06 21:15:00+00:00,1,32,12,19,13,32
1463,2011,9.0,2011-11-06 21:15:00+00:00,29,12,28,38,45,83
1464,2011,9.0,2011-11-07 01:20:00+00:00,28,3,1,20,23,43
1465,2011,9.0,2011-11-08 01:30:00+00:00,27,6,23,24,30,54
1466,2011,10.0,2011-11-11 01:20:00+00:00,29,26,28,17,24,41
1467,2011,10.0,2011-11-13 18:00:00+00:00,2,23,17,23,26,49
1468,2011,10.0,2011-11-13 18:00:00+00:00,7,28,19,17,24,41
1469,2011,10.0,2011-11-13 18:00:00+00:00,8,32,2,12,13,25
1470,2011,10.0,2011-11-13 18:00:00+00:00,9,4,39,44,7,51
1471,2011,10.0,2011-11-13 18:00:00+00:00,14,15,36,3,17,20
1472,2011,10.0,2011-11-13 18:00:00+00:00,16,10,5,10,17,27
1473,2011,10.0,2011-11-13 18:00:00+00:00,20,37,33,20,9,29
1474,2011,10.0,2011-11-13 18:00:00+00:00,27,1,23,17,21,38
1475,2011,10.0,2011-11-13 18:00:00+00:00,33,13,8,9,37,46
1476,2011,10.0,2011-11-13 18:00:00+00:00,5,34,9,3,30,33
1477,2011,10.0,2011-11-13 21:05:00+00:00,31,3,26,22,17,39
1478,2011,10.0,2011-11-13 21:15:00+00:00,6,11,18,37,13,50
1479,2011,10.0,2011-11-13 21:15:00+00:00,30,24,34,27,20,47
1480,2011,10.0,2011-11-14 01:20:00+00:00,25,22,40,16,37,53
1481,2011,10.0,2011-11-15 01:30:00+00:00,12,21,11,45,7,52
1482,2011,11.0,2011-11-18 01:20:00+00:00,10,25,32,17,13,30
1483,2011,11.0,2011-11-20 18:00:00+00:00,8,15,2,14,10,24
1484,2011,11.0,2011-11-20 18:00:00+00:00,11,5,3,49,35,84
1485,2011,11.0,2011-11-20 18:00:00+00:00,12,33,11,35,26,61
1486,2011,11.0,2011-11-20 18:00:00+00:00,20,4,33,35,8,43
1487,2011,11.0,2011-11-20 18:00:00+00:00,21,26,37,21,27,48
1488,2011,11.0,2011-11-20 18:00:00+00:00,37,9,15,24,27,51
1489,2011,11.0,2011-11-20 18:00:00+00:00,3,7,24,31,24,55
1490,2011,11.0,2011-11-20 21:05:00+00:00,32,31,6,7,24,31
1491,2011,11.0,2011-11-20 21:05:00+00:00,30,1,34,23,7,30
1492,2011,11.0,2011-11-20 21:15:00+00:00,2,34,17,23,17,40
1493,2011,11.0,2011-11-20 21:15:00+00:00,6,29,18,31,20,51
1494,2011,11.0,2011-11-21 01:20:00+00:00,24,27,40,10,17,27
1495,2011,11.0,2011-11-22 01:30:00+00:00,22,16,7,34,3,37
1496,2011,12.0,2011-11-24 17:30:00+00:00,11,12,3,15,27,42
1497,2011,12.0,2011-11-24 21:15:00+00:00,9,20,39,20,19,39
1498,2011,12.0,2011-11-25 01:20:00+00:00,3,30,24,16,6,22
1499,2011,12.0,2011-11-27 18:00:00+00:00,2,21,17,24,14,38
1500,2011,12.0,2011-11-27 18:00:00+00:00,7,8,19,23,20,43
1501,2011,12.0,2011-11-27 18:00:00+00:00,34,33,4,23,17,40
1502,2011,12.0,2011-11-27 18:00:00+00:00,14,5,36,19,27,46
1503,2011,12.0,2011-11-27 18:00:00+00:00,32,1,6,20,23,43
1504,2011,12.0,2011-11-27 18:00:00+00:00,25,4,40,28,24,52
1505,2011,12.0,2011-11-27 18:00:00+00:00,15,13,13,13,20,33
1506,2011,12.0,2011-11-27 21:05:00+00:00,26,6,16,25,20,45
1507,2011,12.0,2011-11-27 21:05:00+00:00,31,37,26,17,23,40
1508,2011,12.0,2011-11-27 21:15:00+00:00,27,22,23,20,38,58
1509,2011,12.0,2011-11-27 21:15:00+00:00,29,10,28,13,16,29
1510,2011,12.0,2011-11-28 01:20:00+00:00,16,28,5,9,13,22
1511,2011,12.0,2011-11-29 01:30:00+00:00,23,24,31,49,24,73
1512,2011,13.0,2011-12-02 01:20:00+00:00,31,27,26,31,14,45
1513,2011,13.0,2011-12-04 18:00:00+00:00,4,34,30,17,23,40
1514,2011,13.0,2011-12-04 18:00:00+00:00,6,16,18,3,10,13
1515,2011,13.0,2011-12-04 18:00:00+00:00,20,26,33,34,14,48
1516,2011,13.0,2011-12-04 18:00:00+00:00,21,10,37,32,35,67
1517,2011,13.0,2011-12-04 18:00:00+00:00,22,14,7,31,24,55
1518,2011,13.0,2011-12-04 18:00:00+00:00,28,7,1,35,7,42
1519,2011,13.0,2011-12-04 18:00:00+00:00,33,5,8,19,38,57
1520,2011,13.0,2011-12-04 18:00:00+00:00,37,25,15,19,34,53
1521,2011,13.0,2011-12-04 18:00:00+00:00,13,2,10,17,10,27
1522,2011,13.0,2011-12-04 21:05:00+00:00,8,3,2,10,24,34
1523,2011,13.0,2011-12-04 21:15:00+00:00,24,12,40,35,38,73
1524,2011,13.0,2011-12-04 21:15:00+00:00,1,9,12,19,13,32
1525,2011,13.0,2011-12-04 21:15:00+00:00,30,32,34,26,0,26
1526,2011,13.0,2011-12-05 01:20:00+00:00,23,11,31,31,17,48
1527,2011,13.0,2011-12-06 01:30:00+00:00,15,29,13,14,38,52
1528,2011,14.0,2011-12-09 01:20:00+00:00,28,8,1,14,3,17
1529,2011,14.0,2011-12-11 18:00:00+00:00,7,13,19,19,20,39
1530,2011,14.0,2011-12-11 18:00:00+00:00,11,21,3,34,28,62
1531,2011,14.0,2011-12-11 18:00:00+00:00,34,23,4,17,22,39
1532,2011,14.0,2011-12-11 18:00:00+00:00,20,27,33,10,26,36
1533,2011,14.0,2011-12-11 18:00:00+00:00,25,16,40,37,10,47
1534,2011,14.0,2011-12-11 18:00:00+00:00,37,22,15,27,34,61
1535,2011,14.0,2011-12-11 18:00:00+00:00,5,2,9,23,31,54
1536,2011,14.0,2011-12-11 18:00:00+00:00,15,33,13,41,14,55
1537,2011,14.0,2011-12-11 18:00:00+00:00,3,14,24,24,10,34
1538,2011,14.0,2011-12-11 21:05:00+00:00,10,6,32,13,10,23
1539,2011,14.0,2011-12-11 21:05:00+00:00,1,30,12,21,19,40
1540,2011,14.0,2011-12-11 21:15:00+00:00,12,26,11,46,16,62
1541,2011,14.0,2011-12-11 21:15:00+00:00,29,4,28,37,10,47
1542,2011,14.0,2011-12-12 01:20:00+00:00,9,24,39,34,37,71
1543,2011,14.0,2011-12-13 01:30:00+00:00,31,32,26,30,13,43
1544,2011,15.0,2011-12-16 01:20:00+00:00,2,15,17,41,14,55
1545,2011,15.0,2011-12-18 01:20:00+00:00,33,9,8,15,31,46
1546,2011,15.0,2011-12-18 18:00:00+00:00,4,20,30,23,30,53
1547,2011,15.0,2011-12-18 18:00:00+00:00,6,31,18,14,38,52
1548,2011,15.0,2011-12-18 18:00:00+00:00,14,34,36,27,13,40
1549,2011,15.0,2011-12-18 18:00:00+00:00,16,12,5,19,14,33
1550,2011,15.0,2011-12-18 18:00:00+00:00,32,7,6,13,20,33
1551,2011,15.0,2011-12-18 18:00:00+00:00,21,23,37,20,42,62
1552,2011,15.0,2011-12-18 18:00:00+00:00,24,37,40,10,23,33
1553,2011,15.0,2011-12-18 18:00:00+00:00,13,5,10,13,28,41
1554,2011,15.0,2011-12-18 21:05:00+00:00,26,11,16,27,28,55
1555,2011,15.0,2011-12-18 21:15:00+00:00,10,22,32,23,41,64
1556,2011,15.0,2011-12-18 21:15:00+00:00,27,25,23,45,19,64
1557,2011,15.0,2011-12-18 21:15:00+00:00,1,8,12,20,17,37
1558,2011,15.0,2011-12-19 01:20:00+00:00,29,3,28,34,14,48
1559,2011,15.0,2011-12-20 01:30:00+00:00,30,28,34,20,3,23
1560,2011,16.0,2011-12-23 01:20:00+00:00,14,13,36,19,16,35
1561,2011,16.0,2011-12-24 18:00:00+00:00,4,10,30,40,14,54
1562,2011,16.0,2011-12-24 18:00:00+00:00,7,1,19,23,16,39
1563,2011,16.0,2011-12-24 18:00:00+00:00,34,15,4,23,17,40
1564,2011,16.0,2011-12-24 18:00:00+00:00,16,26,5,13,16,29
1565,2011,16.0,2011-12-24 18:00:00+00:00,22,20,7,27,24,51
1566,2011,16.0,2011-12-24 18:00:00+00:00,25,24,40,14,29,43
1567,2011,16.0,2011-12-24 18:00:00+00:00,28,32,1,27,0,27
1568,2011,16.0,2011-12-24 18:00:00+00:00,37,21,15,26,33,59
1569,2011,16.0,2011-12-24 18:00:00+00:00,5,33,9,48,16,64
1570,2011,16.0,2011-12-24 18:00:00+00:00,3,8,24,20,14,34
1571,2011,16.0,2011-12-24 21:05:00+00:00,11,29,3,38,10,48
1572,2011,16.0,2011-12-24 21:15:00+00:00,9,27,39,7,20,27
1573,2011,16.0,2011-12-24 21:15:00+00:00,31,30,26,17,19,36
1574,2011,16.0,2011-12-26 01:20:00+00:00,12,6,11,35,21,56
1575,2011,16.0,2011-12-27 01:30:00+00:00,23,2,31,45,16,61
1576,2011,17.0,2012-01-01 18:00:00+00:00,12,11,11,45,41,86
1577,2011,17.0,2012-01-01 18:00:00+00:00,32,30,6,27,34,61
1578,2011,17.0,2012-01-01 18:00:00+00:00,20,25,33,19,17,36
1579,2011,17.0,2012-01-01 18:00:00+00:00,21,6,37,13,17,30
1580,2011,17.0,2012-01-01 18:00:00+00:00,22,4,7,49,21,70
1581,2011,17.0,2012-01-01 18:00:00+00:00,23,5,31,45,17,62
1582,2011,17.0,2012-01-01 18:00:00+00:00,27,37,23,34,10,44
1583,2011,17.0,2012-01-01 18:00:00+00:00,15,14,13,19,13,32
1584,2011,17.0,2012-01-01 18:00:00+00:00,13,34,10,22,23,45
1585,2011,17.0,2012-01-01 21:15:00+00:00,2,33,17,45,24,69
1586,2011,17.0,2012-01-01 21:15:00+00:00,7,3,19,16,24,40
1587,2011,17.0,2012-01-01 21:15:00+00:00,8,28,2,9,13,22
1588,2011,17.0,2012-01-01 21:15:00+00:00,10,16,32,3,7,10
1589,2011,17.0,2012-01-01 21:15:00+00:00,26,29,16,26,38,64
1590,2011,17.0,2012-01-01 21:15:00+00:00,1,31,12,23,20,43
1591,2011,17.0,2012-01-02 01:20:00+00:00,24,9,40,31,14,45
1592,2011,1.0,2012-01-07 21:30:00+00:00,13,7,10,31,10,41
1593,2011,1.0,2012-01-08 01:00:00+00:00,23,11,31,45,28,73
1594,2011,1.0,2012-01-08 18:00:00+00:00,24,2,40,24,2,26
1595,2011,1.0,2012-01-08 21:30:00+00:00,10,28,32,29,23,52
1596,2011,2.0,2012-01-14 21:30:00+00:00,30,23,34,36,32,68
1597,2011,2.0,2012-01-15 01:00:00+00:00,22,10,7,45,10,55
1598,2011,2.0,2012-01-15 18:00:00+00:00,3,13,24,20,13,33
1599,2011,2.0,2012-01-15 21:30:00+00:00,12,24,11,20,37,57
1600,2011,3.0,2012-01-22 20:00:00+00:00,22,3,7,23,20,43
1601,2011,3.0,2012-01-22 23:30:00+00:00,30,24,34,17,20,37
1602,2011,5.0,2012-02-05 23:29:00+00:00,22,24,36,17,21,38
1603,2012,1.0,2012-09-06 00:30:00+00:00,24,9,40,17,24,41
1604,2012,1.0,2012-09-09 17:00:00+00:00,6,14,18,41,21,62
1605,2012,1.0,2012-09-09 17:00:00+00:00,8,27,2,16,17,33
1606,2012,1.0,2012-09-09 17:00:00+00:00,11,32,3,27,23,50
1607,2012,1.0,2012-09-09 17:00:00+00:00,34,22,4,13,34,47
1608,2012,1.0,2012-09-09 17:00:00+00:00,16,2,5,24,40,64
1609,2012,1.0,2012-09-09 17:00:00+00:00,21,15,37,26,23,49
1610,2012,1.0,2012-09-09 17:00:00+00:00,23,37,31,32,40,72
1611,2012,1.0,2012-09-09 17:00:00+00:00,25,4,40,48,28,76
1612,2012,1.0,2012-09-09 17:00:00+00:00,13,20,10,30,10,40
1613,2012,1.0,2012-09-09 20:25:00+00:00,12,30,11,22,30,52
1614,2012,1.0,2012-09-09 20:25:00+00:00,1,31,12,20,16,36
1615,2012,1.0,2012-09-09 20:25:00+00:00,33,5,8,16,10,26
1616,2012,1.0,2012-09-10 00:20:00+00:00,10,28,32,31,19,50
1617,2012,1.0,2012-09-10 23:00:00+00:00,3,7,24,44,13,57
1618,2012,1.0,2012-09-11 02:25:00+00:00,26,29,16,14,22,36
1619,2012,2.0,2012-09-14 00:20:00+00:00,12,6,11,23,10,33
1620,2012,2.0,2012-09-16 17:00:00+00:00,4,16,30,35,17,52
1621,2012,2.0,2012-09-16 17:00:00+00:00,7,8,19,34,27,61
1622,2012,2.0,2012-09-16 17:00:00+00:00,14,21,36,23,20,43
1623,2012,2.0,2012-09-16 17:00:00+00:00,20,26,33,35,13,48
1624,2012,2.0,2012-09-16 17:00:00+00:00,22,1,7,18,20,38
1625,2012,2.0,2012-09-16 17:00:00+00:00,24,33,40,41,34,75
1626,2012,2.0,2012-09-16 17:00:00+00:00,27,3,23,24,23,47
1627,2012,2.0,2012-09-16 17:00:00+00:00,5,23,9,35,27,62
1628,2012,2.0,2012-09-16 17:00:00+00:00,15,13,13,7,27,34
1629,2012,2.0,2012-09-16 20:05:00+00:00,32,37,6,31,28,59
1630,2012,2.0,2012-09-16 20:05:00+00:00,31,9,26,27,7,34
1631,2012,2.0,2012-09-16 20:25:00+00:00,28,25,1,27,10,37
1632,2012,2.0,2012-09-16 20:25:00+00:00,29,34,28,38,10,48
1633,2012,2.0,2012-09-17 00:20:00+00:00,30,11,34,27,19,46
1634,2012,2.0,2012-09-18 00:30:00+00:00,2,10,17,27,21,48
1635,2012,3.0,2012-09-21 00:20:00+00:00,5,24,9,7,36,43
1636,2012,3.0,2012-09-23 17:00:00+00:00,6,32,18,23,6,29
1637,2012,3.0,2012-09-23 17:00:00+00:00,8,4,2,14,24,38
1638,2012,3.0,2012-09-23 17:00:00+00:00,9,33,39,16,10,26
1639,2012,3.0,2012-09-23 17:00:00+00:00,34,11,4,44,41,85
1640,2012,3.0,2012-09-23 17:00:00+00:00,14,15,36,17,22,39
1641,2012,3.0,2012-09-23 17:00:00+00:00,20,25,33,20,23,43
1642,2012,3.0,2012-09-23 17:00:00+00:00,21,30,37,24,13,37
1643,2012,3.0,2012-09-23 17:00:00+00:00,23,16,31,24,27,51
1644,2012,3.0,2012-09-23 17:00:00+00:00,37,7,15,31,38,69
1645,2012,3.0,2012-09-23 20:05:00+00:00,1,27,12,27,6,33
1646,2012,3.0,2012-09-23 20:05:00+00:00,29,2,28,3,27,30
1647,2012,3.0,2012-09-23 20:25:00+00:00,10,13,32,25,31,56
1648,2012,3.0,2012-09-23 20:25:00+00:00,26,28,16,34,31,65
1649,2012,3.0,2012-09-24 00:20:00+00:00,3,22,24,31,30,61
1650,2012,3.0,2012-09-25 00:30:00+00:00,31,12,26,14,12,26
1651,2012,4.0,2012-09-28 00:20:00+00:00,3,8,24,23,16,39
1652,2012,4.0,2012-09-30 17:00:00+00:00,2,5,17,30,28,58
1653,2012,4.0,2012-09-30 17:00:00+00:00,4,22,30,28,52,80
1654,2012,4.0,2012-09-30 17:00:00+00:00,11,21,3,13,20,33
1655,2012,4.0,2012-09-30 17:00:00+00:00,16,29,5,20,37,57
1656,2012,4.0,2012-09-30 17:00:00+00:00,32,31,6,19,13,32
1657,2012,4.0,2012-09-30 17:00:00+00:00,25,30,40,0,34,34
1658,2012,4.0,2012-09-30 17:00:00+00:00,13,34,10,38,14,52
1659,2012,4.0,2012-09-30 20:05:00+00:00,10,26,32,37,6,43
1660,2012,4.0,2012-09-30 20:05:00+00:00,1,20,12,24,21,45
1661,2012,4.0,2012-09-30 20:05:00+00:00,15,7,13,10,27,37
1662,2012,4.0,2012-09-30 20:25:00+00:00,12,23,11,28,27,55
1663,2012,4.0,2012-09-30 20:25:00+00:00,33,37,8,22,24,46
1664,2012,4.0,2012-10-01 00:20:00+00:00,27,24,23,19,17,36
1665,2012,4.0,2012-10-02 00:30:00+00:00,9,6,39,18,34,52
1666,2012,5.0,2012-10-05 00:20:00+00:00,32,1,6,17,3,20
1667,2012,5.0,2012-10-07 17:00:00+00:00,7,20,19,13,17,30
1668,2012,5.0,2012-10-07 17:00:00+00:00,14,12,36,30,27,57
1669,2012,5.0,2012-10-07 17:00:00+00:00,16,3,5,6,9,15
1670,2012,5.0,2012-10-07 17:00:00+00:00,24,8,40,41,27,68
1671,2012,5.0,2012-10-07 17:00:00+00:00,28,27,1,16,14,30
1672,2012,5.0,2012-10-07 17:00:00+00:00,37,2,15,17,24,41
1673,2012,5.0,2012-10-07 20:05:00+00:00,5,31,9,12,16,28
1674,2012,5.0,2012-10-07 20:05:00+00:00,15,6,13,3,41,44
1675,2012,5.0,2012-10-07 20:25:00+00:00,21,34,37,30,7,37
1676,2012,5.0,2012-10-07 20:25:00+00:00,22,10,7,31,21,52
1677,2012,5.0,2012-10-07 20:25:00+00:00,30,4,34,45,3,48
1678,2012,5.0,2012-10-08 00:20:00+00:00,23,29,31,31,24,55
1679,2012,5.0,2012-10-09 00:30:00+00:00,25,13,40,17,23,40
1680,2012,6.0,2012-10-12 00:20:00+00:00,34,28,4,26,23,49
1681,2012,6.0,2012-10-14 17:00:00+00:00,2,26,17,23,20,43
1682,2012,6.0,2012-10-14 17:00:00+00:00,8,7,2,34,24,58
1683,2012,6.0,2012-10-14 17:00:00+00:00,20,32,33,17,14,31
1684,2012,6.0,2012-10-14 17:00:00+00:00,25,14,40,35,9,44
1685,2012,6.0,2012-10-14 17:00:00+00:00,27,11,23,23,26,49
1686,2012,6.0,2012-10-14 17:00:00+00:00,33,16,8,38,10,48
1687,2012,6.0,2012-10-14 17:00:00+00:00,3,9,24,31,29,60
1688,2012,6.0,2012-10-14 20:05:00+00:00,1,4,12,16,19,35
1689,2012,6.0,2012-10-14 20:05:00+00:00,31,22,26,24,23,47
1690,2012,6.0,2012-10-14 20:25:00+00:00,30,24,34,3,26,29
1691,2012,6.0,2012-10-14 20:25:00+00:00,37,21,15,38,26,64
1692,2012,6.0,2012-10-15 00:20:00+00:00,13,12,10,24,42,66
1693,2012,6.0,2012-10-16 00:30:00+00:00,29,10,28,24,35,59
1694,2012,7.0,2012-10-19 00:20:00+00:00,30,31,34,13,6,19
1695,2012,7.0,2012-10-21 17:00:00+00:00,4,34,30,34,35,69
1696,2012,7.0,2012-10-21 17:00:00+00:00,14,8,36,17,13,30
1697,2012,7.0,2012-10-21 17:00:00+00:00,32,12,6,20,30,50
1698,2012,7.0,2012-10-21 17:00:00+00:00,21,1,37,21,14,35
1699,2012,7.0,2012-10-21 17:00:00+00:00,24,37,40,27,23,50
1700,2012,7.0,2012-10-21 17:00:00+00:00,33,23,8,28,35,63
1701,2012,7.0,2012-10-21 17:00:00+00:00,5,9,9,14,19,33
1702,2012,7.0,2012-10-21 17:00:00+00:00,13,3,10,43,13,56
1703,2012,7.0,2012-10-21 20:25:00+00:00,26,15,16,26,23,49
1704,2012,7.0,2012-10-21 20:25:00+00:00,22,25,7,29,26,55
1705,2012,7.0,2012-10-22 00:20:00+00:00,7,28,19,17,24,41
1706,2012,7.0,2012-10-23 00:30:00+00:00,6,11,18,13,7,20
1707,2012,8.0,2012-10-26 00:20:00+00:00,21,33,37,17,36,53
1708,2012,8.0,2012-10-28 17:00:00+00:00,6,5,18,23,22,45
1709,2012,8.0,2012-10-28 17:00:00+00:00,8,29,2,7,6,13
1710,2012,8.0,2012-10-28 17:00:00+00:00,11,31,3,28,24,52
1711,2012,8.0,2012-10-28 17:00:00+00:00,12,15,11,24,15,39
1712,2012,8.0,2012-10-28 17:00:00+00:00,34,14,4,13,19,32
1713,2012,8.0,2012-10-28 17:00:00+00:00,32,22,35,7,45,52
1714,2012,8.0,2012-10-28 17:00:00+00:00,25,20,40,9,30,39
1715,2012,8.0,2012-10-28 17:00:00+00:00,27,2,23,17,30,47
1716,2012,8.0,2012-10-28 17:00:00+00:00,28,37,1,27,12,39
1717,2012,8.0,2012-10-28 20:05:00+00:00,16,26,5,16,26,42
1718,2012,8.0,2012-10-28 20:25:00+00:00,9,24,39,24,29,53
1719,2012,8.0,2012-10-29 00:20:00+00:00,10,23,32,34,14,48
1720,2012,8.0,2012-10-30 00:30:00+00:00,1,30,12,3,24,27
1721,2012,9.0,2012-11-02 00:20:00+00:00,29,16,28,31,13,44
1722,2012,9.0,2012-11-04 18:00:00+00:00,7,10,19,23,31,54
1723,2012,9.0,2012-11-04 18:00:00+00:00,8,3,2,15,25,40
1724,2012,9.0,2012-11-04 18:00:00+00:00,12,1,11,31,17,48
1725,2012,9.0,2012-11-04 18:00:00+00:00,34,6,4,20,51,71
1726,2012,9.0,2012-11-04 18:00:00+00:00,14,20,36,23,20,43
1727,2012,9.0,2012-11-04 18:00:00+00:00,37,5,15,13,21,34
1728,2012,9.0,2012-11-04 18:00:00+00:00,15,11,13,14,31,45
1729,2012,9.0,2012-11-04 18:00:00+00:00,13,4,10,21,9,30
1730,2012,9.0,2012-11-04 21:05:00+00:00,26,33,16,32,42,74
1731,2012,9.0,2012-11-04 21:05:00+00:00,31,21,26,30,20,50
1732,2012,9.0,2012-11-04 21:25:00+00:00,24,28,40,20,24,44
1733,2012,9.0,2012-11-05 01:20:00+00:00,2,9,17,19,13,32
1734,2012,9.0,2012-11-06 01:30:00+00:00,23,27,31,28,13,41
1735,2012,10.0,2012-11-09 01:20:00+00:00,15,14,13,10,27,37
1736,2012,10.0,2012-11-11 18:00:00+00:00,7,24,19,31,13,44
1737,2012,10.0,2012-11-11 18:00:00+00:00,20,34,33,3,37,40
1738,2012,10.0,2012-11-11 18:00:00+00:00,21,11,37,34,24,58
1739,2012,10.0,2012-11-11 18:00:00+00:00,22,4,7,37,31,68
1740,2012,10.0,2012-11-11 18:00:00+00:00,23,2,31,31,27,58
1741,2012,10.0,2012-11-11 18:00:00+00:00,33,29,8,34,24,58
1742,2012,10.0,2012-11-11 18:00:00+00:00,5,10,9,14,36,50
1743,2012,10.0,2012-11-11 18:00:00+00:00,3,26,24,55,20,75
1744,2012,10.0,2012-11-11 21:05:00+00:00,31,25,26,28,7,35
1745,2012,10.0,2012-11-11 21:25:00+00:00,27,9,23,23,38,61
1746,2012,10.0,2012-11-11 21:25:00+00:00,30,32,34,24,24,48
1747,2012,10.0,2012-11-12 01:20:00+00:00,6,13,18,6,13,19
1748,2012,10.0,2012-11-13 01:30:00+00:00,28,16,1,16,13,29
1749,2012,11.0,2012-11-16 01:20:00+00:00,4,20,30,19,14,33
1750,2012,11.0,2012-11-18 18:00:00+00:00,2,1,17,23,19,42
1751,2012,11.0,2012-11-18 18:00:00+00:00,9,8,39,23,20,43
1752,2012,11.0,2012-11-18 18:00:00+00:00,11,12,3,20,24,44
1753,2012,11.0,2012-11-18 18:00:00+00:00,16,7,5,6,28,34
1754,2012,11.0,2012-11-18 18:00:00+00:00,32,25,6,13,27,40
1755,2012,11.0,2012-11-18 18:00:00+00:00,37,27,15,31,6,37
1756,2012,11.0,2012-11-18 18:00:00+00:00,5,33,9,21,27,48
1757,2012,11.0,2012-11-18 18:00:00+00:00,13,15,10,43,37,80
1758,2012,11.0,2012-11-18 21:05:00+00:00,26,23,16,17,38,55
1759,2012,11.0,2012-11-18 21:25:00+00:00,10,29,32,30,23,53
1760,2012,11.0,2012-11-18 21:25:00+00:00,22,14,7,59,24,83
1761,2012,11.0,2012-11-19 01:20:00+00:00,28,3,1,10,13,23
1762,2012,11.0,2012-11-20 01:30:00+00:00,30,6,34,32,7,39
1763,2012,12.0,2012-11-22 17:30:00+00:00,11,13,3,31,34,65
1764,2012,12.0,2012-11-22 21:25:00+00:00,9,37,39,31,38,69
1765,2012,12.0,2012-11-23 01:20:00+00:00,25,22,40,19,49,68
1766,2012,12.0,2012-11-25 18:00:00+00:00,6,21,18,28,10,38
1767,2012,12.0,2012-11-25 18:00:00+00:00,7,26,19,34,10,44
1768,2012,12.0,2012-11-25 18:00:00+00:00,8,28,2,20,14,34
1769,2012,12.0,2012-11-25 18:00:00+00:00,14,4,36,20,13,33
1770,2012,12.0,2012-11-25 18:00:00+00:00,16,10,5,9,17,26
1771,2012,12.0,2012-11-25 18:00:00+00:00,20,31,33,24,21,45
1772,2012,12.0,2012-11-25 18:00:00+00:00,33,2,8,23,24,47
1773,2012,12.0,2012-11-25 18:00:00+00:00,15,34,13,24,19,43
1774,2012,12.0,2012-11-25 21:05:00+00:00,29,3,28,13,16,29
1775,2012,12.0,2012-11-25 21:25:00+00:00,23,30,31,21,31,52
1776,2012,12.0,2012-11-25 21:25:00+00:00,1,32,12,17,31,48
1777,2012,12.0,2012-11-26 01:20:00+00:00,24,12,40,38,10,48
1778,2012,12.0,2012-11-27 01:30:00+00:00,27,5,23,22,30,52
1779,2012,13.0,2012-11-30 01:20:00+00:00,2,23,17,23,13,36
1780,2012,13.0,2012-12-02 18:00:00+00:00,4,15,30,34,18,52
1781,2012,13.0,2012-12-02 18:00:00+00:00,6,31,18,17,23,40
1782,2012,13.0,2012-12-02 18:00:00+00:00,11,14,3,33,35,68
1783,2012,13.0,2012-12-02 18:00:00+00:00,12,21,11,23,14,37
1784,2012,13.0,2012-12-02 18:00:00+00:00,34,13,4,10,24,34
1785,2012,13.0,2012-12-02 18:00:00+00:00,16,5,5,27,21,48
1786,2012,13.0,2012-12-02 18:00:00+00:00,32,30,6,16,13,29
1787,2012,13.0,2012-12-02 18:00:00+00:00,20,22,33,16,23,39
1788,2012,13.0,2012-12-02 18:00:00+00:00,25,1,40,7,6,13
1789,2012,13.0,2012-12-02 21:05:00+00:00,10,33,32,31,23,54
1790,2012,13.0,2012-12-02 21:25:00+00:00,26,8,16,17,20,37
1791,2012,13.0,2012-12-02 21:25:00+00:00,29,7,28,13,20,33
1792,2012,13.0,2012-12-02 21:25:00+00:00,3,28,24,20,23,43
1793,2012,13.0,2012-12-03 01:20:00+00:00,9,27,39,38,33,71
1794,2012,13.0,2012-12-04 01:30:00+00:00,37,24,15,17,16,33
1795,2012,14.0,2012-12-07 01:20:00+00:00,26,10,16,13,26,39
1796,2012,14.0,2012-12-09 18:00:00+00:00,4,32,30,12,15,27
1797,2012,14.0,2012-12-09 18:00:00+00:00,7,9,19,19,20,39
1798,2012,14.0,2012-12-09 18:00:00+00:00,8,16,2,30,7,37
1799,2012,14.0,2012-12-09 18:00:00+00:00,14,34,36,27,23,50
1800,2012,14.0,2012-12-09 18:00:00+00:00,21,6,37,21,14,35
1801,2012,14.0,2012-12-09 18:00:00+00:00,28,29,1,24,34,58
1802,2012,14.0,2012-12-09 18:00:00+00:00,33,27,8,21,23,44
1803,2012,14.0,2012-12-09 18:00:00+00:00,37,3,15,31,28,59
1804,2012,14.0,2012-12-09 18:00:00+00:00,5,2,9,30,20,50
1805,2012,14.0,2012-12-09 18:00:00+00:00,15,25,13,10,17,27
1806,2012,14.0,2012-12-09 21:05:00+00:00,30,20,34,27,13,40
1807,2012,14.0,2012-12-09 21:25:00+00:00,24,23,40,52,27,79
1808,2012,14.0,2012-12-09 21:25:00+00:00,31,1,26,58,0,58
1809,2012,14.0,2012-12-10 01:20:00+00:00,12,11,11,27,20,47
1810,2012,14.0,2012-12-11 01:30:00+00:00,22,13,7,42,14,56
1811,2012,15.0,2012-12-14 01:20:00+00:00,27,7,23,13,34,47
1812,2012,15.0,2012-12-16 18:00:00+00:00,2,24,17,34,0,34
1813,2012,15.0,2012-12-16 18:00:00+00:00,6,12,18,13,21,34
1814,2012,15.0,2012-12-16 18:00:00+00:00,8,37,2,21,38,59
1815,2012,15.0,2012-12-16 18:00:00+00:00,32,21,6,22,36,58
1816,2012,15.0,2012-12-16 18:00:00+00:00,20,15,33,24,3,27
1817,2012,15.0,2012-12-16 18:00:00+00:00,23,33,31,41,0,41
1818,2012,15.0,2012-12-16 18:00:00+00:00,3,10,24,17,34,51
1819,2012,15.0,2012-12-16 18:00:00+00:00,13,14,10,29,17,46
1820,2012,15.0,2012-12-16 21:05:00+00:00,4,31,38,17,50,67
1821,2012,15.0,2012-12-16 21:05:00+00:00,1,11,12,38,10,48
1822,2012,15.0,2012-12-16 21:05:00+00:00,29,5,28,7,31,38
1823,2012,15.0,2012-12-16 21:25:00+00:00,9,28,39,27,24,51
1824,2012,15.0,2012-12-16 21:25:00+00:00,26,16,16,15,0,15
1825,2012,15.0,2012-12-17 01:20:00+00:00,22,30,7,34,41,75
1826,2012,15.0,2012-12-18 01:30:00+00:00,34,25,4,14,10,24
1827,2012,16.0,2012-12-23 01:30:00+00:00,11,2,3,18,31,49
1828,2012,16.0,2012-12-23 18:00:00+00:00,9,23,39,31,34,65
1829,2012,16.0,2012-12-23 18:00:00+00:00,12,34,11,55,7,62
1830,2012,16.0,2012-12-23 18:00:00+00:00,16,14,5,13,20,33
1831,2012,16.0,2012-12-23 18:00:00+00:00,20,4,33,24,10,34
1832,2012,16.0,2012-12-23 18:00:00+00:00,25,29,40,17,27,44
1833,2012,16.0,2012-12-23 18:00:00+00:00,27,37,23,20,27,47
1834,2012,16.0,2012-12-23 18:00:00+00:00,28,7,1,10,13,23
1835,2012,16.0,2012-12-23 18:00:00+00:00,33,32,8,13,28,41
1836,2012,16.0,2012-12-23 18:00:00+00:00,5,26,9,17,6,23
1837,2012,16.0,2012-12-23 18:00:00+00:00,15,22,13,16,23,39
1838,2012,16.0,2012-12-23 18:00:00+00:00,13,21,10,6,23,29
1839,2012,16.0,2012-12-23 21:05:00+00:00,10,8,32,34,12,46
1840,2012,16.0,2012-12-23 21:25:00+00:00,1,6,12,13,28,41
1841,2012,16.0,2012-12-23 21:25:00+00:00,3,24,24,33,14,47
1842,2012,16.0,2012-12-24 01:20:00+00:00,31,30,26,42,13,55
1843,2012,17.0,2012-12-30 18:00:00+00:00,2,33,17,17,22,39
1844,2012,17.0,2012-12-30 18:00:00+00:00,4,25,30,28,9,37
1845,2012,17.0,2012-12-30 18:00:00+00:00,7,3,19,23,17,40
1846,2012,17.0,2012-12-30 18:00:00+00:00,11,6,3,24,26,50
1847,2012,17.0,2012-12-30 18:00:00+00:00,34,15,4,38,20,58
1848,2012,17.0,2012-12-30 18:00:00+00:00,14,13,36,28,16,44
1849,2012,17.0,2012-12-30 18:00:00+00:00,23,5,31,38,44,82
1850,2012,17.0,2012-12-30 18:00:00+00:00,24,27,40,42,7,49
1851,2012,17.0,2012-12-30 18:00:00+00:00,28,8,1,24,10,34
1852,2012,17.0,2012-12-30 21:25:00+00:00,10,16,32,38,3,41
1853,2012,17.0,2012-12-30 21:25:00+00:00,21,12,37,37,34,71
1854,2012,17.0,2012-12-30 21:25:00+00:00,22,20,7,28,0,28
1855,2012,17.0,2012-12-30 21:25:00+00:00,29,26,28,24,21,45
1856,2012,17.0,2012-12-30 21:25:00+00:00,30,1,34,27,13,40
1857,2012,17.0,2012-12-30 21:25:00+00:00,31,32,26,20,13,33
1858,2012,17.0,2012-12-31 01:20:00+00:00,37,9,15,28,18,46
1859,2012,1.0,2013-01-05 21:30:00+00:00,13,7,10,19,13,32
1860,2012,1.0,2013-01-06 01:00:00+00:00,12,21,11,24,10,34
1861,2012,1.0,2013-01-06 18:00:00+00:00,3,14,24,24,9,33
1862,2012,1.0,2013-01-06 21:30:00+00:00,37,31,15,14,24,38
1863,2012,2.0,2013-01-12 21:30:00+00:00,10,3,32,35,38,73
1864,2012,2.0,2013-01-13 01:00:00+00:00,30,12,34,45,31,76
1865,2012,2.0,2013-01-13 18:00:00+00:00,2,31,17,30,28,58
1866,2012,2.0,2013-01-13 21:30:00+00:00,22,13,7,41,28,69
1867,2012,3.0,2013-01-20 20:00:00+00:00,2,30,17,24,28,52
1868,2012,3.0,2013-01-20 23:30:00+00:00,22,3,7,13,28,41
1869,2012,5.0,2013-02-03 23:30:00+00:00,30,3,31,31,34,65
1870,2013,1.0,2013-09-06 00:30:00+00:00,10,3,32,49,27,76
1871,2013,1.0,2013-09-08 17:00:00+00:00,4,22,30,21,23,44
1872,2013,1.0,2013-09-08 17:00:00+00:00,6,7,18,24,21,45
1873,2013,1.0,2013-09-08 17:00:00+00:00,8,20,2,10,23,33
1874,2013,1.0,2013-09-08 17:00:00+00:00,11,21,3,34,24,58
1875,2013,1.0,2013-09-08 17:00:00+00:00,14,26,36,21,17,38
1876,2013,1.0,2013-09-08 17:00:00+00:00,23,2,31,23,17,40
1877,2013,1.0,2013-09-08 17:00:00+00:00,25,33,40,18,17,35
1878,2013,1.0,2013-09-08 17:00:00+00:00,28,34,1,9,16,25
1879,2013,1.0,2013-09-08 17:00:00+00:00,5,31,9,7,12,19
1880,2013,1.0,2013-09-08 17:00:00+00:00,15,16,13,2,28,30
1881,2013,1.0,2013-09-08 20:25:00+00:00,32,1,6,27,24,51
1882,2013,1.0,2013-09-08 20:25:00+00:00,30,12,34,34,28,62
1883,2013,1.0,2013-09-09 00:30:00+00:00,9,24,39,36,31,67
1884,2013,1.0,2013-09-09 22:55:00+00:00,37,27,15,27,33,60
1885,2013,1.0,2013-09-10 02:25:00+00:00,29,13,28,28,31,59
1886,2013,2.0,2013-09-13 00:25:00+00:00,22,25,7,13,10,23
1887,2013,2.0,2013-09-15 17:00:00+00:00,2,32,17,31,24,55
1888,2013,2.0,2013-09-15 17:00:00+00:00,4,5,30,24,23,47
1889,2013,2.0,2013-09-15 17:00:00+00:00,6,21,18,31,30,61
1890,2013,2.0,2013-09-15 17:00:00+00:00,12,37,11,38,20,58
1891,2013,2.0,2013-09-15 17:00:00+00:00,14,20,36,20,24,44
1892,2013,2.0,2013-09-15 17:00:00+00:00,16,9,5,17,16,33
1893,2013,2.0,2013-09-15 17:00:00+00:00,27,29,23,30,33,63
1894,2013,2.0,2013-09-15 17:00:00+00:00,3,8,24,14,6,20
1895,2013,2.0,2013-09-15 17:00:00+00:00,13,34,10,30,24,54
1896,2013,2.0,2013-09-15 20:05:00+00:00,1,11,12,25,21,46
1897,2013,2.0,2013-09-15 20:05:00+00:00,33,23,8,14,16,30
1898,2013,2.0,2013-09-15 20:25:00+00:00,26,15,16,19,9,28
1899,2013,2.0,2013-09-15 20:25:00+00:00,24,10,40,23,41,64
1900,2013,2.0,2013-09-16 00:30:00+00:00,31,30,26,29,3,32
1901,2013,2.0,2013-09-17 00:30:00+00:00,7,28,19,20,10,30
1902,2013,3.0,2013-09-20 00:25:00+00:00,27,16,23,16,26,42
1903,2013,3.0,2013-09-22 17:00:00+00:00,7,12,19,34,30,64
1904,2013,3.0,2013-09-22 17:00:00+00:00,9,32,39,31,7,38
1905,2013,3.0,2013-09-22 17:00:00+00:00,34,29,4,20,17,37
1906,2013,3.0,2013-09-22 17:00:00+00:00,21,8,37,27,31,58
1907,2013,3.0,2013-09-22 17:00:00+00:00,22,33,7,23,3,26
1908,2013,3.0,2013-09-22 17:00:00+00:00,23,1,31,31,7,38
1909,2013,3.0,2013-09-22 17:00:00+00:00,37,11,15,20,27,47
1910,2013,3.0,2013-09-22 17:00:00+00:00,5,24,9,38,0,38
1911,2013,3.0,2013-09-22 17:00:00+00:00,3,13,24,30,9,39
1912,2013,3.0,2013-09-22 20:05:00+00:00,20,2,33,27,23,50
1913,2013,3.0,2013-09-22 20:25:00+00:00,25,4,40,27,20,47
1914,2013,3.0,2013-09-22 20:25:00+00:00,30,14,34,7,27,34
1915,2013,3.0,2013-09-22 20:25:00+00:00,31,15,26,45,17,62
1916,2013,3.0,2013-09-23 00:30:00+00:00,28,6,1,23,40,63
1917,2013,3.0,2013-09-24 00:30:00+00:00,10,26,32,37,21,58
1918,2013,4.0,2013-09-27 00:25:00+00:00,32,30,6,11,35,46
1919,2013,4.0,2013-09-29 17:00:00+00:00,4,3,30,23,20,43
1920,2013,4.0,2013-09-29 17:00:00+00:00,8,7,2,17,6,23
1921,2013,4.0,2013-09-29 17:00:00+00:00,11,6,3,40,32,72
1922,2013,4.0,2013-09-29 17:00:00+00:00,16,24,5,31,7,38
1923,2013,4.0,2013-09-29 17:00:00+00:00,21,28,35,34,27,61
1924,2013,4.0,2013-09-29 17:00:00+00:00,33,1,8,10,13,23
1925,2013,4.0,2013-09-29 17:00:00+00:00,15,14,13,3,37,40
1926,2013,4.0,2013-09-29 17:00:00+00:00,13,31,10,20,23,43
1927,2013,4.0,2013-09-29 20:05:00+00:00,34,25,4,38,13,51
1928,2013,4.0,2013-09-29 20:25:00+00:00,10,27,32,52,20,72
1929,2013,4.0,2013-09-29 20:25:00+00:00,26,37,16,14,24,38
1930,2013,4.0,2013-09-29 20:25:00+00:00,29,9,28,30,21,51
1931,2013,4.0,2013-09-30 00:30:00+00:00,2,22,17,23,30,53
1932,2013,4.0,2013-10-01 00:30:00+00:00,23,20,31,38,17,55
1933,2013,5.0,2013-10-04 00:25:00+00:00,8,4,2,37,24,61
1934,2013,5.0,2013-10-06 17:00:00+00:00,6,23,18,18,26,44
1935,2013,5.0,2013-10-06 17:00:00+00:00,7,22,19,13,6,19
1936,2013,5.0,2013-10-06 17:00:00+00:00,12,11,11,22,9,31
1937,2013,5.0,2013-10-06 17:00:00+00:00,34,16,4,17,26,43
1938,2013,5.0,2013-10-06 17:00:00+00:00,14,31,36,34,28,62
1939,2013,5.0,2013-10-06 17:00:00+00:00,32,15,6,34,20,54
1940,2013,5.0,2013-10-06 17:00:00+00:00,20,3,33,23,26,49
1941,2013,5.0,2013-10-06 17:00:00+00:00,24,27,40,21,36,57
1942,2013,5.0,2013-10-06 20:05:00+00:00,1,5,12,22,6,28
1943,2013,5.0,2013-10-06 20:25:00+00:00,9,10,39,48,51,99
1944,2013,5.0,2013-10-07 00:30:00+00:00,30,13,34,34,3,37
1945,2013,5.0,2013-10-07 03:35:00+00:00,26,29,16,27,17,44
1946,2013,5.0,2013-10-08 00:30:00+00:00,2,25,17,28,30,58
1947,2013,6.0,2013-10-11 00:25:00+00:00,6,24,18,27,21,48
1948,2013,6.0,2013-10-13 17:00:00+00:00,4,7,30,24,27,51
1949,2013,6.0,2013-10-13 17:00:00+00:00,8,11,2,17,31,48
1950,2013,6.0,2013-10-13 17:00:00+00:00,16,26,5,24,7,31
1951,2013,6.0,2013-10-13 17:00:00+00:00,21,5,37,10,35,45
1952,2013,6.0,2013-10-13 17:00:00+00:00,25,28,40,6,19,25
1953,2013,6.0,2013-10-13 17:00:00+00:00,33,27,8,20,31,51
1954,2013,6.0,2013-10-13 17:00:00+00:00,3,12,24,17,19,36
1955,2013,6.0,2013-10-13 17:00:00+00:00,13,32,10,13,38,51
1956,2013,6.0,2013-10-13 20:05:00+00:00,10,15,32,35,19,54
1957,2013,6.0,2013-10-13 20:05:00+00:00,31,34,26,20,13,33
1958,2013,6.0,2013-10-13 20:25:00+00:00,22,23,7,30,27,57
1959,2013,6.0,2013-10-13 20:25:00+00:00,30,1,34,32,20,52
1960,2013,6.0,2013-10-14 00:30:00+00:00,9,37,39,31,16,47
1961,2013,6.0,2013-10-15 00:30:00+00:00,29,14,28,19,9,28
1962,2013,7.0,2013-10-18 00:25:00+00:00,1,31,12,22,34,56
1963,2013,7.0,2013-10-20 17:00:00+00:00,2,33,17,31,23,54
1964,2013,7.0,2013-10-20 17:00:00+00:00,11,7,3,24,27,51
1965,2013,7.0,2013-10-20 17:00:00+00:00,20,4,33,21,23,44
1966,2013,7.0,2013-10-20 17:00:00+00:00,25,22,40,30,27,57
1967,2013,7.0,2013-10-20 17:00:00+00:00,27,9,23,3,17,20
1968,2013,7.0,2013-10-20 17:00:00+00:00,37,6,15,45,41,86
1969,2013,7.0,2013-10-20 17:00:00+00:00,5,32,9,30,15,45
1970,2013,7.0,2013-10-20 17:00:00+00:00,15,29,13,6,24,30
1971,2013,7.0,2013-10-20 20:05:00+00:00,34,30,4,17,31,48
1972,2013,7.0,2013-10-20 20:25:00+00:00,12,8,11,31,13,44
1973,2013,7.0,2013-10-20 20:25:00+00:00,16,13,5,17,16,33
1974,2013,7.0,2013-10-20 20:25:00+00:00,28,3,1,19,16,35
1975,2013,7.0,2013-10-21 00:30:00+00:00,14,10,36,39,33,72
1976,2013,7.0,2013-10-22 00:30:00+00:00,24,21,40,23,7,30
1977,2013,8.0,2013-10-25 00:25:00+00:00,33,5,8,13,31,44
1978,2013,8.0,2013-10-27 17:00:00+00:00,11,9,3,31,30,61
1979,2013,8.0,2013-10-27 17:00:00+00:00,16,8,5,23,17,40
1980,2013,8.0,2013-10-27 17:00:00+00:00,22,20,7,27,17,44
1981,2013,8.0,2013-10-27 17:00:00+00:00,23,4,31,35,17,52
1982,2013,8.0,2013-10-27 17:00:00+00:00,27,24,23,7,15,22
1983,2013,8.0,2013-10-27 17:00:00+00:00,15,30,35,10,42,52
1984,2013,8.0,2013-10-27 20:05:00+00:00,7,25,19,49,9,58
1985,2013,8.0,2013-10-27 20:05:00+00:00,26,28,16,21,18,39
1986,2013,8.0,2013-10-27 20:25:00+00:00,10,37,32,45,21,66
1987,2013,8.0,2013-10-27 20:25:00+00:00,1,2,12,27,13,40
1988,2013,8.0,2013-10-28 00:30:00+00:00,21,12,37,31,44,75
1989,2013,8.0,2013-10-29 00:30:00+00:00,32,31,6,9,14,23
1990,2013,9.0,2013-11-01 00:25:00+00:00,20,7,33,22,20,42
1991,2013,9.0,2013-11-03 18:00:00+00:00,4,16,30,13,23,36
1992,2013,9.0,2013-11-03 18:00:00+00:00,9,21,39,27,23,50
1993,2013,9.0,2013-11-03 18:00:00+00:00,32,34,6,21,28,49
1994,2013,9.0,2013-11-03 18:00:00+00:00,25,23,40,26,20,46
1995,2013,9.0,2013-11-03 18:00:00+00:00,37,29,15,30,24,54
1996,2013,9.0,2013-11-03 18:00:00+00:00,5,2,9,34,10,44
1997,2013,9.0,2013-11-03 21:05:00+00:00,26,27,16,20,49,69
1998,2013,9.0,2013-11-03 21:05:00+00:00,31,33,26,27,24,51
1999,2013,9.0,2013-11-03 21:25:00+00:00,8,3,2,24,18,42
2000,2013,9.0,2013-11-03 21:25:00+00:00,22,28,7,55,31,86
2001,2013,9.0,2013-11-04 01:30:00+00:00,13,14,10,24,27,51
2002,2013,9.0,2013-11-05 01:30:00+00:00,12,6,11,20,27,47
2003,2013,10.0,2013-11-08 01:25:00+00:00,21,37,37,34,27,61
2004,2013,10.0,2013-11-10 18:00:00+00:00,2,31,17,10,33,43
2005,2013,10.0,2013-11-10 18:00:00+00:00,6,11,18,19,21,40
2006,2013,10.0,2013-11-10 18:00:00+00:00,12,27,11,13,27,40
2007,2013,10.0,2013-11-10 18:00:00+00:00,34,15,4,27,29,56
2008,2013,10.0,2013-11-10 18:00:00+00:00,14,32,36,8,38,46
2009,2013,10.0,2013-11-10 18:00:00+00:00,24,26,40,24,20,44
2010,2013,10.0,2013-11-10 18:00:00+00:00,28,4,1,23,10,33
2011,2013,10.0,2013-11-10 18:00:00+00:00,3,7,24,20,17,37
2012,2013,10.0,2013-11-10 21:05:00+00:00,30,5,34,9,10,19
2013,2013,10.0,2013-11-10 21:25:00+00:00,1,13,12,27,24,51
2014,2013,10.0,2013-11-10 21:25:00+00:00,29,10,28,20,28,48
2015,2013,10.0,2013-11-11 01:30:00+00:00,23,9,31,49,17,66
2016,2013,10.0,2013-11-12 01:30:00+00:00,33,20,8,22,19,41
2017,2013,11.0,2013-11-15 01:25:00+00:00,34,14,4,27,30,57
2018,2013,11.0,2013-11-17 18:00:00+00:00,4,25,30,37,14,51
2019,2013,11.0,2013-11-17 18:00:00+00:00,6,3,18,23,20,43
2020,2013,11.0,2013-11-17 18:00:00+00:00,7,8,19,41,20,61
2021,2013,11.0,2013-11-17 18:00:00+00:00,27,37,23,24,16,40
2022,2013,11.0,2013-11-17 18:00:00+00:00,28,11,1,37,27,64
2023,2013,11.0,2013-11-17 18:00:00+00:00,33,2,8,41,28,69
2024,2013,11.0,2013-11-17 18:00:00+00:00,15,1,13,14,27,41
2025,2013,11.0,2013-11-17 18:00:00+00:00,13,26,10,23,28,51
2026,2013,11.0,2013-11-17 21:05:00+00:00,20,29,33,20,16,36
2027,2013,11.0,2013-11-17 21:25:00+00:00,23,30,31,23,20,43
2028,2013,11.0,2013-11-17 21:25:00+00:00,24,12,40,27,13,40
2029,2013,11.0,2013-11-17 21:25:00+00:00,31,21,26,41,20,61
2030,2013,11.0,2013-11-18 01:30:00+00:00,10,16,32,27,17,44
2031,2013,11.0,2013-11-19 01:30:00+00:00,5,22,9,24,20,44
2032,2013,12.0,2013-11-22 01:25:00+00:00,2,23,17,13,17,30
2033,2013,12.0,2013-11-24 18:00:00+00:00,8,28,2,11,27,38
2034,2013,12.0,2013-11-24 18:00:00+00:00,11,33,3,21,24,45
2035,2013,12.0,2013-11-24 18:00:00+00:00,12,21,11,26,26,52
2036,2013,12.0,2013-11-24 18:00:00+00:00,16,29,5,38,41,79
2037,2013,12.0,2013-11-24 18:00:00+00:00,32,6,6,42,21,63
2038,2013,12.0,2013-11-24 18:00:00+00:00,20,5,33,16,20,36
2039,2013,12.0,2013-11-24 18:00:00+00:00,3,25,24,19,3,22
2040,2013,12.0,2013-11-24 18:00:00+00:00,13,15,10,6,13,19
2041,2013,12.0,2013-11-24 21:05:00+00:00,26,34,16,19,23,42
2042,2013,12.0,2013-11-24 21:05:00+00:00,1,14,12,40,11,51
2043,2013,12.0,2013-11-24 21:25:00+00:00,24,9,40,21,24,45
2044,2013,12.0,2013-11-25 01:30:00+00:00,22,10,7,34,31,65
2045,2013,12.0,2013-11-26 01:30:00+00:00,37,30,15,6,27,33
2046,2013,13.0,2013-11-28 17:30:00+00:00,11,12,3,40,10,50
2047,2013,13.0,2013-11-28 21:30:00+00:00,9,26,39,31,24,55
2048,2013,13.0,2013-11-29 01:30:00+00:00,3,28,24,22,20,42
2049,2013,13.0,2013-12-01 18:00:00+00:00,8,15,2,28,32,60
2050,2013,13.0,2013-12-01 18:00:00+00:00,14,34,36,22,14,36
2051,2013,13.0,2013-12-01 18:00:00+00:00,21,6,37,23,20,43
2052,2013,13.0,2013-12-01 18:00:00+00:00,25,20,40,3,23,26
2053,2013,13.0,2013-12-01 18:00:00+00:00,27,1,23,24,21,45
2054,2013,13.0,2013-12-01 18:00:00+00:00,5,33,9,27,6,33
2055,2013,13.0,2013-12-01 18:00:00+00:00,13,22,10,31,34,65
2056,2013,13.0,2013-12-01 21:05:00+00:00,4,2,38,31,34,65
2057,2013,13.0,2013-12-01 21:05:00+00:00,30,32,34,23,13,36
2058,2013,13.0,2013-12-01 21:25:00+00:00,16,10,5,28,35,63
2059,2013,13.0,2013-12-01 21:25:00+00:00,29,7,28,10,17,27
2060,2013,13.0,2013-12-02 01:30:00+00:00,37,24,15,17,24,41
2061,2013,13.0,2013-12-03 01:30:00+00:00,31,23,26,34,7,41
2062,2013,14.0,2013-12-06 01:25:00+00:00,15,13,13,27,20,47
2063,2013,14.0,2013-12-08 18:00:00+00:00,7,14,19,42,28,70
2064,2013,14.0,2013-12-08 18:00:00+00:00,12,2,11,22,21,43
2065,2013,14.0,2013-12-08 18:00:00+00:00,22,8,7,27,26,53
2066,2013,14.0,2013-12-08 18:00:00+00:00,25,26,40,37,27,64
2067,2013,14.0,2013-12-08 18:00:00+00:00,27,11,23,34,20,54
2068,2013,14.0,2013-12-08 18:00:00+00:00,28,20,1,28,34,62
2069,2013,14.0,2013-12-08 18:00:00+00:00,33,4,8,27,6,33
2070,2013,14.0,2013-12-08 18:00:00+00:00,37,16,15,10,45,55
2071,2013,14.0,2013-12-08 18:00:00+00:00,3,21,24,29,26,55
2072,2013,14.0,2013-12-08 21:05:00+00:00,10,34,32,51,28,79
2073,2013,14.0,2013-12-08 21:25:00+00:00,1,32,12,30,10,40
2074,2013,14.0,2013-12-08 21:25:00+00:00,29,24,28,37,14,51
2075,2013,14.0,2013-12-08 21:25:00+00:00,30,31,34,19,17,36
2076,2013,14.0,2013-12-09 01:30:00+00:00,23,5,31,31,13,44
2077,2013,14.0,2013-12-10 01:30:00+00:00,6,9,18,45,28,73
2078,2013,15.0,2013-12-13 01:25:00+00:00,10,29,32,20,27,47
2079,2013,15.0,2013-12-15 18:00:00+00:00,2,37,17,27,26,53
2080,2013,15.0,2013-12-15 18:00:00+00:00,8,6,2,31,38,69
2081,2013,15.0,2013-12-15 18:00:00+00:00,14,13,36,25,3,28
2082,2013,15.0,2013-12-15 18:00:00+00:00,20,22,33,24,20,44
2083,2013,15.0,2013-12-15 18:00:00+00:00,21,27,37,48,30,78
2084,2013,15.0,2013-12-15 18:00:00+00:00,24,31,40,0,23,23
2085,2013,15.0,2013-12-15 18:00:00+00:00,33,30,8,14,33,47
2086,2013,15.0,2013-12-15 18:00:00+00:00,15,4,13,20,27,47
2087,2013,15.0,2013-12-15 21:05:00+00:00,26,16,16,31,56,87
2088,2013,15.0,2013-12-15 21:05:00+00:00,5,25,9,30,20,50
2089,2013,15.0,2013-12-15 21:25:00+00:00,9,12,39,36,37,73
2090,2013,15.0,2013-12-15 21:25:00+00:00,34,1,4,34,37,71
2091,2013,15.0,2013-12-15 21:25:00+00:00,32,23,6,27,16,43
2092,2013,15.0,2013-12-16 01:30:00+00:00,28,7,1,30,20,50
2093,2013,15.0,2013-12-17 01:30:00+00:00,11,3,3,16,18,34
2094,2013,16.0,2013-12-22 18:00:00+00:00,4,20,30,19,0,19
2095,2013,16.0,2013-12-22 18:00:00+00:00,7,21,19,42,14,56
2096,2013,16.0,2013-12-22 18:00:00+00:00,16,14,5,7,23,30
2097,2013,16.0,2013-12-22 18:00:00+00:00,32,33,6,23,13,36
2098,2013,16.0,2013-12-22 18:00:00+00:00,25,8,40,24,13,37
2099,2013,16.0,2013-12-22 18:00:00+00:00,37,9,15,23,24,47
2100,2013,16.0,2013-12-22 18:00:00+00:00,5,23,9,17,13,30
2101,2013,16.0,2013-12-22 18:00:00+00:00,15,34,13,16,20,36
2102,2013,16.0,2013-12-22 18:00:00+00:00,13,10,10,13,37,50
2103,2013,16.0,2013-12-22 21:05:00+00:00,11,24,3,20,23,43
2104,2013,16.0,2013-12-22 21:05:00+00:00,31,1,26,10,17,27
2105,2013,16.0,2013-12-22 21:25:00+00:00,12,28,11,31,38,69
2106,2013,16.0,2013-12-22 21:25:00+00:00,29,26,28,26,13,39
2107,2013,16.0,2013-12-22 21:25:00+00:00,3,22,24,7,41,48
2108,2013,16.0,2013-12-23 01:30:00+00:00,27,6,23,54,11,65
2109,2013,16.0,2013-12-24 01:30:00+00:00,30,2,34,34,24,58
2110,2013,17.0,2013-12-29 18:00:00+00:00,2,5,17,20,21,41
2111,2013,17.0,2013-12-29 18:00:00+00:00,7,3,19,34,17,51
2112,2013,17.0,2013-12-29 18:00:00+00:00,34,13,4,16,10,26
2113,2013,17.0,2013-12-29 18:00:00+00:00,14,15,36,30,10,40
2114,2013,17.0,2013-12-29 18:00:00+00:00,20,25,33,7,20,27
2115,2013,17.0,2013-12-29 18:00:00+00:00,21,11,37,14,13,27
2116,2013,17.0,2013-12-29 18:00:00+00:00,24,37,40,20,6,26
2117,2013,17.0,2013-12-29 18:00:00+00:00,28,8,1,20,7,27
2118,2013,17.0,2013-12-29 21:25:00+00:00,6,12,18,28,33,61
2119,2013,17.0,2013-12-29 21:25:00+00:00,26,10,16,14,34,48
2120,2013,17.0,2013-12-29 21:25:00+00:00,22,4,7,34,20,54
2121,2013,17.0,2013-12-29 21:25:00+00:00,23,33,31,42,17,59
2122,2013,17.0,2013-12-29 21:25:00+00:00,1,30,12,20,23,43
2123,2013,17.0,2013-12-29 21:25:00+00:00,29,16,28,27,24,51
2124,2013,17.0,2013-12-29 21:25:00+00:00,31,32,26,27,9,36
2125,2013,17.0,2013-12-30 01:30:00+00:00,9,27,39,22,24,46
2126,2013,1.0,2014-01-04 21:35:00+00:00,14,16,36,45,44,89
2127,2013,1.0,2014-01-05 01:10:00+00:00,27,23,23,24,26,50
2128,2013,1.0,2014-01-05 18:05:00+00:00,7,29,19,10,27,37
2129,2013,1.0,2014-01-05 21:40:00+00:00,12,30,11,20,23,43
2130,2013,2.0,2014-01-11 21:35:00+00:00,31,23,26,23,15,38
2131,2013,2.0,2014-01-12 01:15:00+00:00,22,14,7,43,22,65
2132,2013,2.0,2014-01-12 18:05:00+00:00,5,30,9,10,23,33
2133,2013,2.0,2014-01-12 21:40:00+00:00,10,29,32,24,17,41
2134,2013,3.0,2014-01-19 20:00:00+00:00,10,22,32,26,16,42
2135,2013,3.0,2014-01-19 23:30:00+00:00,31,30,26,23,17,40
2136,2013,5.0,2014-02-02 23:25:00+00:00,10,31,40,8,43,51
2137,2014,1.0,2014-09-05 00:30:00+00:00,31,12,26,36,16,52
2138,2014,1.0,2014-09-07 17:00:00+00:00,2,23,17,37,34,71
2139,2014,1.0,2014-09-07 17:00:00+00:00,6,4,18,20,23,43
2140,2014,1.0,2014-09-07 17:00:00+00:00,16,34,5,10,26,36
2141,2014,1.0,2014-09-07 17:00:00+00:00,32,21,6,6,34,40
2142,2014,1.0,2014-09-07 17:00:00+00:00,20,22,33,33,20,53
2143,2014,1.0,2014-09-07 17:00:00+00:00,25,26,40,19,14,33
2144,2014,1.0,2014-09-07 17:00:00+00:00,27,15,23,34,17,51
2145,2014,1.0,2014-09-07 17:00:00+00:00,28,8,1,30,27,57
2146,2014,1.0,2014-09-07 17:00:00+00:00,3,7,24,16,23,39
2147,2014,1.0,2014-09-07 17:00:00+00:00,13,37,10,17,6,23
2148,2014,1.0,2014-09-07 20:25:00+00:00,9,30,39,17,28,45
2149,2014,1.0,2014-09-07 20:25:00+00:00,33,5,8,14,20,34
2150,2014,1.0,2014-09-08 00:30:00+00:00,10,14,32,31,24,55
2151,2014,1.0,2014-09-08 23:10:00+00:00,11,24,3,35,14,49
2152,2014,1.0,2014-09-09 02:20:00+00:00,1,29,12,18,17,35
2153,2014,2.0,2014-09-12 00:25:00+00:00,3,28,24,26,6,32
2154,2014,2.0,2014-09-14 17:00:00+00:00,4,20,30,29,10,39
2155,2014,2.0,2014-09-14 17:00:00+00:00,7,2,19,24,10,34
2156,2014,2.0,2014-09-14 17:00:00+00:00,8,23,2,26,24,50
2157,2014,2.0,2014-09-14 17:00:00+00:00,34,9,4,10,26,36
2158,2014,2.0,2014-09-14 17:00:00+00:00,21,22,41,7,30,37
2159,2014,2.0,2014-09-14 17:00:00+00:00,24,1,40,14,25,39
2160,2014,2.0,2014-09-14 17:00:00+00:00,37,15,15,41,10,51
2161,2014,2.0,2014-09-14 17:00:00+00:00,5,11,9,24,7,31
2162,2014,2.0,2014-09-14 20:05:00+00:00,29,31,28,30,21,51
2163,2014,2.0,2014-09-14 20:05:00+00:00,33,32,8,17,19,36
2164,2014,2.0,2014-09-14 20:25:00+00:00,10,16,32,24,17,41
2165,2014,2.0,2014-09-14 20:25:00+00:00,12,25,11,31,24,55
2166,2014,2.0,2014-09-14 20:25:00+00:00,26,13,16,14,30,44
2167,2014,2.0,2014-09-15 00:30:00+00:00,30,6,42,20,28,48
2168,2014,2.0,2014-09-16 00:30:00+00:00,14,27,36,27,30,57
2169,2014,3.0,2014-09-19 00:25:00+00:00,2,33,17,56,14,70
2170,2014,3.0,2014-09-21 17:00:00+00:00,4,29,30,10,22,32
2171,2014,3.0,2014-09-21 17:00:00+00:00,7,34,19,33,7,40
2172,2014,3.0,2014-09-21 17:00:00+00:00,8,3,2,21,23,44
2173,2014,3.0,2014-09-21 17:00:00+00:00,11,12,3,19,7,26
2174,2014,3.0,2014-09-21 17:00:00+00:00,32,9,6,31,34,65
2175,2014,3.0,2014-09-21 17:00:00+00:00,22,26,7,16,9,25
2176,2014,3.0,2014-09-21 17:00:00+00:00,23,21,31,20,9,29
2177,2014,3.0,2014-09-21 17:00:00+00:00,24,13,40,30,17,47
2178,2014,3.0,2014-09-21 17:00:00+00:00,27,37,23,37,34,71
2179,2014,3.0,2014-09-21 17:00:00+00:00,15,14,13,17,44,61
2180,2014,3.0,2014-09-21 20:05:00+00:00,1,30,12,23,14,37
2181,2014,3.0,2014-09-21 20:25:00+00:00,20,16,33,15,34,49
2182,2014,3.0,2014-09-21 20:25:00+00:00,31,10,26,26,20,46
2183,2014,3.0,2014-09-22 00:30:00+00:00,5,28,9,19,37,56
2184,2014,3.0,2014-09-23 00:30:00+00:00,25,6,40,19,27,46
2185,2014,4.0,2014-09-26 00:25:00+00:00,37,24,15,14,45,59
2186,2014,4.0,2014-09-28 17:00:00+00:00,6,12,18,17,38,55
2187,2014,4.0,2014-09-28 17:00:00+00:00,14,34,36,41,17,58
2188,2014,4.0,2014-09-28 17:00:00+00:00,26,20,35,14,38,52
2189,2014,4.0,2014-09-28 17:00:00+00:00,25,11,40,17,24,41
2190,2014,4.0,2014-09-28 17:00:00+00:00,28,33,1,24,27,51
2191,2014,4.0,2014-09-28 17:00:00+00:00,3,5,24,38,10,48
2192,2014,4.0,2014-09-28 17:00:00+00:00,13,4,10,23,17,40
2193,2014,4.0,2014-09-28 20:05:00+00:00,29,15,28,33,14,47
2194,2014,4.0,2014-09-28 20:25:00+00:00,21,2,41,41,28,69
2195,2014,4.0,2014-09-28 20:25:00+00:00,30,27,42,26,21,47
2196,2014,4.0,2014-09-29 00:30:00+00:00,9,23,39,38,17,55
2197,2014,4.0,2014-09-30 00:30:00+00:00,16,22,5,41,14,55
2198,2014,5.0,2014-10-03 00:25:00+00:00,12,21,11,42,10,52
2199,2014,5.0,2014-10-05 17:00:00+00:00,9,13,39,20,17,37
2200,2014,5.0,2014-10-05 17:00:00+00:00,11,4,3,14,17,31
2201,2014,5.0,2014-10-05 17:00:00+00:00,34,8,4,28,29,57
2202,2014,5.0,2014-10-05 17:00:00+00:00,14,3,36,20,13,33
2203,2014,5.0,2014-10-05 17:00:00+00:00,23,33,31,37,31,68
2204,2014,5.0,2014-10-05 17:00:00+00:00,24,2,40,30,20,50
2205,2014,5.0,2014-10-05 17:00:00+00:00,27,32,23,34,28,62
2206,2014,5.0,2014-10-05 17:00:00+00:00,5,6,9,31,24,55
2207,2014,5.0,2014-10-05 17:00:00+00:00,15,28,13,9,17,26
2208,2014,5.0,2014-10-05 20:05:00+00:00,10,1,32,41,20,61
2209,2014,5.0,2014-10-05 20:25:00+00:00,29,25,28,31,0,31
2210,2014,5.0,2014-10-05 20:25:00+00:00,30,16,42,22,17,39
2211,2014,5.0,2014-10-06 00:30:00+00:00,22,7,7,43,17,60
2212,2014,5.0,2014-10-07 00:30:00+00:00,37,31,15,17,27,44
2213,2014,6.0,2014-10-10 00:25:00+00:00,13,14,10,28,33,61
2214,2014,6.0,2014-10-12 17:00:00+00:00,4,22,30,22,37,59
2215,2014,6.0,2014-10-12 17:00:00+00:00,7,5,19,37,37,74
2216,2014,6.0,2014-10-12 17:00:00+00:00,8,28,2,31,10,41
2217,2014,6.0,2014-10-12 17:00:00+00:00,34,15,4,16,14,30
2218,2014,6.0,2014-10-12 17:00:00+00:00,20,12,33,24,27,51
2219,2014,6.0,2014-10-12 17:00:00+00:00,21,11,41,3,17,20
2220,2014,6.0,2014-10-12 17:00:00+00:00,25,10,40,17,31,48
2221,2014,6.0,2014-10-12 17:00:00+00:00,33,3,8,17,48,65
2222,2014,6.0,2014-10-12 20:05:00+00:00,26,29,16,28,31,59
2223,2014,6.0,2014-10-12 20:25:00+00:00,2,6,17,13,27,40
2224,2014,6.0,2014-10-12 20:25:00+00:00,1,37,12,30,20,50
2225,2014,6.0,2014-10-12 20:25:00+00:00,31,9,26,23,30,53
2226,2014,6.0,2014-10-13 00:30:00+00:00,27,24,23,27,0,27
2227,2014,6.0,2014-10-14 00:30:00+00:00,32,30,6,17,31,48
2228,2014,7.0,2014-10-17 00:25:00+00:00,22,25,7,27,25,52
2229,2014,7.0,2014-10-19 17:00:00+00:00,4,21,30,17,16,33
2230,2014,7.0,2014-10-19 17:00:00+00:00,6,20,18,14,27,41
2231,2014,7.0,2014-10-19 17:00:00+00:00,11,23,3,24,23,47
2232,2014,7.0,2014-10-19 17:00:00+00:00,12,5,11,38,17,55
2233,2014,7.0,2014-10-19 17:00:00+00:00,14,7,36,27,0,27
2234,2014,7.0,2014-10-19 17:00:00+00:00,32,31,6,28,26,54
2235,2014,7.0,2014-10-19 17:00:00+00:00,37,34,15,19,17,36
2236,2014,7.0,2014-10-19 17:00:00+00:00,15,8,13,24,6,30
2237,2014,7.0,2014-10-19 17:00:00+00:00,3,2,24,29,7,36
2238,2014,7.0,2014-10-19 20:05:00+00:00,29,16,28,20,23,43
2239,2014,7.0,2014-10-19 20:25:00+00:00,9,24,39,31,21,52
2240,2014,7.0,2014-10-19 20:25:00+00:00,26,1,16,13,24,37
2241,2014,7.0,2014-10-20 00:30:00+00:00,10,30,32,42,17,59
2242,2014,7.0,2014-10-21 00:30:00+00:00,28,13,1,30,23,53
2243,2014,8.0,2014-10-24 00:25:00+00:00,10,29,32,35,21,56
2244,2014,8.0,2014-10-26 13:30:00+00:00,2,11,35,21,22,43
2245,2014,8.0,2014-10-26 17:00:00+00:00,7,3,19,27,24,51
2246,2014,8.0,2014-10-26 17:00:00+00:00,34,13,4,16,30,46
2247,2014,8.0,2014-10-26 17:00:00+00:00,16,32,5,34,7,41
2248,2014,8.0,2014-10-26 17:00:00+00:00,22,6,7,51,23,74
2249,2014,8.0,2014-10-26 17:00:00+00:00,25,4,40,23,43,66
2250,2014,8.0,2014-10-26 17:00:00+00:00,33,21,8,13,19,32
2251,2014,8.0,2014-10-26 17:00:00+00:00,5,31,9,9,13,22
2252,2014,8.0,2014-10-26 17:00:00+00:00,15,20,13,13,27,40
2253,2014,8.0,2014-10-26 20:05:00+00:00,1,27,12,24,20,44
2254,2014,8.0,2014-10-26 20:25:00+00:00,8,26,2,23,13,36
2255,2014,8.0,2014-10-26 20:25:00+00:00,28,14,1,51,34,85
2256,2014,8.0,2014-10-27 00:30:00+00:00,23,12,31,44,23,67
2257,2014,8.0,2014-10-28 00:30:00+00:00,9,37,39,17,20,37
2258,2014,9.0,2014-10-31 00:25:00+00:00,5,23,9,10,28,38
2259,2014,9.0,2014-11-02 18:00:00+00:00,7,15,19,33,23,56
2260,2014,9.0,2014-11-02 18:00:00+00:00,8,33,2,22,17,39
2261,2014,9.0,2014-11-02 18:00:00+00:00,9,1,39,17,28,45
2262,2014,9.0,2014-11-02 18:00:00+00:00,16,25,5,24,10,34
2263,2014,9.0,2014-11-02 18:00:00+00:00,20,29,33,37,0,37
2264,2014,9.0,2014-11-02 18:00:00+00:00,21,37,41,29,26,55
2265,2014,9.0,2014-11-02 18:00:00+00:00,13,27,10,21,31,52
2266,2014,9.0,2014-11-02 21:05:00+00:00,30,32,42,10,13,23
2267,2014,9.0,2014-11-02 21:25:00+00:00,22,10,7,43,21,64
2268,2014,9.0,2014-11-02 21:25:00+00:00,31,26,26,30,24,54
2269,2014,9.0,2014-11-03 01:30:00+00:00,28,3,1,43,23,66
2270,2014,9.0,2014-11-04 01:30:00+00:00,24,14,40,24,40,64
2271,2014,10.0,2014-11-07 01:25:00+00:00,7,8,19,3,24,27
2272,2014,10.0,2014-11-09 18:00:00+00:00,4,16,30,13,17,30
2273,2014,10.0,2014-11-09 18:00:00+00:00,11,20,3,20,16,36
2274,2014,10.0,2014-11-09 18:00:00+00:00,23,30,31,24,27,51
2275,2014,10.0,2014-11-09 18:00:00+00:00,25,28,40,20,13,33
2276,2014,10.0,2014-11-09 18:00:00+00:00,33,2,8,17,27,44
2277,2014,10.0,2014-11-09 18:00:00+00:00,15,9,35,17,31,48
2278,2014,10.0,2014-11-09 18:00:00+00:00,3,34,24,21,7,28
2279,2014,10.0,2014-11-09 21:05:00+00:00,26,10,16,17,41,58
2280,2014,10.0,2014-11-09 21:25:00+00:00,1,32,12,31,14,45
2281,2014,10.0,2014-11-09 21:25:00+00:00,31,24,26,38,17,55
2282,2014,10.0,2014-11-10 01:30:00+00:00,12,6,11,55,14,69
2283,2014,10.0,2014-11-11 01:30:00+00:00,27,5,23,45,21,66
2284,2014,11.0,2014-11-14 01:25:00+00:00,20,4,33,22,9,31
2285,2014,11.0,2014-11-16 18:00:00+00:00,6,21,18,21,13,34
2286,2014,11.0,2014-11-16 18:00:00+00:00,8,13,2,7,23,30
2287,2014,11.0,2014-11-16 18:00:00+00:00,16,31,5,24,20,44
2288,2014,11.0,2014-11-16 18:00:00+00:00,32,10,6,22,7,29
2289,2014,11.0,2014-11-16 18:00:00+00:00,23,7,31,10,27,37
2290,2014,11.0,2014-11-16 18:00:00+00:00,24,30,40,10,16,26
2291,2014,11.0,2014-11-16 18:00:00+00:00,37,33,15,7,27,34
2292,2014,11.0,2014-11-16 18:00:00+00:00,5,2,9,17,19,36
2293,2014,11.0,2014-11-16 21:05:00+00:00,29,26,28,13,6,19
2294,2014,11.0,2014-11-16 21:25:00+00:00,12,27,11,53,20,73
2295,2014,11.0,2014-11-16 21:25:00+00:00,1,11,12,14,6,20
2296,2014,11.0,2014-11-17 01:30:00+00:00,14,22,36,20,42,62
2297,2014,11.0,2014-11-18 01:30:00+00:00,34,28,4,24,27,51
2298,2014,12.0,2014-11-21 01:25:00+00:00,26,16,16,24,20,44
2299,2014,12.0,2014-11-23 18:00:00+00:00,2,8,17,24,26,50
2300,2014,12.0,2014-11-23 18:00:00+00:00,6,33,18,21,13,34
2301,2014,12.0,2014-11-23 18:00:00+00:00,14,15,36,23,3,26
2302,2014,12.0,2014-11-23 18:00:00+00:00,21,12,41,21,24,45
2303,2014,12.0,2014-11-23 18:00:00+00:00,22,11,7,34,9,43
2304,2014,12.0,2014-11-23 18:00:00+00:00,27,34,23,43,24,67
2305,2014,12.0,2014-11-23 18:00:00+00:00,13,7,10,13,22,35
2306,2014,12.0,2014-11-23 21:05:00+00:00,29,32,28,27,24,51
2307,2014,12.0,2014-11-23 21:05:00+00:00,31,1,26,19,3,22
2308,2014,12.0,2014-11-23 21:25:00+00:00,10,20,32,39,36,75
2309,2014,12.0,2014-11-23 21:25:00+00:00,30,37,42,17,13,30
2310,2014,12.0,2014-11-24 01:30:00+00:00,24,9,40,28,31,59
2311,2014,12.0,2014-11-25 00:00:00+00:00,4,25,3,38,3,41
2312,2014,12.0,2014-11-25 01:30:00+00:00,23,3,31,27,34,61
2313,2014,13.0,2014-11-27 17:30:00+00:00,11,6,3,34,17,51
2314,2014,13.0,2014-11-27 21:30:00+00:00,9,27,39,10,33,43
2315,2014,13.0,2014-11-28 01:30:00+00:00,30,31,42,3,19,22
2316,2014,13.0,2014-11-30 18:00:00+00:00,4,8,30,26,10,36
2317,2014,13.0,2014-11-30 18:00:00+00:00,14,37,36,49,27,76
2318,2014,13.0,2014-11-30 18:00:00+00:00,32,26,6,52,0,52
2319,2014,13.0,2014-11-30 18:00:00+00:00,21,5,41,31,13,44
2320,2014,13.0,2014-11-30 18:00:00+00:00,28,23,1,32,35,67
2321,2014,13.0,2014-11-30 18:00:00+00:00,33,7,8,13,14,27
2322,2014,13.0,2014-11-30 18:00:00+00:00,15,24,13,25,24,49
2323,2014,13.0,2014-11-30 18:00:00+00:00,3,29,24,33,34,67
2324,2014,13.0,2014-11-30 18:00:00+00:00,13,34,10,45,21,66
2325,2014,13.0,2014-11-30 21:05:00+00:00,2,1,17,29,18,47
2326,2014,13.0,2014-11-30 21:25:00+00:00,12,22,11,26,21,47
2327,2014,13.0,2014-12-01 01:30:00+00:00,16,10,5,16,29,45
2328,2014,13.0,2014-12-02 01:30:00+00:00,25,20,40,13,16,29
2329,2014,14.0,2014-12-05 01:25:00+00:00,6,9,18,28,41,69
2330,2014,14.0,2014-12-07 18:00:00+00:00,7,28,19,21,42,63
2331,2014,14.0,2014-12-07 18:00:00+00:00,8,14,2,24,25,49
2332,2014,14.0,2014-12-07 18:00:00+00:00,11,33,3,34,17,51
2333,2014,14.0,2014-12-07 18:00:00+00:00,34,24,4,7,36,43
2334,2014,14.0,2014-12-07 18:00:00+00:00,20,3,33,13,28,41
2335,2014,14.0,2014-12-07 18:00:00+00:00,21,25,41,30,24,54
2336,2014,14.0,2014-12-07 18:00:00+00:00,23,5,31,10,41,51
2337,2014,14.0,2014-12-07 18:00:00+00:00,37,32,15,0,24,24
2338,2014,14.0,2014-12-07 18:00:00+00:00,15,13,13,13,27,40
2339,2014,14.0,2014-12-07 21:05:00+00:00,10,4,32,24,17,41
2340,2014,14.0,2014-12-07 21:05:00+00:00,1,16,12,17,14,31
2341,2014,14.0,2014-12-07 21:25:00+00:00,26,30,16,24,13,37
2342,2014,14.0,2014-12-07 21:25:00+00:00,27,31,23,14,24,38
2343,2014,14.0,2014-12-08 01:30:00+00:00,29,22,28,14,23,37
2344,2014,14.0,2014-12-09 01:30:00+00:00,12,2,11,43,37,80
2345,2014,15.0,2014-12-12 01:25:00+00:00,32,1,6,6,12,18
2346,2014,15.0,2014-12-14 18:00:00+00:00,2,28,17,20,27,47
2347,2014,15.0,2014-12-14 18:00:00+00:00,4,12,30,21,13,34
2348,2014,15.0,2014-12-14 18:00:00+00:00,8,7,2,0,30,30
2349,2014,15.0,2014-12-14 18:00:00+00:00,14,13,36,17,10,27
2350,2014,15.0,2014-12-14 18:00:00+00:00,16,26,5,31,13,44
2351,2014,15.0,2014-12-14 18:00:00+00:00,22,20,7,41,13,54
2352,2014,15.0,2014-12-14 18:00:00+00:00,24,37,40,24,13,37
2353,2014,15.0,2014-12-14 18:00:00+00:00,5,33,9,19,17,36
2354,2014,15.0,2014-12-14 18:00:00+00:00,3,15,24,20,12,32
2355,2014,15.0,2014-12-14 21:05:00+00:00,34,25,4,11,16,27
2356,2014,15.0,2014-12-14 21:05:00+00:00,29,10,28,10,22,32
2357,2014,15.0,2014-12-14 21:25:00+00:00,11,21,3,16,14,30
2358,2014,15.0,2014-12-14 21:25:00+00:00,31,30,26,17,7,24
2359,2014,15.0,2014-12-15 01:30:00+00:00,27,9,23,27,38,65
2360,2014,15.0,2014-12-16 01:30:00+00:00,6,23,18,15,31,46
2361,2014,16.0,2014-12-19 01:25:00+00:00,15,34,13,21,13,34
2362,2014,16.0,2014-12-20 21:30:00+00:00,37,27,15,27,24,51
2363,2014,16.0,2014-12-21 01:25:00+00:00,30,29,42,35,38,73
2364,2014,16.0,2014-12-21 18:00:00+00:00,6,11,18,14,20,34
2365,2014,16.0,2014-12-21 18:00:00+00:00,20,21,33,37,35,72
2366,2014,16.0,2014-12-21 18:00:00+00:00,23,2,31,14,30,44
2367,2014,16.0,2014-12-21 18:00:00+00:00,25,22,40,16,17,33
2368,2014,16.0,2014-12-21 18:00:00+00:00,28,16,1,20,12,32
2369,2014,16.0,2014-12-21 18:00:00+00:00,33,12,8,3,20,23
2370,2014,16.0,2014-12-21 18:00:00+00:00,5,8,9,17,13,30
2371,2014,16.0,2014-12-21 18:00:00+00:00,13,3,10,25,13,38
2372,2014,16.0,2014-12-21 21:05:00+00:00,32,24,6,27,37,64
2373,2014,16.0,2014-12-21 21:25:00+00:00,9,14,39,42,7,49
2374,2014,16.0,2014-12-21 21:25:00+00:00,26,4,16,26,24,50
2375,2014,16.0,2014-12-22 01:30:00+00:00,1,31,12,6,35,41
2376,2014,16.0,2014-12-23 01:30:00+00:00,7,10,19,37,28,65
2377,2014,17.0,2014-12-28 18:00:00+00:00,34,14,4,10,27,37
2378,2014,17.0,2014-12-28 18:00:00+00:00,16,29,5,19,7,26
2379,2014,17.0,2014-12-28 18:00:00+00:00,20,25,33,24,37,61
2380,2014,17.0,2014-12-28 18:00:00+00:00,21,6,41,13,9,22
2381,2014,17.0,2014-12-28 18:00:00+00:00,22,4,7,9,17,26
2382,2014,17.0,2014-12-28 18:00:00+00:00,24,27,40,26,34,60
2383,2014,17.0,2014-12-28 18:00:00+00:00,33,23,8,20,23,43
2384,2014,17.0,2014-12-28 18:00:00+00:00,37,9,15,17,44,61
2385,2014,17.0,2014-12-28 18:00:00+00:00,3,8,24,20,10,30
2386,2014,17.0,2014-12-28 18:00:00+00:00,13,15,10,23,17,40
2387,2014,17.0,2014-12-28 21:25:00+00:00,2,5,17,3,34,37
2388,2014,17.0,2014-12-28 21:25:00+00:00,10,26,32,47,14,61
2389,2014,17.0,2014-12-28 21:25:00+00:00,12,11,11,30,20,50
2390,2014,17.0,2014-12-28 21:25:00+00:00,30,1,42,20,17,37
2391,2014,17.0,2014-12-28 21:25:00+00:00,31,32,26,20,6,26
2392,2014,17.0,2014-12-29 01:30:00+00:00,28,7,1,27,17,44
2393,2014,1.0,2015-01-03 21:20:00+00:00,5,1,9,27,16,43
2394,2014,1.0,2015-01-04 01:15:00+00:00,28,3,1,17,30,47
2395,2014,1.0,2015-01-04 18:05:00+00:00,14,7,36,26,10,36
2396,2014,1.0,2015-01-04 21:40:00+00:00,9,11,39,24,20,44
2397,2014,2.0,2015-01-10 21:35:00+00:00,22,3,7,35,31,66
2398,2014,2.0,2015-01-11 01:15:00+00:00,31,5,26,31,17,48
2399,2014,2.0,2015-01-11 18:05:00+00:00,12,9,11,26,21,47
2400,2014,2.0,2015-01-11 21:40:00+00:00,10,14,32,13,24,37
2401,2014,3.0,2015-01-18 20:05:00+00:00,31,12,26,28,22,50
2402,2014,3.0,2015-01-18 23:50:00+00:00,22,14,7,45,7,52
2403,2014,5.0,2015-02-01 23:30:00+00:00,31,22,12,24,28,52
2404,2015,1.0,2015-09-11 00:30:00+00:00,22,28,7,28,21,49
2405,2015,1.0,2015-09-13 17:00:00+00:00,4,14,30,27,14,41
2406,2015,1.0,2015-09-13 17:00:00+00:00,6,12,18,23,31,54
2407,2015,1.0,2015-09-13 17:00:00+00:00,32,31,6,34,31,65
2408,2015,1.0,2015-09-13 17:00:00+00:00,25,8,40,31,10,41
2409,2015,1.0,2015-09-13 17:00:00+00:00,37,20,15,10,17,27
2410,2015,1.0,2015-09-13 17:00:00+00:00,15,5,13,9,20,29
2411,2015,1.0,2015-09-13 17:00:00+00:00,13,16,10,20,27,47
2412,2015,1.0,2015-09-13 20:05:00+00:00,1,23,12,31,19,50
2413,2015,1.0,2015-09-13 20:05:00+00:00,29,11,28,33,28,61
2414,2015,1.0,2015-09-13 20:25:00+00:00,10,3,32,19,13,32
2415,2015,1.0,2015-09-13 20:25:00+00:00,26,7,16,13,33,46
2416,2015,1.0,2015-09-13 20:25:00+00:00,33,34,8,14,42,56
2417,2015,1.0,2015-09-14 00:30:00+00:00,9,24,39,27,26,53
2418,2015,1.0,2015-09-14 22:55:00+00:00,2,27,17,26,24,50
2419,2015,1.0,2015-09-15 02:15:00+00:00,30,21,42,20,3,23
2420,2015,2.0,2015-09-18 00:25:00+00:00,16,10,5,24,31,55
2421,2015,2.0,2015-09-20 17:00:00+00:00,4,22,30,32,40,72
2422,2015,2.0,2015-09-20 17:00:00+00:00,6,1,18,23,48,71
2423,2015,2.0,2015-09-20 17:00:00+00:00,7,29,19,24,19,43
2424,2015,2.0,2015-09-20 17:00:00+00:00,8,34,2,28,14,42
2425,2015,2.0,2015-09-20 17:00:00+00:00,21,11,41,26,16,42
2426,2015,2.0,2015-09-20 17:00:00+00:00,23,33,31,19,26,45
2427,2015,2.0,2015-09-20 17:00:00+00:00,24,2,40,20,24,44
2428,2015,2.0,2015-09-20 17:00:00+00:00,28,30,1,43,18,61
2429,2015,2.0,2015-09-20 17:00:00+00:00,37,32,15,24,10,34
2430,2015,2.0,2015-09-20 17:00:00+00:00,5,13,9,24,17,41
2431,2015,2.0,2015-09-20 20:05:00+00:00,26,3,16,37,33,70
2432,2015,2.0,2015-09-20 20:05:00+00:00,15,20,13,23,20,43
2433,2015,2.0,2015-09-20 20:25:00+00:00,27,9,23,10,20,30
2434,2015,2.0,2015-09-21 00:30:00+00:00,12,31,11,27,17,44
2435,2015,2.0,2015-09-22 00:30:00+00:00,14,25,36,7,20,27
2436,2015,3.0,2015-09-25 00:25:00+00:00,24,37,40,32,21,53
2437,2015,3.0,2015-09-27 17:00:00+00:00,8,26,2,20,27,47
2438,2015,3.0,2015-09-27 17:00:00+00:00,9,2,39,28,39,67
2439,2015,3.0,2015-09-27 17:00:00+00:00,34,14,4,33,35,68
2440,2015,3.0,2015-09-27 17:00:00+00:00,32,28,6,6,12,18
2441,2015,3.0,2015-09-27 17:00:00+00:00,21,29,41,31,14,45
2442,2015,3.0,2015-09-27 17:00:00+00:00,22,15,7,51,17,68
2443,2015,3.0,2015-09-27 17:00:00+00:00,25,27,40,17,24,41
2444,2015,3.0,2015-09-27 17:00:00+00:00,5,23,9,27,22,49
2445,2015,3.0,2015-09-27 17:00:00+00:00,3,7,24,24,28,52
2446,2015,3.0,2015-09-27 17:00:00+00:00,13,33,10,19,9,28
2447,2015,3.0,2015-09-27 20:05:00+00:00,1,30,12,47,7,54
2448,2015,3.0,2015-09-27 20:25:00+00:00,20,4,33,14,41,55
2449,2015,3.0,2015-09-27 20:25:00+00:00,31,6,26,26,0,26
2450,2015,3.0,2015-09-28 00:30:00+00:00,11,10,3,12,24,36
2451,2015,3.0,2015-09-29 00:30:00+00:00,12,16,11,38,28,66
2452,2015,4.0,2015-10-02 00:25:00+00:00,28,3,1,20,23,43
2453,2015,4.0,2015-10-04 13:30:00+00:00,20,25,35,14,27,41
2454,2015,4.0,2015-10-04 17:00:00+00:00,2,13,17,48,21,69
2455,2015,4.0,2015-10-04 17:00:00+00:00,4,24,30,10,24,34
2456,2015,4.0,2015-10-04 17:00:00+00:00,6,26,18,22,20,42
2457,2015,4.0,2015-10-04 17:00:00+00:00,7,16,19,36,21,57
2458,2015,4.0,2015-10-04 17:00:00+00:00,14,15,36,16,13,29
2459,2015,4.0,2015-10-04 17:00:00+00:00,33,5,8,23,37,60
2460,2015,4.0,2015-10-04 17:00:00+00:00,37,27,15,23,20,43
2461,2015,4.0,2015-10-04 20:05:00+00:00,29,8,28,30,27,57
2462,2015,4.0,2015-10-04 20:25:00+00:00,10,21,32,23,20,43
2463,2015,4.0,2015-10-04 20:25:00+00:00,1,32,12,22,24,46
2464,2015,4.0,2015-10-04 20:25:00+00:00,30,12,42,3,17,20
2465,2015,4.0,2015-10-05 00:30:00+00:00,23,9,31,26,20,46
2466,2015,4.0,2015-10-06 00:30:00+00:00,31,11,26,13,10,23
2467,2015,5.0,2015-10-09 00:25:00+00:00,13,14,10,20,27,47
2468,2015,5.0,2015-10-11 17:00:00+00:00,2,37,17,25,19,44
2469,2015,5.0,2015-10-11 17:00:00+00:00,7,31,19,27,24,51
2470,2015,5.0,2015-10-11 17:00:00+00:00,12,32,11,24,10,34
2471,2015,5.0,2015-10-11 17:00:00+00:00,34,4,4,13,14,27
2472,2015,5.0,2015-10-11 17:00:00+00:00,16,6,5,17,18,35
2473,2015,5.0,2015-10-11 17:00:00+00:00,27,23,23,39,17,56
2474,2015,5.0,2015-10-11 17:00:00+00:00,33,15,8,38,31,69
2475,2015,5.0,2015-10-11 17:00:00+00:00,3,8,24,30,33,63
2476,2015,5.0,2015-10-11 20:05:00+00:00,11,1,3,17,42,59
2477,2015,5.0,2015-10-11 20:25:00+00:00,9,22,39,6,30,36
2478,2015,5.0,2015-10-11 20:25:00+00:00,26,10,16,10,16,26
2479,2015,5.0,2015-10-12 00:30:00+00:00,24,30,40,30,27,57
2480,2015,5.0,2015-10-13 00:30:00+00:00,29,28,28,20,24,44
2481,2015,6.0,2015-10-16 00:25:00+00:00,23,2,31,31,21,52
2482,2015,6.0,2015-10-18 17:00:00+00:00,4,7,30,21,34,55
2483,2015,6.0,2015-10-18 17:00:00+00:00,8,10,2,23,26,49
2484,2015,6.0,2015-10-18 17:00:00+00:00,11,6,3,37,34,71
2485,2015,6.0,2015-10-18 17:00:00+00:00,34,20,4,10,38,48
2486,2015,6.0,2015-10-18 17:00:00+00:00,21,16,41,16,10,26
2487,2015,6.0,2015-10-18 17:00:00+00:00,25,37,40,34,20,54
2488,2015,6.0,2015-10-18 17:00:00+00:00,28,1,1,25,13,38
2489,2015,6.0,2015-10-18 17:00:00+00:00,15,13,13,20,31,51
2490,2015,6.0,2015-10-18 20:05:00+00:00,31,5,26,23,27,50
2491,2015,6.0,2015-10-18 20:25:00+00:00,12,29,11,27,20,47
2492,2015,6.0,2015-10-18 20:25:00+00:00,30,3,42,25,20,45
2493,2015,6.0,2015-10-19 00:30:00+00:00,14,22,36,27,34,61
2494,2015,6.0,2015-10-20 00:30:00+00:00,27,24,23,27,7,34
2495,2015,7.0,2015-10-23 00:25:00+00:00,30,31,42,3,20,23
2496,2015,7.0,2015-10-25 13:30:00+00:00,15,4,35,34,31,65
2497,2015,7.0,2015-10-25 17:00:00+00:00,11,21,3,19,28,47
2498,2015,7.0,2015-10-25 17:00:00+00:00,34,2,4,7,10,17
2499,2015,7.0,2015-10-25 17:00:00+00:00,14,23,36,21,27,48
2500,2015,7.0,2015-10-25 17:00:00+00:00,16,28,5,23,13,36
2501,2015,7.0,2015-10-25 17:00:00+00:00,32,8,6,24,6,30
2502,2015,7.0,2015-10-25 17:00:00+00:00,20,13,33,44,26,70
2503,2015,7.0,2015-10-25 17:00:00+00:00,22,25,7,30,23,53
2504,2015,7.0,2015-10-25 17:00:00+00:00,37,33,15,31,30,61
2505,2015,7.0,2015-10-25 20:05:00+00:00,29,26,28,29,37,66
2506,2015,7.0,2015-10-25 20:25:00+00:00,24,9,40,27,20,47
2507,2015,7.0,2015-10-26 00:30:00+00:00,5,27,9,27,16,43
2508,2015,7.0,2015-10-27 00:30:00+00:00,1,3,12,26,18,44
2509,2015,8.0,2015-10-30 00:25:00+00:00,22,20,7,36,7,43
2510,2015,8.0,2015-11-01 14:30:00+00:00,16,11,35,45,10,55
2511,2015,8.0,2015-11-01 18:00:00+00:00,2,33,17,20,23,43
2512,2015,8.0,2015-11-01 18:00:00+00:00,6,21,18,20,23,43
2513,2015,8.0,2015-11-01 18:00:00+00:00,8,1,2,20,34,54
2514,2015,8.0,2015-11-01 18:00:00+00:00,32,30,6,27,6,33
2515,2015,8.0,2015-11-01 18:00:00+00:00,23,24,31,52,49,101
2516,2015,8.0,2015-11-01 18:00:00+00:00,28,7,1,10,16,26
2517,2015,8.0,2015-11-01 18:00:00+00:00,3,29,24,29,26,55
2518,2015,8.0,2015-11-01 18:00:00+00:00,13,34,10,20,6,26
2519,2015,8.0,2015-11-01 21:05:00+00:00,26,25,16,34,20,54
2520,2015,8.0,2015-11-01 21:25:00+00:00,9,31,39,12,13,25
2521,2015,8.0,2015-11-02 01:30:00+00:00,10,12,32,29,10,39
2522,2015,8.0,2015-11-03 01:30:00+00:00,5,14,9,29,26,55
2523,2015,9.0,2015-11-06 01:25:00+00:00,7,8,19,31,10,41
2524,2015,9.0,2015-11-08 18:00:00+00:00,4,20,30,33,17,50
2525,2015,9.0,2015-11-08 18:00:00+00:00,21,32,41,21,18,39
2526,2015,9.0,2015-11-08 18:00:00+00:00,22,37,7,27,10,37
2527,2015,9.0,2015-11-08 18:00:00+00:00,23,34,31,28,34,62
2528,2015,9.0,2015-11-08 18:00:00+00:00,25,15,40,28,23,51
2529,2015,9.0,2015-11-08 18:00:00+00:00,28,26,1,38,35,73
2530,2015,9.0,2015-11-08 18:00:00+00:00,5,12,9,37,29,66
2531,2015,9.0,2015-11-08 21:05:00+00:00,30,2,42,17,16,33
2532,2015,9.0,2015-11-08 21:05:00+00:00,33,24,8,18,32,50
2533,2015,9.0,2015-11-08 21:25:00+00:00,14,10,36,27,24,51
2534,2015,9.0,2015-11-09 01:30:00+00:00,9,27,39,27,33,60
2535,2015,9.0,2015-11-10 01:30:00+00:00,29,6,28,19,22,41
2536,2015,10.0,2015-11-13 01:25:00+00:00,25,4,40,17,22,39
2537,2015,10.0,2015-11-15 18:00:00+00:00,12,11,11,16,18,34
2538,2015,10.0,2015-11-15 18:00:00+00:00,34,5,4,10,27,37
2539,2015,10.0,2015-11-15 18:00:00+00:00,32,6,6,13,37,50
2540,2015,10.0,2015-11-15 18:00:00+00:00,27,20,23,19,20,39
2541,2015,10.0,2015-11-15 18:00:00+00:00,28,8,1,30,9,39
2542,2015,10.0,2015-11-15 18:00:00+00:00,33,9,8,10,6,16
2543,2015,10.0,2015-11-15 18:00:00+00:00,37,23,15,47,14,61
2544,2015,10.0,2015-11-15 18:00:00+00:00,3,15,24,20,22,42
2545,2015,10.0,2015-11-15 21:05:00+00:00,26,21,16,14,30,44
2546,2015,10.0,2015-11-15 21:25:00+00:00,10,16,32,13,29,42
2547,2015,10.0,2015-11-15 21:25:00+00:00,24,22,40,26,27,53
2548,2015,10.0,2015-11-16 01:30:00+00:00,31,1,26,32,39,71
2549,2015,10.0,2015-11-17 01:30:00+00:00,7,13,19,6,10,16
2550,2015,11.0,2015-11-20 01:25:00+00:00,15,34,13,19,13,32
2551,2015,11.0,2015-11-22 18:00:00+00:00,2,14,17,21,24,45
2552,2015,11.0,2015-11-22 18:00:00+00:00,6,10,18,15,17,32
2553,2015,11.0,2015-11-22 18:00:00+00:00,11,26,3,18,13,31
2554,2015,11.0,2015-11-22 18:00:00+00:00,20,9,33,14,24,38
2555,2015,11.0,2015-11-22 18:00:00+00:00,27,33,23,17,45,62
2556,2015,11.0,2015-11-22 18:00:00+00:00,5,37,9,44,16,60
2557,2015,11.0,2015-11-22 18:00:00+00:00,3,32,24,16,13,29
2558,2015,11.0,2015-11-22 18:00:00+00:00,13,25,10,24,17,41
2559,2015,11.0,2015-11-22 21:05:00+00:00,29,16,28,3,33,36
2560,2015,11.0,2015-11-22 21:25:00+00:00,21,12,41,13,30,43
2561,2015,11.0,2015-11-22 21:25:00+00:00,31,30,26,29,13,42
2562,2015,11.0,2015-11-23 01:30:00+00:00,1,7,12,34,31,65
2563,2015,11.0,2015-11-24 01:30:00+00:00,22,4,7,20,13,33
2564,2015,12.0,2015-11-26 17:30:00+00:00,11,27,3,45,14,59
2565,2015,12.0,2015-11-26 21:30:00+00:00,9,5,39,14,33,47
2566,2015,12.0,2015-11-27 01:30:00+00:00,12,6,11,13,17,30
2567,2015,12.0,2015-11-29 18:00:00+00:00,2,21,17,10,20,30
2568,2015,12.0,2015-11-29 18:00:00+00:00,7,32,19,31,7,38
2569,2015,12.0,2015-11-29 18:00:00+00:00,34,26,4,21,24,45
2570,2015,12.0,2015-11-29 18:00:00+00:00,14,33,36,25,12,37
2571,2015,12.0,2015-11-29 18:00:00+00:00,16,4,5,30,22,52
2572,2015,12.0,2015-11-29 18:00:00+00:00,25,20,40,38,20,58
2573,2015,12.0,2015-11-29 18:00:00+00:00,37,24,15,20,14,34
2574,2015,12.0,2015-11-29 18:00:00+00:00,15,29,13,25,31,56
2575,2015,12.0,2015-11-29 18:00:00+00:00,13,23,10,24,6,30
2576,2015,12.0,2015-11-29 21:05:00+00:00,30,1,42,13,19,32
2577,2015,12.0,2015-11-29 21:25:00+00:00,31,28,26,39,30,69
2578,2015,12.0,2015-11-30 01:30:00+00:00,10,22,32,30,24,54
2579,2015,12.0,2015-12-01 01:30:00+00:00,8,3,2,27,33,60
2580,2015,13.0,2015-12-04 01:25:00+00:00,11,12,3,23,27,50
2581,2015,13.0,2015-12-06 18:00:00+00:00,4,13,30,30,21,51
2582,2015,13.0,2015-12-06 18:00:00+00:00,6,30,18,20,26,46
2583,2015,13.0,2015-12-06 18:00:00+00:00,8,7,2,3,37,40
2584,2015,13.0,2015-12-06 18:00:00+00:00,34,15,4,42,39,81
2585,2015,13.0,2015-12-06 18:00:00+00:00,32,1,6,3,27,30
2586,2015,13.0,2015-12-06 18:00:00+00:00,20,3,33,15,13,28
2587,2015,13.0,2015-12-06 18:00:00+00:00,21,31,41,7,38,45
2588,2015,13.0,2015-12-06 18:00:00+00:00,24,25,40,20,23,43
2589,2015,13.0,2015-12-06 18:00:00+00:00,33,2,8,23,19,42
2590,2015,13.0,2015-12-06 21:05:00+00:00,26,16,16,20,34,54
2591,2015,13.0,2015-12-06 21:05:00+00:00,29,10,28,3,17,20
2592,2015,13.0,2015-12-06 21:25:00+00:00,22,27,7,28,35,63
2593,2015,13.0,2015-12-06 21:25:00+00:00,23,5,31,38,41,79
2594,2015,13.0,2015-12-07 01:30:00+00:00,28,14,1,45,10,55
2595,2015,13.0,2015-12-08 01:30:00+00:00,37,9,15,16,19,35
2596,2015,14.0,2015-12-11 01:25:00+00:00,1,21,12,23,20,43
2597,2015,14.0,2015-12-13 18:00:00+00:00,6,37,18,21,24,45
2598,2015,14.0,2015-12-13 18:00:00+00:00,7,28,19,20,33,53
2599,2015,14.0,2015-12-13 18:00:00+00:00,8,30,2,24,10,34
2600,2015,14.0,2015-12-13 18:00:00+00:00,16,29,5,10,3,13
2601,2015,14.0,2015-12-13 18:00:00+00:00,32,11,6,21,14,35
2602,2015,14.0,2015-12-13 18:00:00+00:00,25,34,40,30,8,38
2603,2015,14.0,2015-12-13 18:00:00+00:00,27,4,23,23,20,43
2604,2015,14.0,2015-12-13 18:00:00+00:00,33,23,8,17,24,41
2605,2015,14.0,2015-12-13 18:00:00+00:00,5,2,9,38,0,38
2606,2015,14.0,2015-12-13 18:00:00+00:00,15,14,13,51,16,67
2607,2015,14.0,2015-12-13 18:00:00+00:00,3,31,24,6,35,41
2608,2015,14.0,2015-12-13 21:05:00+00:00,10,26,32,12,15,27
2609,2015,14.0,2015-12-13 21:25:00+00:00,12,9,11,28,7,35
2610,2015,14.0,2015-12-14 01:30:00+00:00,13,22,10,6,27,33
2611,2015,14.0,2015-12-15 01:30:00+00:00,20,24,33,24,31,55
2612,2015,15.0,2015-12-18 01:25:00+00:00,32,33,6,31,23,54
2613,2015,15.0,2015-12-20 01:25:00+00:00,9,25,39,16,19,35
2614,2015,15.0,2015-12-20 18:00:00+00:00,14,13,36,10,16,26
2615,2015,15.0,2015-12-20 18:00:00+00:00,21,6,41,38,17,55
2616,2015,15.0,2015-12-20 18:00:00+00:00,22,34,7,33,16,49
2617,2015,15.0,2015-12-20 18:00:00+00:00,24,5,40,35,38,73
2618,2015,15.0,2015-12-20 18:00:00+00:00,37,4,15,35,25,60
2619,2015,15.0,2015-12-20 18:00:00+00:00,15,2,13,17,23,40
2620,2015,15.0,2015-12-20 18:00:00+00:00,3,16,24,14,34,48
2621,2015,15.0,2015-12-20 21:05:00+00:00,26,12,16,20,30,50
2622,2015,15.0,2015-12-20 21:05:00+00:00,31,8,26,30,13,43
2623,2015,15.0,2015-12-20 21:25:00+00:00,28,10,1,34,27,61
2624,2015,15.0,2015-12-20 21:25:00+00:00,29,20,28,30,14,44
2625,2015,15.0,2015-12-20 21:25:00+00:00,30,7,42,14,24,38
2626,2015,15.0,2015-12-21 01:30:00+00:00,27,1,23,17,40,57
2627,2015,15.0,2015-12-22 01:30:00+00:00,23,11,31,27,35,62
2628,2015,16.0,2015-12-25 01:25:00+00:00,26,29,16,23,20,43
2629,2015,16.0,2015-12-27 01:25:00+00:00,27,37,23,24,38,62
2630,2015,16.0,2015-12-27 18:00:00+00:00,2,5,17,20,13,33
2631,2015,16.0,2015-12-27 18:00:00+00:00,4,9,30,16,6,22
2632,2015,16.0,2015-12-27 18:00:00+00:00,11,30,3,32,17,49
2633,2015,16.0,2015-12-27 18:00:00+00:00,34,13,4,6,34,40
2634,2015,16.0,2015-12-27 18:00:00+00:00,16,8,5,17,13,30
2635,2015,16.0,2015-12-27 18:00:00+00:00,20,14,33,12,18,30
2636,2015,16.0,2015-12-27 18:00:00+00:00,25,22,40,26,20,46
2637,2015,16.0,2015-12-27 18:00:00+00:00,33,6,8,21,26,47
2638,2015,16.0,2015-12-27 18:00:00+00:00,3,28,24,20,17,37
2639,2015,16.0,2015-12-27 21:05:00+00:00,23,15,31,38,27,65
2640,2015,16.0,2015-12-27 21:25:00+00:00,1,12,12,38,8,46
2641,2015,16.0,2015-12-27 21:25:00+00:00,31,32,26,17,23,40
2642,2015,16.0,2015-12-28 01:30:00+00:00,21,24,41,49,17,66
2643,2015,16.0,2015-12-29 01:30:00+00:00,10,7,32,20,17,37
2644,2015,17.0,2016-01-03 18:00:00+00:00,2,23,17,17,20,37
2645,2015,17.0,2016-01-03 18:00:00+00:00,4,25,30,22,17,39
2646,2015,17.0,2016-01-03 18:00:00+00:00,6,11,18,20,24,44
2647,2015,17.0,2016-01-03 18:00:00+00:00,7,3,19,24,16,40
2648,2015,17.0,2016-01-03 18:00:00+00:00,8,28,2,12,28,40
2649,2015,17.0,2016-01-03 18:00:00+00:00,9,37,39,23,34,57
2650,2015,17.0,2016-01-03 18:00:00+00:00,14,34,36,30,24,54
2651,2015,17.0,2016-01-03 18:00:00+00:00,20,22,33,20,10,30
2652,2015,17.0,2016-01-03 18:00:00+00:00,24,27,40,30,35,65
2653,2015,17.0,2016-01-03 18:00:00+00:00,13,15,10,30,6,36
2654,2015,17.0,2016-01-03 21:25:00+00:00,10,29,32,27,20,47
2655,2015,17.0,2016-01-03 21:25:00+00:00,16,26,5,23,17,40
2656,2015,17.0,2016-01-03 21:25:00+00:00,1,31,12,6,36,42
2657,2015,17.0,2016-01-03 21:25:00+00:00,30,32,42,19,16,35
2658,2015,17.0,2016-01-03 21:25:00+00:00,5,33,9,38,10,48
2659,2015,17.0,2016-01-04 01:30:00+00:00,12,21,11,13,20,33
2660,2015,1.0,2016-01-09 21:20:00+00:00,13,16,10,0,30,30
2661,2015,1.0,2016-01-10 01:15:00+00:00,7,28,19,16,18,34
2662,2015,1.0,2016-01-10 18:05:00+00:00,21,31,41,9,10,19
2663,2015,1.0,2016-01-10 21:40:00+00:00,37,12,15,18,35,53
2664,2015,2.0,2016-01-16 21:35:00+00:00,22,16,7,27,20,47
2665,2015,2.0,2016-01-17 01:15:00+00:00,1,12,12,26,20,46
2666,2015,2.0,2016-01-17 18:05:00+00:00,5,31,9,31,24,55
2667,2015,2.0,2016-01-17 21:40:00+00:00,10,28,32,23,16,39
2668,2015,3.0,2016-01-24 20:05:00+00:00,10,22,32,20,18,38
2669,2015,3.0,2016-01-24 23:40:00+00:00,5,1,9,49,15,64
2670,2015,5.0,2016-02-07 23:30:00+00:00,10,5,42,24,10,34
2671,2016,1.0,2016-09-09 00:30:00+00:00,10,5,32,21,20,41
2672,2016,1.0,2016-09-11 17:00:00+00:00,2,33,17,24,31,55
2673,2016,1.0,2016-09-11 17:00:00+00:00,34,21,4,16,25,41
2674,2016,1.0,2016-09-11 17:00:00+00:00,16,29,5,33,27,60
2675,2016,1.0,2016-09-11 17:00:00+00:00,23,26,31,34,35,69
2676,2016,1.0,2016-09-11 17:00:00+00:00,25,7,40,22,23,45
2677,2016,1.0,2016-09-11 17:00:00+00:00,27,8,23,29,10,39
2678,2016,1.0,2016-09-11 17:00:00+00:00,15,12,13,23,27,50
2679,2016,1.0,2016-09-11 17:00:00+00:00,3,4,24,13,7,20
2680,2016,1.0,2016-09-11 17:00:00+00:00,13,6,10,23,14,37
2681,2016,1.0,2016-09-11 20:05:00+00:00,31,20,26,12,10,22
2682,2016,1.0,2016-09-11 20:25:00+00:00,9,24,39,19,20,39
2683,2016,1.0,2016-09-11 20:25:00+00:00,14,11,36,35,39,74
2684,2016,1.0,2016-09-12 00:30:00+00:00,1,22,12,21,23,44
2685,2016,1.0,2016-09-12 23:10:00+00:00,37,28,15,16,38,54
2686,2016,1.0,2016-09-13 02:20:00+00:00,30,19,42,28,0,28
2687,2016,2.0,2016-09-16 00:25:00+00:00,4,25,30,31,37,68
2688,2016,2.0,2016-09-18 17:00:00+00:00,8,3,2,20,25,45
2689,2016,2.0,2016-09-18 17:00:00+00:00,11,34,3,15,16,31
2690,2016,2.0,2016-09-18 17:00:00+00:00,22,20,7,31,24,55
2691,2016,2.0,2016-09-18 17:00:00+00:00,24,23,40,16,13,29
2692,2016,2.0,2016-09-18 17:00:00+00:00,28,7,1,24,16,40
2693,2016,2.0,2016-09-18 17:00:00+00:00,37,9,15,23,27,50
2694,2016,2.0,2016-09-18 17:00:00+00:00,5,30,9,46,27,73
2695,2016,2.0,2016-09-18 17:00:00+00:00,13,16,10,19,12,31
2696,2016,2.0,2016-09-18 20:05:00+00:00,19,31,43,9,3,12
2697,2016,2.0,2016-09-18 20:05:00+00:00,1,33,12,40,7,47
2698,2016,2.0,2016-09-18 20:25:00+00:00,10,14,32,34,20,54
2699,2016,2.0,2016-09-18 20:25:00+00:00,26,2,16,28,35,63
2700,2016,2.0,2016-09-18 20:25:00+00:00,29,15,28,38,14,52
2701,2016,2.0,2016-09-19 00:30:00+00:00,21,12,44,17,14,31
2702,2016,2.0,2016-09-20 00:30:00+00:00,6,27,18,14,29,43
2703,2016,3.0,2016-09-23 00:25:00+00:00,22,13,7,27,0,27
2704,2016,3.0,2016-09-25 17:00:00+00:00,4,1,30,33,18,51
2705,2016,3.0,2016-09-25 17:00:00+00:00,7,10,19,17,29,46
2706,2016,3.0,2016-09-25 17:00:00+00:00,12,11,11,34,27,61
2707,2016,3.0,2016-09-25 17:00:00+00:00,34,26,4,10,17,27
2708,2016,3.0,2016-09-25 17:00:00+00:00,20,8,33,30,24,54
2709,2016,3.0,2016-09-25 17:00:00+00:00,24,37,40,27,29,56
2710,2016,3.0,2016-09-25 17:00:00+00:00,5,21,9,10,22,32
2711,2016,3.0,2016-09-25 17:00:00+00:00,15,3,13,17,19,36
2712,2016,3.0,2016-09-25 20:05:00+00:00,31,30,26,37,18,55
2713,2016,3.0,2016-09-25 20:05:00+00:00,33,19,8,32,37,69
2714,2016,3.0,2016-09-25 20:25:00+00:00,14,29,36,26,22,48
2715,2016,3.0,2016-09-25 20:25:00+00:00,16,25,5,24,3,27
2716,2016,3.0,2016-09-25 20:25:00+00:00,27,28,23,34,3,37
2717,2016,3.0,2016-09-26 00:30:00+00:00,9,6,39,31,17,48
2718,2016,3.0,2016-09-27 00:30:00+00:00,23,2,31,32,45,77
2719,2016,4.0,2016-09-30 00:25:00+00:00,7,20,19,22,7,29
2720,2016,4.0,2016-10-02 13:30:00+00:00,15,14,35,30,27,57
2721,2016,4.0,2016-10-02 17:00:00+00:00,2,5,17,48,33,81
2722,2016,4.0,2016-10-02 17:00:00+00:00,6,11,18,17,14,31
2723,2016,4.0,2016-10-02 17:00:00+00:00,22,4,7,0,16,16
2724,2016,4.0,2016-10-02 17:00:00+00:00,25,31,40,17,27,44
2725,2016,4.0,2016-10-02 17:00:00+00:00,37,8,15,31,20,51
2726,2016,4.0,2016-10-02 17:00:00+00:00,3,26,24,27,28,55
2727,2016,4.0,2016-10-02 17:00:00+00:00,13,34,10,27,20,47
2728,2016,4.0,2016-10-02 20:05:00+00:00,33,10,8,7,27,34
2729,2016,4.0,2016-10-02 20:25:00+00:00,1,19,12,13,17,30
2730,2016,4.0,2016-10-02 20:25:00+00:00,29,23,28,34,35,69
2731,2016,4.0,2016-10-02 20:25:00+00:00,30,9,42,17,24,41
2732,2016,4.0,2016-10-03 00:30:00+00:00,28,16,1,43,14,57
2733,2016,4.0,2016-10-04 00:30:00+00:00,21,24,44,24,10,34
2734,2016,5.0,2016-10-07 00:25:00+00:00,30,1,42,21,33,54
2735,2016,5.0,2016-10-09 17:00:00+00:00,8,22,2,13,33,46
2736,2016,5.0,2016-10-09 17:00:00+00:00,11,27,3,24,23,47
2737,2016,5.0,2016-10-09 17:00:00+00:00,14,6,36,29,23,52
2738,2016,5.0,2016-10-09 17:00:00+00:00,20,34,33,17,30,47
2739,2016,5.0,2016-10-09 17:00:00+00:00,21,13,44,31,13,44
2740,2016,5.0,2016-10-09 17:00:00+00:00,28,25,1,31,13,44
2741,2016,5.0,2016-10-09 17:00:00+00:00,3,37,24,10,16,26
2742,2016,5.0,2016-10-09 20:05:00+00:00,10,2,32,16,23,39
2743,2016,5.0,2016-10-09 20:25:00+00:00,9,7,39,28,14,42
2744,2016,5.0,2016-10-09 20:25:00+00:00,26,29,16,34,31,65
2745,2016,5.0,2016-10-09 20:25:00+00:00,19,4,43,19,30,49
2746,2016,5.0,2016-10-10 00:30:00+00:00,12,24,11,23,16,39
2747,2016,5.0,2016-10-11 00:30:00+00:00,5,33,9,14,17,31
2748,2016,6.0,2016-10-14 00:25:00+00:00,29,10,28,21,13,34
2749,2016,6.0,2016-10-16 17:00:00+00:00,4,30,30,45,16,61
2750,2016,6.0,2016-10-16 17:00:00+00:00,6,15,18,16,17,33
2751,2016,6.0,2016-10-16 17:00:00+00:00,11,19,3,31,28,59
2752,2016,6.0,2016-10-16 17:00:00+00:00,34,8,4,28,26,54
2753,2016,6.0,2016-10-16 17:00:00+00:00,20,28,33,30,15,45
2754,2016,6.0,2016-10-16 17:00:00+00:00,22,7,7,35,17,52
2755,2016,6.0,2016-10-16 17:00:00+00:00,23,5,31,41,38,79
2756,2016,6.0,2016-10-16 17:00:00+00:00,24,3,40,27,23,50
2757,2016,6.0,2016-10-16 17:00:00+00:00,37,27,15,27,20,47
2758,2016,6.0,2016-10-16 20:05:00+00:00,26,16,16,10,26,36
2759,2016,6.0,2016-10-16 20:25:00+00:00,12,9,11,16,30,46
2760,2016,6.0,2016-10-16 20:25:00+00:00,31,2,26,26,24,50
2761,2016,6.0,2016-10-17 00:30:00+00:00,13,14,10,26,23,49
2762,2016,6.0,2016-10-18 00:30:00+00:00,1,25,12,28,3,31
2763,2016,7.0,2016-10-21 00:25:00+00:00,12,6,11,26,10,36
2764,2016,7.0,2016-10-23 13:30:00+00:00,19,24,45,10,17,27
2765,2016,7.0,2016-10-23 17:00:00+00:00,7,8,19,31,17,48
2766,2016,7.0,2016-10-23 17:00:00+00:00,11,37,3,20,17,37
2767,2016,7.0,2016-10-23 17:00:00+00:00,34,14,4,26,34,60
2768,2016,7.0,2016-10-23 17:00:00+00:00,16,23,5,27,21,48
2769,2016,7.0,2016-10-23 17:00:00+00:00,20,4,33,28,25,53
2770,2016,7.0,2016-10-23 17:00:00+00:00,25,3,40,24,16,40
2771,2016,7.0,2016-10-23 17:00:00+00:00,27,21,23,21,10,31
2772,2016,7.0,2016-10-23 17:00:00+00:00,15,26,13,16,33,49
2773,2016,7.0,2016-10-23 20:05:00+00:00,2,29,17,30,33,63
2774,2016,7.0,2016-10-23 20:05:00+00:00,30,33,42,17,34,51
2775,2016,7.0,2016-10-23 20:25:00+00:00,28,22,1,16,27,43
2776,2016,7.0,2016-10-24 00:30:00+00:00,1,31,12,6,6,12
2777,2016,7.0,2016-10-25 00:30:00+00:00,10,13,32,27,9,36
2778,2016,8.0,2016-10-28 00:25:00+00:00,34,15,4,36,22,58
2779,2016,8.0,2016-10-30 13:30:00+00:00,7,37,35,27,27,54
2780,2016,8.0,2016-10-30 17:00:00+00:00,4,22,30,25,41,66
2781,2016,8.0,2016-10-30 17:00:00+00:00,8,25,2,28,31,59
2782,2016,8.0,2016-10-30 17:00:00+00:00,14,16,36,14,30,44
2783,2016,8.0,2016-10-30 17:00:00+00:00,23,31,31,25,20,45
2784,2016,8.0,2016-10-30 17:00:00+00:00,33,26,8,24,30,54
2785,2016,8.0,2016-10-30 17:00:00+00:00,5,1,9,30,20,50
2786,2016,8.0,2016-10-30 17:00:00+00:00,13,11,10,20,13,33
2787,2016,8.0,2016-10-30 20:05:00+00:00,10,29,32,27,19,46
2788,2016,8.0,2016-10-30 20:25:00+00:00,2,12,17,33,32,65
2789,2016,8.0,2016-10-31 00:30:00+00:00,9,27,39,29,23,52
2790,2016,8.0,2016-11-01 00:30:00+00:00,6,21,18,20,10,30
2791,2016,9.0,2016-11-04 00:25:00+00:00,33,2,8,28,43,71
2792,2016,9.0,2016-11-06 18:00:00+00:00,8,9,2,10,35,45
2793,2016,9.0,2016-11-06 18:00:00+00:00,16,15,5,19,14,33
2794,2016,9.0,2016-11-06 18:00:00+00:00,20,25,33,27,23,50
2795,2016,9.0,2016-11-06 18:00:00+00:00,21,11,44,16,22,38
2796,2016,9.0,2016-11-06 18:00:00+00:00,24,27,40,28,23,51
2797,2016,9.0,2016-11-06 18:00:00+00:00,3,28,24,21,14,35
2798,2016,9.0,2016-11-06 21:05:00+00:00,19,5,43,10,13,23
2799,2016,9.0,2016-11-06 21:05:00+00:00,30,23,42,23,41,64
2800,2016,9.0,2016-11-06 21:25:00+00:00,12,14,11,26,31,57
2801,2016,9.0,2016-11-06 21:25:00+00:00,29,34,28,43,35,78
2802,2016,9.0,2016-11-07 01:30:00+00:00,26,10,16,30,20,50
2803,2016,9.0,2016-11-08 01:30:00+00:00,31,4,26,31,25,56
2804,2016,10.0,2016-11-11 01:25:00+00:00,3,8,24,28,7,35
2805,2016,10.0,2016-11-13 18:00:00+00:00,34,12,4,47,25,72
2806,2016,10.0,2016-11-13 18:00:00+00:00,23,10,31,23,25,48
2807,2016,10.0,2016-11-13 18:00:00+00:00,25,19,40,6,9,15
2808,2016,10.0,2016-11-13 18:00:00+00:00,27,2,23,24,15,39
2809,2016,10.0,2016-11-13 18:00:00+00:00,33,6,8,36,10,46
2810,2016,10.0,2016-11-13 18:00:00+00:00,37,21,15,26,20,46
2811,2016,10.0,2016-11-13 18:00:00+00:00,5,16,9,17,20,37
2812,2016,10.0,2016-11-13 18:00:00+00:00,15,13,13,21,24,45
2813,2016,10.0,2016-11-13 21:05:00+00:00,29,20,28,24,31,55
2814,2016,10.0,2016-11-13 21:25:00+00:00,1,30,12,23,20,43
2815,2016,10.0,2016-11-13 21:25:00+00:00,28,9,1,30,35,65
2816,2016,10.0,2016-11-14 01:30:00+00:00,22,31,7,24,31,55
2817,2016,10.0,2016-11-15 01:30:00+00:00,24,7,40,21,20,41
2818,2016,11.0,2016-11-18 01:25:00+00:00,5,23,9,23,20,43
2819,2016,11.0,2016-11-20 18:00:00+00:00,7,4,19,12,16,28
2820,2016,11.0,2016-11-20 18:00:00+00:00,8,28,2,9,24,33
2821,2016,11.0,2016-11-20 18:00:00+00:00,9,3,39,27,17,44
2822,2016,11.0,2016-11-20 18:00:00+00:00,11,15,3,26,19,45
2823,2016,11.0,2016-11-20 18:00:00+00:00,14,34,36,24,17,41
2824,2016,11.0,2016-11-20 18:00:00+00:00,16,33,5,17,19,36
2825,2016,11.0,2016-11-20 18:00:00+00:00,21,1,44,30,24,54
2826,2016,11.0,2016-11-20 18:00:00+00:00,24,6,40,22,16,38
2827,2016,11.0,2016-11-20 21:05:00+00:00,19,20,43,10,14,24
2828,2016,11.0,2016-11-20 21:25:00+00:00,30,22,42,17,30,47
2829,2016,11.0,2016-11-20 21:25:00+00:00,31,27,26,26,15,41
2830,2016,11.0,2016-11-21 01:30:00+00:00,37,12,15,42,24,66
2831,2016,11.0,2016-11-22 01:30:00+00:00,26,13,46,27,20,47
2832,2016,12.0,2016-11-24 17:30:00+00:00,11,21,3,16,13,29
2833,2016,12.0,2016-11-24 21:30:00+00:00,9,37,39,31,26,57
2834,2016,12.0,2016-11-25 01:30:00+00:00,14,28,36,7,28,35
2835,2016,12.0,2016-11-27 18:00:00+00:00,2,1,17,38,19,57
2836,2016,12.0,2016-11-27 18:00:00+00:00,4,15,30,28,21,49
2837,2016,12.0,2016-11-27 18:00:00+00:00,6,34,18,21,27,48
2838,2016,12.0,2016-11-27 18:00:00+00:00,8,24,2,13,27,40
2839,2016,12.0,2016-11-27 18:00:00+00:00,20,30,33,31,24,55
2840,2016,12.0,2016-11-27 18:00:00+00:00,23,19,31,49,21,70
2841,2016,12.0,2016-11-27 18:00:00+00:00,3,7,24,19,14,33
2842,2016,12.0,2016-11-27 18:00:00+00:00,13,29,10,13,21,34
2843,2016,12.0,2016-11-27 21:05:00+00:00,33,31,8,14,5,19
2844,2016,12.0,2016-11-27 21:25:00+00:00,26,5,16,35,32,67
2845,2016,12.0,2016-11-27 21:25:00+00:00,25,22,40,17,22,39
2846,2016,12.0,2016-11-28 01:30:00+00:00,10,16,32,27,30,57
2847,2016,12.0,2016-11-29 01:30:00+00:00,27,12,23,13,27,40
2848,2016,13.0,2016-12-02 01:25:00+00:00,21,9,44,15,17,32
2849,2016,13.0,2016-12-04 18:00:00+00:00,2,16,17,28,29,57
2850,2016,13.0,2016-12-04 18:00:00+00:00,6,30,18,26,6,32
2851,2016,13.0,2016-12-04 18:00:00+00:00,7,27,19,32,14,46
2852,2016,13.0,2016-12-04 18:00:00+00:00,12,13,11,21,13,34
2853,2016,13.0,2016-12-04 18:00:00+00:00,22,19,7,26,10,36
2854,2016,13.0,2016-12-04 18:00:00+00:00,23,11,31,13,28,41
2855,2016,13.0,2016-12-04 18:00:00+00:00,15,10,13,10,20,30
2856,2016,13.0,2016-12-04 18:00:00+00:00,3,20,24,38,6,44
2857,2016,13.0,2016-12-04 21:05:00+00:00,26,4,16,38,24,62
2858,2016,13.0,2016-12-04 21:25:00+00:00,1,37,12,31,23,54
2859,2016,13.0,2016-12-04 21:25:00+00:00,28,24,1,24,14,38
2860,2016,13.0,2016-12-04 21:25:00+00:00,29,33,28,21,28,49
2861,2016,13.0,2016-12-05 01:30:00+00:00,31,5,26,40,7,47
2862,2016,13.0,2016-12-06 01:30:00+00:00,25,14,40,10,41,51
2863,2016,14.0,2016-12-09 01:25:00+00:00,16,26,5,21,13,34
2864,2016,14.0,2016-12-11 18:00:00+00:00,4,28,30,20,27,47
2865,2016,14.0,2016-12-11 18:00:00+00:00,8,7,2,10,23,33
2866,2016,14.0,2016-12-11 18:00:00+00:00,11,6,3,20,17,37
2867,2016,14.0,2016-12-11 18:00:00+00:00,34,10,4,13,10,23
2868,2016,14.0,2016-12-11 18:00:00+00:00,14,13,36,17,22,39
2869,2016,14.0,2016-12-11 18:00:00+00:00,20,1,33,26,23,49
2870,2016,14.0,2016-12-11 18:00:00+00:00,27,37,23,22,27,49
2871,2016,14.0,2016-12-11 18:00:00+00:00,5,29,9,28,16,44
2872,2016,14.0,2016-12-11 18:00:00+00:00,15,21,13,16,25,41
2873,2016,14.0,2016-12-11 21:05:00+00:00,30,25,42,17,23,40
2874,2016,14.0,2016-12-11 21:25:00+00:00,12,31,11,38,10,48
2875,2016,14.0,2016-12-11 21:25:00+00:00,19,2,43,14,42,56
2876,2016,14.0,2016-12-11 21:25:00+00:00,33,23,8,16,11,27
2877,2016,14.0,2016-12-12 01:30:00+00:00,24,9,40,10,7,17
2878,2016,14.0,2016-12-13 01:30:00+00:00,22,3,7,30,23,53
2879,2016,15.0,2016-12-16 01:25:00+00:00,31,19,26,24,3,27
2880,2016,15.0,2016-12-18 01:25:00+00:00,25,20,40,13,34,47
2881,2016,15.0,2016-12-18 18:00:00+00:00,4,8,30,33,13,46
2882,2016,15.0,2016-12-18 18:00:00+00:00,6,12,18,27,30,57
2883,2016,15.0,2016-12-18 18:00:00+00:00,7,28,19,20,24,44
2884,2016,15.0,2016-12-18 18:00:00+00:00,16,34,5,17,19,36
2885,2016,15.0,2016-12-18 18:00:00+00:00,21,14,44,6,34,40
2886,2016,15.0,2016-12-18 18:00:00+00:00,24,11,40,17,6,23
2887,2016,15.0,2016-12-18 18:00:00+00:00,3,27,24,27,26,53
2888,2016,15.0,2016-12-18 18:00:00+00:00,13,15,10,21,20,41
2889,2016,15.0,2016-12-18 21:05:00+00:00,2,30,17,41,13,54
2890,2016,15.0,2016-12-18 21:05:00+00:00,1,23,12,41,48,89
2891,2016,15.0,2016-12-18 21:25:00+00:00,10,22,32,3,16,19
2892,2016,15.0,2016-12-18 21:25:00+00:00,29,26,28,16,19,35
2893,2016,15.0,2016-12-19 01:30:00+00:00,9,33,39,26,20,46
2894,2016,15.0,2016-12-20 01:30:00+00:00,37,5,15,15,26,41
2895,2016,16.0,2016-12-23 01:25:00+00:00,27,24,23,24,19,43
2896,2016,16.0,2016-12-24 18:00:00+00:00,4,20,30,31,34,65
2897,2016,16.0,2016-12-24 18:00:00+00:00,6,37,18,21,41,62
2898,2016,16.0,2016-12-24 18:00:00+00:00,8,29,2,20,17,37
2899,2016,16.0,2016-12-24 18:00:00+00:00,12,21,11,38,25,63
2900,2016,16.0,2016-12-24 18:00:00+00:00,22,25,7,41,3,44
2901,2016,16.0,2016-12-24 18:00:00+00:00,5,2,9,16,33,49
2902,2016,16.0,2016-12-24 18:00:00+00:00,15,34,13,38,17,55
2903,2016,16.0,2016-12-24 21:05:00+00:00,26,14,16,33,25,58
2904,2016,16.0,2016-12-24 21:25:00+00:00,19,30,43,21,22,43
2905,2016,16.0,2016-12-24 21:25:00+00:00,23,33,31,31,24,55
2906,2016,16.0,2016-12-24 21:25:00+00:00,31,1,26,31,34,65
2907,2016,16.0,2016-12-25 01:25:00+00:00,13,7,10,12,10,22
2908,2016,16.0,2016-12-25 21:30:00+00:00,28,3,1,31,27,58
2909,2016,16.0,2016-12-26 01:30:00+00:00,16,10,5,33,10,43
2910,2016,16.0,2016-12-27 01:30:00+00:00,9,11,39,42,21,63
2911,2016,17.0,2017-01-01 18:00:00+00:00,7,3,19,27,10,37
2912,2016,17.0,2017-01-01 18:00:00+00:00,34,13,4,24,17,41
2913,2016,17.0,2017-01-01 18:00:00+00:00,14,15,36,24,20,44
2914,2016,17.0,2017-01-01 18:00:00+00:00,20,22,33,14,35,49
2915,2016,17.0,2017-01-01 18:00:00+00:00,21,6,44,38,10,48
2916,2016,17.0,2017-01-01 18:00:00+00:00,25,4,40,30,10,40
2917,2016,17.0,2017-01-01 18:00:00+00:00,27,9,23,27,13,40
2918,2016,17.0,2017-01-01 18:00:00+00:00,28,8,1,27,24,51
2919,2016,17.0,2017-01-01 18:00:00+00:00,33,5,8,17,16,33
2920,2016,17.0,2017-01-01 21:25:00+00:00,2,23,17,38,32,70
2921,2016,17.0,2017-01-01 21:25:00+00:00,10,26,32,24,6,30
2922,2016,17.0,2017-01-01 21:25:00+00:00,19,1,43,6,44,50
2923,2016,17.0,2017-01-01 21:25:00+00:00,29,16,28,27,37,64
2924,2016,17.0,2017-01-01 21:25:00+00:00,30,31,42,23,25,48
2925,2016,17.0,2017-01-01 21:25:00+00:00,37,24,15,10,19,29
2926,2016,17.0,2017-01-02 01:30:00+00:00,11,12,3,24,31,55
2927,2016,1.0,2017-01-07 21:35:00+00:00,13,26,10,27,14,41
2928,2016,1.0,2017-01-08 01:15:00+00:00,31,11,26,26,6,32
2929,2016,1.0,2017-01-08 18:05:00+00:00,28,20,1,30,12,42
2930,2016,1.0,2017-01-08 21:40:00+00:00,12,24,11,38,13,51
2931,2016,2.0,2017-01-14 21:35:00+00:00,2,31,17,36,20,56
2932,2016,2.0,2017-01-15 01:15:00+00:00,22,13,7,34,16,50
2933,2016,2.0,2017-01-15 21:40:00+00:00,9,12,39,31,34,65
2934,2016,2.0,2017-01-16 01:20:00+00:00,16,28,5,16,18,34
2935,2016,3.0,2017-01-22 20:05:00+00:00,2,12,17,44,21,65
2936,2016,3.0,2017-01-22 23:40:00+00:00,22,28,7,36,17,53
2937,2016,5.0,2017-02-05 23:30:00+00:00,2,22,10,28,34,62
2938,2017,1.0,2017-09-08 00:30:00+00:00,22,16,7,27,42,69
2939,2017,1.0,2017-09-10 17:00:00+00:00,4,25,30,21,12,33
2940,2017,1.0,2017-09-10 17:00:00+00:00,6,2,18,17,23,40
2941,2017,1.0,2017-09-10 17:00:00+00:00,7,3,19,0,20,20
2942,2017,1.0,2017-09-10 17:00:00+00:00,8,28,2,18,21,39
2943,2017,1.0,2017-09-10 17:00:00+00:00,11,1,3,35,23,58
2944,2017,1.0,2017-09-10 17:00:00+00:00,34,26,4,16,26,42
2945,2017,1.0,2017-09-10 17:00:00+00:00,37,27,15,17,30,47
2946,2017,1.0,2017-09-10 17:00:00+00:00,13,15,10,7,29,36
2947,2017,1.0,2017-09-10 20:05:00+00:00,19,14,43,46,9,55
2948,2017,1.0,2017-09-10 20:25:00+00:00,12,31,11,17,9,26
2949,2017,1.0,2017-09-10 20:25:00+00:00,30,5,42,3,23,26
2950,2017,1.0,2017-09-11 00:30:00+00:00,9,24,39,19,3,22
2951,2017,1.0,2017-09-11 23:10:00+00:00,21,23,44,29,19,48
2952,2017,1.0,2017-09-12 02:20:00+00:00,10,18,32,24,21,45
2953,2017,2.0,2017-09-15 00:25:00+00:00,7,13,19,9,13,22
2954,2017,2.0,2017-09-17 17:00:00+00:00,14,1,36,13,16,29
2955,2017,2.0,2017-09-17 17:00:00+00:00,16,27,5,27,20,47
2956,2017,2.0,2017-09-17 17:00:00+00:00,23,22,31,20,36,56
2957,2017,2.0,2017-09-17 17:00:00+00:00,28,21,1,26,9,35
2958,2017,2.0,2017-09-17 17:00:00+00:00,33,6,8,29,7,36
2959,2017,2.0,2017-09-17 17:00:00+00:00,5,4,9,9,3,12
2960,2017,2.0,2017-09-17 17:00:00+00:00,15,34,13,16,37,53
2961,2017,2.0,2017-09-17 17:00:00+00:00,3,8,24,24,10,34
2962,2017,2.0,2017-09-17 20:05:00+00:00,26,25,16,45,20,65
2963,2017,2.0,2017-09-17 20:05:00+00:00,18,20,47,17,19,36
2964,2017,2.0,2017-09-17 20:25:00+00:00,10,9,32,42,17,59
2965,2017,2.0,2017-09-17 20:25:00+00:00,19,37,43,20,27,47
2966,2017,2.0,2017-09-17 20:25:00+00:00,31,30,26,12,9,21
2967,2017,2.0,2017-09-18 00:30:00+00:00,2,12,48,34,23,57
2968,2017,2.0,2017-09-19 00:30:00+00:00,24,11,40,10,24,34
2969,2017,3.0,2017-09-22 00:25:00+00:00,30,19,42,39,41,80
2970,2017,3.0,2017-09-24 13:30:00+00:00,15,3,35,44,7,51
2971,2017,3.0,2017-09-24 17:00:00+00:00,4,10,30,26,16,42
2972,2017,3.0,2017-09-24 17:00:00+00:00,6,28,18,23,17,40
2973,2017,3.0,2017-09-24 17:00:00+00:00,11,2,3,26,30,56
2974,2017,3.0,2017-09-24 17:00:00+00:00,14,8,36,31,28,59
2975,2017,3.0,2017-09-24 17:00:00+00:00,21,33,44,34,17,51
2976,2017,3.0,2017-09-24 17:00:00+00:00,22,13,7,36,33,69
2977,2017,3.0,2017-09-24 17:00:00+00:00,25,20,40,20,6,26
2978,2017,3.0,2017-09-24 17:00:00+00:00,27,24,23,27,24,51
2979,2017,3.0,2017-09-24 17:00:00+00:00,5,23,9,13,34,47
2980,2017,3.0,2017-09-24 20:05:00+00:00,34,31,4,33,27,60
2981,2017,3.0,2017-09-24 20:25:00+00:00,12,7,11,27,24,51
2982,2017,3.0,2017-09-24 20:25:00+00:00,18,16,47,10,24,34
2983,2017,3.0,2017-09-25 00:30:00+00:00,37,26,15,27,10,37
2984,2017,3.0,2017-09-26 00:30:00+00:00,1,9,12,17,28,45
2985,2017,4.0,2017-09-29 00:25:00+00:00,12,6,11,35,14,49
2986,2017,4.0,2017-10-01 13:30:00+00:00,20,23,35,0,20,20
2987,2017,4.0,2017-10-01 17:00:00+00:00,2,4,48,17,23,40
2988,2017,4.0,2017-10-01 17:00:00+00:00,8,7,2,7,31,38
2989,2017,4.0,2017-10-01 17:00:00+00:00,9,19,39,30,35,65
2990,2017,4.0,2017-10-01 17:00:00+00:00,21,11,44,7,14,21
2991,2017,4.0,2017-10-01 17:00:00+00:00,22,5,7,30,33,63
2992,2017,4.0,2017-10-01 17:00:00+00:00,25,15,40,23,20,43
2993,2017,4.0,2017-10-01 17:00:00+00:00,3,28,24,9,26,35
2994,2017,4.0,2017-10-01 17:00:00+00:00,13,34,10,57,14,71
2995,2017,4.0,2017-10-01 20:05:00+00:00,1,30,12,18,15,33
2996,2017,4.0,2017-10-01 20:05:00+00:00,18,27,47,24,26,50
2997,2017,4.0,2017-10-01 20:05:00+00:00,33,24,8,25,23,48
2998,2017,4.0,2017-10-01 20:25:00+00:00,10,26,32,16,10,26
2999,2017,4.0,2017-10-02 00:30:00+00:00,31,14,26,46,18,64
3000,2017,4.0,2017-10-03 00:30:00+00:00,16,37,5,29,20,49
3001,2017,5.0,2017-10-06 00:25:00+00:00,33,22,8,14,19,33
3002,2017,5.0,2017-10-08 17:00:00+00:00,7,4,19,20,16,36
3003,2017,5.0,2017-10-08 17:00:00+00:00,8,25,2,14,17,31
3004,2017,5.0,2017-10-08 17:00:00+00:00,11,5,3,24,27,51
3005,2017,5.0,2017-10-08 17:00:00+00:00,14,30,36,26,23,49
3006,2017,5.0,2017-10-08 17:00:00+00:00,20,34,33,16,10,26
3007,2017,5.0,2017-10-08 17:00:00+00:00,24,18,40,22,27,49
3008,2017,5.0,2017-10-08 17:00:00+00:00,27,1,23,34,7,41
3009,2017,5.0,2017-10-08 17:00:00+00:00,28,15,1,9,30,39
3010,2017,5.0,2017-10-08 20:05:00+00:00,26,3,16,17,30,47
3011,2017,5.0,2017-10-08 20:05:00+00:00,19,31,43,10,16,26
3012,2017,5.0,2017-10-08 20:25:00+00:00,9,12,39,31,35,66
3013,2017,5.0,2017-10-09 00:30:00+00:00,13,16,10,34,42,76
3014,2017,5.0,2017-10-10 00:30:00+00:00,6,21,18,17,20,37
3015,2017,6.0,2017-10-13 00:25:00+00:00,5,27,9,23,28,51
3016,2017,6.0,2017-10-15 17:00:00+00:00,2,20,48,17,20,37
3017,2017,6.0,2017-10-15 17:00:00+00:00,21,12,44,23,10,33
3018,2017,6.0,2017-10-15 17:00:00+00:00,23,11,31,52,38,90
3019,2017,6.0,2017-10-15 17:00:00+00:00,25,22,40,17,24,41
3020,2017,6.0,2017-10-15 17:00:00+00:00,37,30,15,26,24,50
3021,2017,6.0,2017-10-15 17:00:00+00:00,3,6,24,24,27,51
3022,2017,6.0,2017-10-15 17:00:00+00:00,13,8,10,33,17,50
3023,2017,6.0,2017-10-15 20:05:00+00:00,1,33,12,38,33,71
3024,2017,6.0,2017-10-15 20:05:00+00:00,15,19,13,17,27,44
3025,2017,6.0,2017-10-15 20:25:00+00:00,16,28,5,13,19,32
3026,2017,6.0,2017-10-15 20:25:00+00:00,26,18,16,16,17,33
3027,2017,6.0,2017-10-16 00:30:00+00:00,10,24,32,10,23,33
3028,2017,6.0,2017-10-17 00:30:00+00:00,34,14,4,36,22,58
3029,2017,7.0,2017-10-20 00:25:00+00:00,26,16,16,31,30,61
3030,2017,7.0,2017-10-22 17:00:00+00:00,4,33,30,30,27,57
3031,2017,7.0,2017-10-22 17:00:00+00:00,6,5,18,17,3,20
3032,2017,7.0,2017-10-22 17:00:00+00:00,8,34,2,9,12,21
3033,2017,7.0,2017-10-22 17:00:00+00:00,12,23,11,17,26,43
3034,2017,7.0,2017-10-22 17:00:00+00:00,14,15,36,0,27,27
3035,2017,7.0,2017-10-22 17:00:00+00:00,19,1,45,33,0,33
3036,2017,7.0,2017-10-22 17:00:00+00:00,20,25,33,31,28,59
3037,2017,7.0,2017-10-22 17:00:00+00:00,21,3,44,24,16,40
3038,2017,7.0,2017-10-22 20:05:00+00:00,30,9,42,10,40,50
3039,2017,7.0,2017-10-22 20:25:00+00:00,24,31,40,7,24,31
3040,2017,7.0,2017-10-22 20:25:00+00:00,28,7,1,29,14,43
3041,2017,7.0,2017-10-22 20:25:00+00:00,18,10,47,21,0,21
3042,2017,7.0,2017-10-23 00:30:00+00:00,22,2,7,23,7,30
3043,2017,7.0,2017-10-24 00:30:00+00:00,27,37,23,34,24,58
3044,2017,8.0,2017-10-27 00:25:00+00:00,3,20,24,40,0,40
3045,2017,8.0,2017-10-29 13:30:00+00:00,8,21,45,16,33,49
3046,2017,8.0,2017-10-29 17:00:00+00:00,4,26,30,34,14,48
3047,2017,8.0,2017-10-29 17:00:00+00:00,7,14,19,24,23,47
3048,2017,8.0,2017-10-29 17:00:00+00:00,22,18,7,21,13,34
3049,2017,8.0,2017-10-29 17:00:00+00:00,23,6,31,20,12,32
3050,2017,8.0,2017-10-29 17:00:00+00:00,25,2,40,20,25,45
3051,2017,8.0,2017-10-29 17:00:00+00:00,27,30,23,33,10,43
3052,2017,8.0,2017-10-29 17:00:00+00:00,33,5,8,3,17,20
3053,2017,8.0,2017-10-29 20:05:00+00:00,31,13,26,41,38,79
3054,2017,8.0,2017-10-29 20:25:00+00:00,37,9,15,19,33,52
3055,2017,8.0,2017-10-30 00:30:00+00:00,11,28,3,15,20,35
3056,2017,8.0,2017-10-31 00:30:00+00:00,16,10,5,29,19,48
3057,2017,9.0,2017-11-03 00:25:00+00:00,25,4,40,34,21,55
3058,2017,9.0,2017-11-05 18:00:00+00:00,34,3,4,23,20,43
3059,2017,9.0,2017-11-05 18:00:00+00:00,23,33,31,30,10,40
3060,2017,9.0,2017-11-05 18:00:00+00:00,24,19,40,17,51,68
3061,2017,9.0,2017-11-05 18:00:00+00:00,27,10,23,51,23,74
3062,2017,9.0,2017-11-05 18:00:00+00:00,5,2,9,20,17,37
3063,2017,9.0,2017-11-05 18:00:00+00:00,15,7,13,23,7,30
3064,2017,9.0,2017-11-05 18:00:00+00:00,13,14,10,14,20,34
3065,2017,9.0,2017-11-05 21:05:00+00:00,30,1,42,10,20,30
3066,2017,9.0,2017-11-05 21:05:00+00:00,31,37,26,14,17,31
3067,2017,9.0,2017-11-05 21:25:00+00:00,9,16,39,28,17,45
3068,2017,9.0,2017-11-06 01:30:00+00:00,20,26,33,24,27,51
3069,2017,9.0,2017-11-07 01:30:00+00:00,12,11,11,17,30,47
3070,2017,10.0,2017-11-10 01:25:00+00:00,1,31,12,16,22,38
3071,2017,10.0,2017-11-12 18:00:00+00:00,4,23,30,10,47,57
3072,2017,10.0,2017-11-12 18:00:00+00:00,6,12,18,16,23,39
3073,2017,10.0,2017-11-12 18:00:00+00:00,11,8,3,38,24,62
3074,2017,10.0,2017-11-12 18:00:00+00:00,34,7,4,24,20,44
3075,2017,10.0,2017-11-12 18:00:00+00:00,14,28,36,17,20,37
3076,2017,10.0,2017-11-12 18:00:00+00:00,33,25,8,15,10,25
3077,2017,10.0,2017-11-12 18:00:00+00:00,37,21,15,30,38,68
3078,2017,10.0,2017-11-12 18:00:00+00:00,15,18,13,20,17,37
3079,2017,10.0,2017-11-12 21:05:00+00:00,19,13,43,33,7,40
3080,2017,10.0,2017-11-12 21:25:00+00:00,2,9,48,27,7,34
3081,2017,10.0,2017-11-12 21:25:00+00:00,30,24,42,31,21,52
3082,2017,10.0,2017-11-13 01:30:00+00:00,10,22,32,16,41,57
3083,2017,10.0,2017-11-14 01:30:00+00:00,5,20,9,45,21,66
3084,2017,11.0,2017-11-17 01:25:00+00:00,28,34,1,40,17,57
3085,2017,11.0,2017-11-19 18:00:00+00:00,6,11,18,24,27,51
3086,2017,11.0,2017-11-19 18:00:00+00:00,8,15,2,7,19,26
3087,2017,11.0,2017-11-19 18:00:00+00:00,12,3,11,0,23,23
3088,2017,11.0,2017-11-19 18:00:00+00:00,20,33,33,20,30,50
3089,2017,11.0,2017-11-19 18:00:00+00:00,21,19,44,24,7,31
3090,2017,11.0,2017-11-19 18:00:00+00:00,23,37,31,34,31,65
3091,2017,11.0,2017-11-19 18:00:00+00:00,24,16,40,12,9,21
3092,2017,11.0,2017-11-19 18:00:00+00:00,13,1,10,31,21,52
3093,2017,11.0,2017-11-19 21:05:00+00:00,18,4,47,54,24,78
3094,2017,11.0,2017-11-19 21:25:00+00:00,10,7,32,17,20,37
3095,2017,11.0,2017-11-19 21:25:00+00:00,26,22,46,8,33,41
3096,2017,11.0,2017-11-20 01:30:00+00:00,9,27,39,9,37,46
3097,2017,11.0,2017-11-21 01:30:00+00:00,31,2,26,31,34,65
3098,2017,12.0,2017-11-23 17:30:00+00:00,11,21,3,23,30,53
3099,2017,12.0,2017-11-23 21:30:00+00:00,9,18,39,6,28,34
3100,2017,12.0,2017-11-24 01:30:00+00:00,37,24,15,20,10,30
3101,2017,12.0,2017-11-26 18:00:00+00:00,2,33,48,34,20,54
3102,2017,12.0,2017-11-26 18:00:00+00:00,7,8,19,30,16,46
3103,2017,12.0,2017-11-26 18:00:00+00:00,14,34,36,16,20,36
3104,2017,12.0,2017-11-26 18:00:00+00:00,16,4,5,10,16,26
3105,2017,12.0,2017-11-26 18:00:00+00:00,22,20,7,35,17,52
3106,2017,12.0,2017-11-26 18:00:00+00:00,25,5,40,27,35,62
3107,2017,12.0,2017-11-26 18:00:00+00:00,27,6,23,31,3,34
3108,2017,12.0,2017-11-26 21:05:00+00:00,30,31,42,13,24,37
3109,2017,12.0,2017-11-26 21:25:00+00:00,26,10,16,21,14,35
3110,2017,12.0,2017-11-26 21:25:00+00:00,19,23,43,26,20,46
3111,2017,12.0,2017-11-26 21:25:00+00:00,1,15,12,27,24,51
3112,2017,12.0,2017-11-27 01:30:00+00:00,28,12,1,31,28,59
3113,2017,12.0,2017-11-28 01:30:00+00:00,3,13,24,23,16,39
3114,2017,13.0,2017-12-01 01:25:00+00:00,9,37,39,38,14,52
3115,2017,13.0,2017-12-03 18:00:00+00:00,2,21,48,9,14,23
3116,2017,13.0,2017-12-03 18:00:00+00:00,4,22,30,3,23,26
3117,2017,13.0,2017-12-03 18:00:00+00:00,6,30,18,14,15,29
3118,2017,13.0,2017-12-03 18:00:00+00:00,12,33,11,26,20,46
3119,2017,13.0,2017-12-03 18:00:00+00:00,34,13,4,24,13,37
3120,2017,13.0,2017-12-03 18:00:00+00:00,20,10,33,35,9,44
3121,2017,13.0,2017-12-03 18:00:00+00:00,25,16,40,38,31,69
3122,2017,13.0,2017-12-03 18:00:00+00:00,15,14,13,30,10,40
3123,2017,13.0,2017-12-03 18:00:00+00:00,3,11,24,44,20,64
3124,2017,13.0,2017-12-03 21:05:00+00:00,18,8,47,19,10,29
3125,2017,13.0,2017-12-03 21:25:00+00:00,26,24,16,24,17,41
3126,2017,13.0,2017-12-03 21:25:00+00:00,23,5,31,31,21,52
3127,2017,13.0,2017-12-03 21:25:00+00:00,1,19,12,16,32,48
3128,2017,13.0,2017-12-04 01:30:00+00:00,31,27,26,24,10,34
3129,2017,13.0,2017-12-05 01:30:00+00:00,7,28,19,20,23,43
3130,2017,14.0,2017-12-08 01:25:00+00:00,2,23,48,20,17,37
3131,2017,14.0,2017-12-10 18:00:00+00:00,4,14,30,13,7,20
3132,2017,14.0,2017-12-10 18:00:00+00:00,7,6,19,7,33,40
3133,2017,14.0,2017-12-10 18:00:00+00:00,8,12,2,21,27,48
3134,2017,14.0,2017-12-10 18:00:00+00:00,16,26,5,26,15,41
3135,2017,14.0,2017-12-10 18:00:00+00:00,24,9,40,10,30,40
3136,2017,14.0,2017-12-10 18:00:00+00:00,33,11,8,21,24,45
3137,2017,14.0,2017-12-10 18:00:00+00:00,5,21,9,31,24,55
3138,2017,14.0,2017-12-10 18:00:00+00:00,13,30,10,16,26,42
3139,2017,14.0,2017-12-10 21:05:00+00:00,10,25,32,23,0,23
3140,2017,14.0,2017-12-10 21:05:00+00:00,1,34,12,12,7,19
3141,2017,14.0,2017-12-10 21:05:00+00:00,18,37,47,30,13,43
3142,2017,14.0,2017-12-10 21:25:00+00:00,19,27,43,35,43,78
3143,2017,14.0,2017-12-10 21:25:00+00:00,15,31,13,30,24,54
3144,2017,14.0,2017-12-11 01:30:00+00:00,28,3,1,39,38,77
3145,2017,14.0,2017-12-12 01:30:00+00:00,20,22,33,27,20,47
3146,2017,15.0,2017-12-15 01:25:00+00:00,14,10,36,13,25,38
3147,2017,15.0,2017-12-16 21:30:00+00:00,11,6,3,20,10,30
3148,2017,15.0,2017-12-17 01:25:00+00:00,16,18,5,30,13,43
3149,2017,15.0,2017-12-17 18:00:00+00:00,4,20,30,24,16,40
3150,2017,15.0,2017-12-17 18:00:00+00:00,8,3,2,10,27,37
3151,2017,15.0,2017-12-17 18:00:00+00:00,21,7,44,34,7,41
3152,2017,15.0,2017-12-17 18:00:00+00:00,23,25,31,31,19,50
3153,2017,15.0,2017-12-17 18:00:00+00:00,24,27,40,29,34,63
3154,2017,15.0,2017-12-17 18:00:00+00:00,37,1,15,20,15,35
3155,2017,15.0,2017-12-17 18:00:00+00:00,5,12,9,31,24,55
3156,2017,15.0,2017-12-17 18:00:00+00:00,15,13,13,45,7,52
3157,2017,15.0,2017-12-17 21:05:00+00:00,31,19,26,7,42,49
3158,2017,15.0,2017-12-17 21:25:00+00:00,28,22,1,24,27,51
3159,2017,15.0,2017-12-17 21:25:00+00:00,30,34,42,25,23,48
3160,2017,15.0,2017-12-18 01:30:00+00:00,26,9,16,17,20,37
3161,2017,15.0,2017-12-19 01:30:00+00:00,33,2,8,21,24,45
3162,2017,16.0,2017-12-23 21:30:00+00:00,3,14,24,23,16,39
3163,2017,16.0,2017-12-24 01:30:00+00:00,12,21,11,0,16,16
3164,2017,16.0,2017-12-24 18:00:00+00:00,6,8,18,20,3,23
3165,2017,16.0,2017-12-24 18:00:00+00:00,7,11,19,26,17,43
3166,2017,16.0,2017-12-24 18:00:00+00:00,34,19,4,23,27,50
3167,2017,16.0,2017-12-24 18:00:00+00:00,16,20,5,29,13,42
3168,2017,16.0,2017-12-24 18:00:00+00:00,22,4,7,37,16,53
3169,2017,16.0,2017-12-24 18:00:00+00:00,23,2,31,23,13,36
3170,2017,16.0,2017-12-24 18:00:00+00:00,25,18,40,7,14,21
3171,2017,16.0,2017-12-24 18:00:00+00:00,37,10,15,27,11,38
3172,2017,16.0,2017-12-24 18:00:00+00:00,5,33,9,22,19,41
3173,2017,16.0,2017-12-24 21:05:00+00:00,30,15,42,44,33,77
3174,2017,16.0,2017-12-24 21:25:00+00:00,9,31,39,12,21,33
3175,2017,16.0,2017-12-24 21:25:00+00:00,1,24,12,23,0,23
3176,2017,16.0,2017-12-25 21:30:00+00:00,13,28,10,6,34,40
3177,2017,16.0,2017-12-26 01:30:00+00:00,27,26,23,19,10,29
3178,2017,17.0,2017-12-31 18:00:00+00:00,11,12,3,35,11,46
3179,2017,17.0,2017-12-31 18:00:00+00:00,14,13,36,22,13,35
3180,2017,17.0,2017-12-31 18:00:00+00:00,21,6,44,23,10,33
3181,2017,17.0,2017-12-31 18:00:00+00:00,22,25,7,26,6,32
3182,2017,17.0,2017-12-31 18:00:00+00:00,24,37,40,18,10,28
3183,2017,17.0,2017-12-31 18:00:00+00:00,27,9,23,0,6,6
3184,2017,17.0,2017-12-31 18:00:00+00:00,28,8,1,28,24,52
3185,2017,17.0,2017-12-31 21:25:00+00:00,2,5,48,22,10,32
3186,2017,17.0,2017-12-31 21:25:00+00:00,10,16,32,24,27,51
3187,2017,17.0,2017-12-31 21:25:00+00:00,34,15,4,15,10,25
3188,2017,17.0,2017-12-31 21:25:00+00:00,19,30,43,13,34,47
3189,2017,17.0,2017-12-31 21:25:00+00:00,20,4,33,16,22,38
3190,2017,17.0,2017-12-31 21:25:00+00:00,18,26,47,30,10,40
3191,2017,17.0,2017-12-31 21:25:00+00:00,31,1,26,24,26,50
3192,2017,17.0,2017-12-31 21:25:00+00:00,33,23,8,31,24,55
3193,2017,17.0,2017-12-31 21:25:00+00:00,3,7,24,27,31,58
3194,2017,1.0,2018-01-06 21:20:00+00:00,16,34,5,21,22,43
3195,2017,1.0,2018-01-07 01:15:00+00:00,19,2,43,13,26,39
3196,2017,1.0,2018-01-07 18:05:00+00:00,15,4,13,10,3,13
3197,2017,1.0,2018-01-07 21:40:00+00:00,23,5,31,31,26,57
3198,2017,2.0,2018-01-13 21:35:00+00:00,27,2,23,15,10,25
3199,2017,2.0,2018-01-14 01:15:00+00:00,22,34,7,35,14,49
3200,2017,2.0,2018-01-14 18:05:00+00:00,28,15,1,42,45,87
3201,2017,2.0,2018-01-14 21:40:00+00:00,21,23,44,29,24,53
3202,2017,3.0,2018-01-21 20:05:00+00:00,22,15,7,24,20,44
3203,2017,3.0,2018-01-21 23:40:00+00:00,27,21,23,38,7,45
3204,2017,5.0,2018-02-04 23:30:00+00:00,22,27,44,33,41,74
3205,2018,1.0,2018-09-07 00:55:00+00:00,27,2,23,18,12,30
3206,2018,1.0,2018-09-09 17:00:00+00:00,8,28,2,21,21,42
3207,2018,1.0,2018-09-09 17:00:00+00:00,14,7,36,23,34,57
3208,2018,1.0,2018-09-09 17:00:00+00:00,20,34,33,27,20,47
3209,2018,1.0,2018-09-09 17:00:00+00:00,21,30,44,24,16,40
3210,2018,1.0,2018-09-09 17:00:00+00:00,22,13,7,27,20,47
3211,2018,1.0,2018-09-09 17:00:00+00:00,23,33,31,40,48,88
3212,2018,1.0,2018-09-09 17:00:00+00:00,24,15,40,15,20,35
3213,2018,1.0,2018-09-09 17:00:00+00:00,3,4,24,47,3,50
3214,2018,1.0,2018-09-09 20:05:00+00:00,18,16,47,28,38,66
3215,2018,1.0,2018-09-09 20:25:00+00:00,10,31,32,27,24,51
3216,2018,1.0,2018-09-09 20:25:00+00:00,1,37,12,6,24,30
3217,2018,1.0,2018-09-09 20:25:00+00:00,5,9,9,16,8,24
3218,2018,1.0,2018-09-10 00:20:00+00:00,12,6,11,24,23,47
3219,2018,1.0,2018-09-10 23:10:00+00:00,11,25,3,17,48,65
3220,2018,1.0,2018-09-11 02:20:00+00:00,26,19,16,13,33,46
3221,2018,2.0,2018-09-14 00:20:00+00:00,7,3,19,34,23,57
3222,2018,2.0,2018-09-16 17:00:00+00:00,2,5,48,31,24,55
3223,2018,2.0,2018-09-16 17:00:00+00:00,4,18,30,20,31,51
3224,2018,2.0,2018-09-16 17:00:00+00:00,12,21,11,29,29,58
3225,2018,2.0,2018-09-16 17:00:00+00:00,34,13,4,20,17,37
3226,2018,2.0,2018-09-16 17:00:00+00:00,23,8,31,21,18,39
3227,2018,2.0,2018-09-16 17:00:00+00:00,25,20,40,12,20,32
3228,2018,2.0,2018-09-16 17:00:00+00:00,28,16,1,37,42,79
3229,2018,2.0,2018-09-16 17:00:00+00:00,33,27,8,27,21,48
3230,2018,2.0,2018-09-16 17:00:00+00:00,37,14,15,9,21,30
3231,2018,2.0,2018-09-16 20:05:00+00:00,19,1,43,34,0,34
3232,2018,2.0,2018-09-16 20:05:00+00:00,30,11,42,30,27,57
3233,2018,2.0,2018-09-16 20:25:00+00:00,10,26,32,20,19,39
3234,2018,2.0,2018-09-16 20:25:00+00:00,15,22,13,31,20,51
3235,2018,2.0,2018-09-17 00:20:00+00:00,9,24,39,20,13,33
3236,2018,2.0,2018-09-18 00:15:00+00:00,6,31,18,24,17,41
3237,2018,3.0,2018-09-21 00:20:00+00:00,8,25,2,21,17,38
3238,2018,3.0,2018-09-23 17:00:00+00:00,2,23,48,37,43,80
3239,2018,3.0,2018-09-23 17:00:00+00:00,16,30,5,38,27,65
3240,2018,3.0,2018-09-23 17:00:00+00:00,20,26,33,28,20,48
3241,2018,3.0,2018-09-23 17:00:00+00:00,21,4,44,6,27,33
3242,2018,3.0,2018-09-23 17:00:00+00:00,27,14,23,20,16,36
3243,2018,3.0,2018-09-23 17:00:00+00:00,37,12,15,31,17,48
3244,2018,3.0,2018-09-23 17:00:00+00:00,5,7,9,31,21,52
3245,2018,3.0,2018-09-23 17:00:00+00:00,15,34,13,6,9,15
3246,2018,3.0,2018-09-23 17:00:00+00:00,3,10,24,27,14,41
3247,2018,3.0,2018-09-23 17:00:00+00:00,13,24,10,22,27,49
3248,2018,3.0,2018-09-23 20:05:00+00:00,19,18,43,35,23,58
3249,2018,3.0,2018-09-23 20:25:00+00:00,1,6,12,14,16,30
3250,2018,3.0,2018-09-23 20:25:00+00:00,31,9,26,24,13,37
3251,2018,3.0,2018-09-24 00:20:00+00:00,11,22,3,26,10,36
3252,2018,3.0,2018-09-25 00:15:00+00:00,33,28,8,27,30,57
3253,2018,4.0,2018-09-28 00:20:00+00:00,19,21,43,38,31,69
3254,2018,4.0,2018-09-30 17:00:00+00:00,2,7,48,36,37,73
3255,2018,4.0,2018-09-30 17:00:00+00:00,6,33,18,48,10,58
3256,2018,4.0,2018-09-30 17:00:00+00:00,9,11,39,26,24,50
3257,2018,4.0,2018-09-30 17:00:00+00:00,12,4,11,22,0,22
3258,2018,4.0,2018-09-30 17:00:00+00:00,34,27,4,26,23,49
3259,2018,4.0,2018-09-30 17:00:00+00:00,14,13,36,34,37,71
3260,2018,4.0,2018-09-30 17:00:00+00:00,22,20,7,38,7,45
3261,2018,4.0,2018-09-30 17:00:00+00:00,15,25,13,31,12,43
3262,2018,4.0,2018-09-30 20:05:00+00:00,26,8,16,45,42,87
3263,2018,4.0,2018-09-30 20:05:00+00:00,1,31,12,17,20,37
3264,2018,4.0,2018-09-30 20:25:00+00:00,24,23,40,18,33,51
3265,2018,4.0,2018-09-30 20:25:00+00:00,18,30,47,29,27,56
3266,2018,4.0,2018-10-01 00:20:00+00:00,28,3,1,14,26,40
3267,2018,4.0,2018-10-02 00:15:00+00:00,10,16,32,23,27,50
3268,2018,5.0,2018-10-05 00:20:00+00:00,22,14,7,38,24,62
3269,2018,5.0,2018-10-07 17:00:00+00:00,4,34,30,13,12,25
3270,2018,5.0,2018-10-07 17:00:00+00:00,7,20,19,27,17,44
3271,2018,5.0,2018-10-07 17:00:00+00:00,8,3,2,12,9,21
3272,2018,5.0,2018-10-07 17:00:00+00:00,11,12,3,31,23,54
3273,2018,5.0,2018-10-07 17:00:00+00:00,16,15,5,30,14,44
3274,2018,5.0,2018-10-07 17:00:00+00:00,25,10,40,34,16,50
3275,2018,5.0,2018-10-07 17:00:00+00:00,28,2,1,41,17,58
3276,2018,5.0,2018-10-07 17:00:00+00:00,5,24,9,33,31,64
3277,2018,5.0,2018-10-07 20:05:00+00:00,18,26,47,26,10,36
3278,2018,5.0,2018-10-07 20:25:00+00:00,27,21,23,21,23,44
3279,2018,5.0,2018-10-07 20:25:00+00:00,30,1,42,18,28,46
3280,2018,5.0,2018-10-07 20:25:00+00:00,31,19,26,31,33,64
3281,2018,5.0,2018-10-08 00:20:00+00:00,13,9,10,19,16,35
3282,2018,5.0,2018-10-09 00:15:00+00:00,23,37,31,43,19,62
3283,2018,6.0,2018-10-12 00:20:00+00:00,24,27,40,13,34,47
3284,2018,6.0,2018-10-14 17:00:00+00:00,2,33,48,34,29,63
3285,2018,6.0,2018-10-14 17:00:00+00:00,7,28,19,21,28,49
3286,2018,6.0,2018-10-14 17:00:00+00:00,8,18,2,14,38,52
3287,2018,6.0,2018-10-14 17:00:00+00:00,26,31,35,3,27,30
3288,2018,6.0,2018-10-14 17:00:00+00:00,20,6,33,31,28,59
3289,2018,6.0,2018-10-14 17:00:00+00:00,21,1,44,27,17,44
3290,2018,6.0,2018-10-14 17:00:00+00:00,25,14,40,42,34,76
3291,2018,6.0,2018-10-14 17:00:00+00:00,37,5,15,23,17,40
3292,2018,6.0,2018-10-14 17:00:00+00:00,13,4,10,20,13,33
3293,2018,6.0,2018-10-14 20:05:00+00:00,10,19,32,20,23,43
3294,2018,6.0,2018-10-14 20:25:00+00:00,9,15,39,40,7,47
3295,2018,6.0,2018-10-14 20:25:00+00:00,34,3,4,0,21,21
3296,2018,6.0,2018-10-15 00:20:00+00:00,22,16,7,43,40,83
3297,2018,6.0,2018-10-16 00:15:00+00:00,12,30,11,33,30,63
3298,2018,7.0,2018-10-19 00:20:00+00:00,1,10,12,10,45,55
3299,2018,7.0,2018-10-21 13:30:00+00:00,18,34,35,20,19,39
3300,2018,7.0,2018-10-21 17:00:00+00:00,6,22,18,31,38,69
3301,2018,7.0,2018-10-21 17:00:00+00:00,14,4,36,37,5,42
3302,2018,7.0,2018-10-21 17:00:00+00:00,20,11,33,21,32,53
3303,2018,7.0,2018-10-21 17:00:00+00:00,25,21,40,17,37,54
3304,2018,7.0,2018-10-21 17:00:00+00:00,27,5,23,17,21,38
3305,2018,7.0,2018-10-21 17:00:00+00:00,33,8,8,26,23,49
3306,2018,7.0,2018-10-21 17:00:00+00:00,15,13,13,7,20,27
3307,2018,7.0,2018-10-21 20:05:00+00:00,3,23,24,23,24,47
3308,2018,7.0,2018-10-21 20:25:00+00:00,30,19,42,10,39,49
3309,2018,7.0,2018-10-21 20:25:00+00:00,37,9,15,20,17,37
3310,2018,7.0,2018-10-22 00:20:00+00:00,16,7,5,45,10,55
3311,2018,7.0,2018-10-23 00:15:00+00:00,2,24,48,23,20,43
3312,2018,8.0,2018-10-26 00:20:00+00:00,13,20,10,42,23,65
3313,2018,8.0,2018-10-28 13:30:00+00:00,15,27,35,18,24,42
3314,2018,8.0,2018-10-28 17:00:00+00:00,6,25,18,24,10,34
3315,2018,8.0,2018-10-28 17:00:00+00:00,7,33,19,37,34,71
3316,2018,8.0,2018-10-28 17:00:00+00:00,11,31,3,14,28,42
3317,2018,8.0,2018-10-28 17:00:00+00:00,16,10,5,30,23,53
3318,2018,8.0,2018-10-28 17:00:00+00:00,24,37,40,13,20,33
3319,2018,8.0,2018-10-28 17:00:00+00:00,28,8,1,33,18,51
3320,2018,8.0,2018-10-28 17:00:00+00:00,5,3,9,36,21,57
3321,2018,8.0,2018-10-28 20:05:00+00:00,26,14,16,28,42,70
3322,2018,8.0,2018-10-28 20:25:00+00:00,19,12,43,29,27,56
3323,2018,8.0,2018-10-28 20:25:00+00:00,1,30,12,18,15,33
3324,2018,8.0,2018-10-29 00:20:00+00:00,21,23,44,20,30,50
3325,2018,8.0,2018-10-30 00:15:00+00:00,4,22,30,6,25,31
3326,2018,9.0,2018-11-02 00:20:00+00:00,30,26,42,34,3,37
3327,2018,9.0,2018-11-04 18:00:00+00:00,4,6,30,9,41,50
3328,2018,9.0,2018-11-04 18:00:00+00:00,8,16,2,21,37,58
3329,2018,9.0,2018-11-04 18:00:00+00:00,20,25,33,13,6,19
3330,2018,9.0,2018-11-04 18:00:00+00:00,21,11,44,24,9,33
3331,2018,9.0,2018-11-04 18:00:00+00:00,37,2,15,14,38,52
3332,2018,9.0,2018-11-04 18:00:00+00:00,5,33,9,42,28,70
3333,2018,9.0,2018-11-04 18:00:00+00:00,3,28,24,16,23,39
3334,2018,9.0,2018-11-04 21:05:00+00:00,10,13,32,17,19,36
3335,2018,9.0,2018-11-04 21:05:00+00:00,31,18,26,17,25,42
3336,2018,9.0,2018-11-04 21:25:00+00:00,23,19,31,45,35,80
3337,2018,9.0,2018-11-05 01:20:00+00:00,22,12,7,31,17,48
3338,2018,9.0,2018-11-06 01:15:00+00:00,9,34,39,14,28,42
3339,2018,10.0,2018-11-09 01:20:00+00:00,28,5,1,52,21,73
3340,2018,10.0,2018-11-11 18:00:00+00:00,6,11,18,34,22,56
3341,2018,10.0,2018-11-11 18:00:00+00:00,7,23,19,14,51,65
3342,2018,10.0,2018-11-11 18:00:00+00:00,8,2,2,28,16,44
3343,2018,10.0,2018-11-11 18:00:00+00:00,34,22,4,34,10,44
3344,2018,10.0,2018-11-11 18:00:00+00:00,14,15,36,29,26,55
3345,2018,10.0,2018-11-11 18:00:00+00:00,16,1,5,26,14,40
3346,2018,10.0,2018-11-11 18:00:00+00:00,25,4,40,10,41,51
3347,2018,10.0,2018-11-11 18:00:00+00:00,33,37,8,3,16,19
3348,2018,10.0,2018-11-11 21:05:00+00:00,26,18,16,6,20,26
3349,2018,10.0,2018-11-11 21:25:00+00:00,12,20,11,31,12,43
3350,2018,10.0,2018-11-11 21:25:00+00:00,19,31,43,36,31,67
3351,2018,10.0,2018-11-12 01:20:00+00:00,27,9,23,20,27,47
3352,2018,10.0,2018-11-13 01:15:00+00:00,30,24,42,23,27,50
3353,2018,11.0,2018-11-16 01:20:00+00:00,31,12,26,27,24,51
3354,2018,11.0,2018-11-18 18:00:00+00:00,2,9,48,19,22,41
3355,2018,11.0,2018-11-18 18:00:00+00:00,11,5,3,20,19,39
3356,2018,11.0,2018-11-18 18:00:00+00:00,14,34,36,38,10,48
3357,2018,11.0,2018-11-18 18:00:00+00:00,24,33,40,38,35,73
3358,2018,11.0,2018-11-18 18:00:00+00:00,37,13,15,21,23,44
3359,2018,11.0,2018-11-18 18:00:00+00:00,15,28,13,16,20,36
3360,2018,11.0,2018-11-18 18:00:00+00:00,3,7,24,24,21,45
3361,2018,11.0,2018-11-18 21:05:00+00:00,1,26,12,21,23,44
3362,2018,11.0,2018-11-18 21:05:00+00:00,18,10,47,22,23,45
3363,2018,11.0,2018-11-18 21:25:00+00:00,23,27,31,48,7,55
3364,2018,11.0,2018-11-19 01:20:00+00:00,6,21,18,25,20,45
3365,2018,11.0,2018-11-20 01:15:00+00:00,19,16,43,54,51,105
3366,2018,12.0,2018-11-22 17:30:00+00:00,11,6,3,16,23,39
3367,2018,12.0,2018-11-22 21:30:00+00:00,9,37,39,31,23,54
3368,2018,12.0,2018-11-23 01:20:00+00:00,23,2,31,31,17,48
3369,2018,12.0,2018-11-25 18:00:00+00:00,4,15,30,24,21,45
3370,2018,12.0,2018-11-25 18:00:00+00:00,7,8,19,20,35,55
3371,2018,12.0,2018-11-25 18:00:00+00:00,25,22,40,13,27,40
3372,2018,12.0,2018-11-25 18:00:00+00:00,27,24,23,25,22,47
3373,2018,12.0,2018-11-25 18:00:00+00:00,33,30,8,27,9,36
3374,2018,12.0,2018-11-25 18:00:00+00:00,5,31,9,27,30,57
3375,2018,12.0,2018-11-25 18:00:00+00:00,3,26,24,34,17,51
3376,2018,12.0,2018-11-25 21:05:00+00:00,18,1,47,45,10,55
3377,2018,12.0,2018-11-25 21:25:00+00:00,10,28,32,24,17,41
3378,2018,12.0,2018-11-25 21:25:00+00:00,14,20,36,27,24,51
3379,2018,12.0,2018-11-26 01:20:00+00:00,21,12,44,24,17,41
3380,2018,12.0,2018-11-27 01:15:00+00:00,13,34,10,34,17,51
3381,2018,13.0,2018-11-30 01:20:00+00:00,9,23,39,13,10,23
3382,2018,13.0,2018-12-02 18:00:00+00:00,2,3,48,16,26,42
3383,2018,13.0,2018-12-02 18:00:00+00:00,7,10,19,10,24,34
3384,2018,13.0,2018-12-02 18:00:00+00:00,11,19,3,16,30,46
3385,2018,13.0,2018-12-02 18:00:00+00:00,12,1,11,17,20,37
3386,2018,13.0,2018-12-02 18:00:00+00:00,20,4,33,21,17,38
3387,2018,13.0,2018-12-02 18:00:00+00:00,24,6,40,30,27,57
3388,2018,13.0,2018-12-02 18:00:00+00:00,33,5,8,24,17,41
3389,2018,13.0,2018-12-02 18:00:00+00:00,15,14,13,6,0,6
3390,2018,13.0,2018-12-02 18:00:00+00:00,13,8,10,29,13,42
3391,2018,13.0,2018-12-02 21:05:00+00:00,34,25,4,26,22,48
3392,2018,13.0,2018-12-02 21:05:00+00:00,26,16,16,33,40,73
3393,2018,13.0,2018-12-02 21:25:00+00:00,22,21,7,24,10,34
3394,2018,13.0,2018-12-02 21:25:00+00:00,31,30,26,43,16,59
3395,2018,13.0,2018-12-03 01:20:00+00:00,28,18,1,30,33,63
3396,2018,13.0,2018-12-04 01:15:00+00:00,27,37,23,28,13,41
3397,2018,14.0,2018-12-07 01:20:00+00:00,34,15,4,30,9,39
3398,2018,14.0,2018-12-09 18:00:00+00:00,4,25,30,23,27,50
3399,2018,14.0,2018-12-09 18:00:00+00:00,8,5,2,26,20,46
3400,2018,14.0,2018-12-09 18:00:00+00:00,12,2,11,34,20,54
3401,2018,14.0,2018-12-09 18:00:00+00:00,16,3,5,27,24,51
3402,2018,14.0,2018-12-09 18:00:00+00:00,20,22,33,34,33,67
3403,2018,14.0,2018-12-09 18:00:00+00:00,33,23,8,14,28,42
3404,2018,14.0,2018-12-09 18:00:00+00:00,37,24,15,16,40,56
3405,2018,14.0,2018-12-09 18:00:00+00:00,13,14,10,21,24,45
3406,2018,14.0,2018-12-09 21:05:00+00:00,18,7,47,26,21,47
3407,2018,14.0,2018-12-09 21:05:00+00:00,30,10,42,20,14,34
3408,2018,14.0,2018-12-09 21:25:00+00:00,9,27,39,29,23,52
3409,2018,14.0,2018-12-09 21:25:00+00:00,26,28,16,24,21,45
3410,2018,14.0,2018-12-09 21:25:00+00:00,1,11,12,3,17,20
3411,2018,14.0,2018-12-10 01:20:00+00:00,6,19,18,15,6,21
3412,2018,14.0,2018-12-11 01:15:00+00:00,31,21,26,21,7,28
3413,2018,15.0,2018-12-14 01:20:00+00:00,16,18,5,28,29,57
3414,2018,15.0,2018-12-15 21:30:00+00:00,25,13,40,22,29,51
3415,2018,15.0,2018-12-16 01:20:00+00:00,10,8,32,16,17,33
3416,2018,15.0,2018-12-16 18:00:00+00:00,2,1,48,40,14,54
3417,2018,15.0,2018-12-16 18:00:00+00:00,4,11,30,14,13,27
3418,2018,15.0,2018-12-16 18:00:00+00:00,6,12,18,24,17,41
3419,2018,15.0,2018-12-16 18:00:00+00:00,7,26,19,30,16,46
3420,2018,15.0,2018-12-16 18:00:00+00:00,14,9,36,23,0,23
3421,2018,15.0,2018-12-16 18:00:00+00:00,21,20,44,41,17,58
3422,2018,15.0,2018-12-16 18:00:00+00:00,24,34,40,0,17,17
3423,2018,15.0,2018-12-16 18:00:00+00:00,15,37,13,13,16,29
3424,2018,15.0,2018-12-16 18:00:00+00:00,3,33,24,20,12,32
3425,2018,15.0,2018-12-16 21:05:00+00:00,30,31,42,26,23,49
3426,2018,15.0,2018-12-16 21:25:00+00:00,28,22,1,17,10,27
3427,2018,15.0,2018-12-17 01:20:00+00:00,19,27,43,23,30,53
3428,2018,15.0,2018-12-18 01:15:00+00:00,5,23,9,9,12,21
3429,2018,16.0,2018-12-22 21:30:00+00:00,34,37,4,25,16,41
3430,2018,16.0,2018-12-23 01:20:00+00:00,18,3,47,10,22,32
3431,2018,16.0,2018-12-23 18:00:00+00:00,8,7,2,26,18,44
3432,2018,16.0,2018-12-23 18:00:00+00:00,9,33,39,27,20,47
3433,2018,16.0,2018-12-23 18:00:00+00:00,11,21,3,9,27,36
3434,2018,16.0,2018-12-23 18:00:00+00:00,14,24,36,28,27,55
3435,2018,16.0,2018-12-23 18:00:00+00:00,20,15,33,7,17,24
3436,2018,16.0,2018-12-23 18:00:00+00:00,22,4,7,24,12,36
3437,2018,16.0,2018-12-23 18:00:00+00:00,25,12,40,38,44,82
3438,2018,16.0,2018-12-23 18:00:00+00:00,27,13,23,32,30,62
3439,2018,16.0,2018-12-23 18:00:00+00:00,5,2,9,10,24,34
3440,2018,16.0,2018-12-23 21:05:00+00:00,1,19,12,9,31,40
3441,2018,16.0,2018-12-23 21:05:00+00:00,30,6,42,9,14,23
3442,2018,16.0,2018-12-23 21:25:00+00:00,23,28,31,31,28,59
3443,2018,16.0,2018-12-24 01:20:00+00:00,31,16,26,38,31,69
3444,2018,16.0,2018-12-25 01:15:00+00:00,26,10,16,27,14,41
3445,2018,17.0,2018-12-30 18:00:00+00:00,4,20,30,42,17,59
3446,2018,17.0,2018-12-30 18:00:00+00:00,12,11,11,0,31,31
3447,2018,17.0,2018-12-30 18:00:00+00:00,22,25,7,38,3,41
3448,2018,17.0,2018-12-30 18:00:00+00:00,23,5,31,14,33,47
3449,2018,17.0,2018-12-30 18:00:00+00:00,24,9,40,35,36,71
3450,2018,17.0,2018-12-30 18:00:00+00:00,33,2,8,32,34,66
3451,2018,17.0,2018-12-30 18:00:00+00:00,13,15,10,20,3,23
3452,2018,17.0,2018-12-30 21:25:00+00:00,10,18,32,9,23,32
3453,2018,17.0,2018-12-30 21:25:00+00:00,16,26,5,35,3,38
3454,2018,17.0,2018-12-30 21:25:00+00:00,19,30,43,48,32,80
3455,2018,17.0,2018-12-30 21:25:00+00:00,21,6,44,10,24,34
3456,2018,17.0,2018-12-30 21:25:00+00:00,28,7,1,16,13,29
3457,2018,17.0,2018-12-30 21:25:00+00:00,31,1,26,27,24,51
3458,2018,17.0,2018-12-30 21:25:00+00:00,37,27,15,0,24,24
3459,2018,17.0,2018-12-30 21:25:00+00:00,3,8,24,26,24,50
3460,2018,17.0,2018-12-31 01:20:00+00:00,34,14,4,17,33,50
3461,2018,1.0,2019-01-05 21:35:00+00:00,13,14,10,7,21,28
3462,2018,1.0,2019-01-06 01:15:00+00:00,9,31,39,24,22,46
3463,2018,1.0,2019-01-06 18:05:00+00:00,3,18,24,17,23,40
3464,2018,1.0,2019-01-06 21:40:00+00:00,6,27,18,15,16,31
3465,2018,2.0,2019-01-12 21:35:00+00:00,16,14,5,31,13,44
3466,2018,2.0,2019-01-13 01:15:00+00:00,19,9,43,30,22,52
3467,2018,2.0,2019-01-13 18:05:00+00:00,22,18,7,41,28,69
3468,2018,2.0,2019-01-13 21:40:00+00:00,23,27,31,20,14,34
3469,2018,3.0,2019-01-20 20:05:00+00:00,23,19,31,23,26,49
3470,2018,3.0,2019-01-20 23:40:00+00:00,16,22,5,31,37,68
3471,2018,5.0,2019-02-03 23:30:00+00:00,19,22,48,3,13,16
3472,2019,1.0,2019-09-06 00:20:00+00:00,6,12,18,3,10,13
3473,2019,1.0,2019-09-08 17:00:00+00:00,8,34,2,13,43,56
3474,2019,1.0,2019-09-08 17:00:00+00:00,20,3,33,10,59,69
3475,2019,1.0,2019-09-08 17:00:00+00:00,21,2,44,28,12,40
3476,2019,1.0,2019-09-08 17:00:00+00:00,25,4,40,16,17,33
3477,2019,1.0,2019-09-08 17:00:00+00:00,27,35,23,32,27,59
3478,2019,1.0,2019-09-08 17:00:00+00:00,5,19,9,27,30,57
3479,2019,1.0,2019-09-08 17:00:00+00:00,15,16,13,26,40,66
3480,2019,1.0,2019-09-08 20:05:00+00:00,18,14,47,30,24,54
3481,2019,1.0,2019-09-08 20:05:00+00:00,31,7,26,21,20,41
3482,2019,1.0,2019-09-08 20:25:00+00:00,9,24,39,35,17,52
3483,2019,1.0,2019-09-08 20:25:00+00:00,1,11,12,27,27,54
3484,2019,1.0,2019-09-08 20:25:00+00:00,33,30,8,17,31,48
3485,2019,1.0,2019-09-09 00:20:00+00:00,22,28,7,33,3,36
3486,2019,1.0,2019-09-09 23:10:00+00:00,23,13,31,30,28,58
3487,2019,1.0,2019-09-10 02:20:00+00:00,26,10,16,24,16,40
3488,2019,2.0,2019-09-13 00:20:00+00:00,5,33,9,14,20,34
3489,2019,2.0,2019-09-15 17:00:00+00:00,7,30,19,17,41,58
3490,2019,2.0,2019-09-15 17:00:00+00:00,11,18,3,13,10,23
3491,2019,2.0,2019-09-15 17:00:00+00:00,12,21,11,21,16,37
3492,2019,2.0,2019-09-15 17:00:00+00:00,34,14,4,17,19,36
3493,2019,2.0,2019-09-15 17:00:00+00:00,20,22,33,0,43,43
3494,2019,2.0,2019-09-15 17:00:00+00:00,24,4,40,14,28,42
3495,2019,2.0,2019-09-15 17:00:00+00:00,28,31,1,26,28,54
3496,2019,2.0,2019-09-15 17:00:00+00:00,35,9,15,21,31,52
3497,2019,2.0,2019-09-15 17:00:00+00:00,3,1,24,23,17,40
3498,2019,2.0,2019-09-15 17:00:00+00:00,13,15,10,13,12,25
3499,2019,2.0,2019-09-15 20:05:00+00:00,26,16,16,10,28,38
3500,2019,2.0,2019-09-15 20:25:00+00:00,10,6,32,14,16,30
3501,2019,2.0,2019-09-15 20:25:00+00:00,19,23,43,27,9,36
3502,2019,2.0,2019-09-16 00:20:00+00:00,2,27,48,24,20,44
3503,2019,2.0,2019-09-17 00:15:00+00:00,25,8,40,3,23,26
3504,2019,3.0,2019-09-20 00:20:00+00:00,15,34,13,20,7,27
3505,2019,3.0,2019-09-22 17:00:00+00:00,4,7,30,21,17,38
3506,2019,3.0,2019-09-22 17:00:00+00:00,9,20,39,31,6,37
3507,2019,3.0,2019-09-22 17:00:00+00:00,12,10,11,27,16,43
3508,2019,3.0,2019-09-22 17:00:00+00:00,14,2,36,27,24,51
3509,2019,3.0,2019-09-22 17:00:00+00:00,16,3,5,33,28,61
3510,2019,3.0,2019-09-22 17:00:00+00:00,21,26,44,34,14,48
3511,2019,3.0,2019-09-22 17:00:00+00:00,22,25,7,30,14,44
3512,2019,3.0,2019-09-22 17:00:00+00:00,27,11,23,24,27,51
3513,2019,3.0,2019-09-22 20:05:00+00:00,1,5,12,20,38,58
3514,2019,3.0,2019-09-22 20:05:00+00:00,33,24,8,31,32,63
3515,2019,3.0,2019-09-22 20:25:00+00:00,18,13,47,20,27,47
3516,2019,3.0,2019-09-22 20:25:00+00:00,30,28,42,24,20,44
3517,2019,3.0,2019-09-22 20:25:00+00:00,31,23,26,27,33,60
3518,2019,3.0,2019-09-23 00:20:00+00:00,8,19,2,13,20,33
3519,2019,3.0,2019-09-24 00:15:00+00:00,35,6,15,15,31,46
3520,2019,4.0,2019-09-27 00:20:00+00:00,12,27,11,27,34,61
3521,2019,4.0,2019-09-29 17:00:00+00:00,2,34,48,10,24,34
3522,2019,4.0,2019-09-29 17:00:00+00:00,4,22,30,10,16,26
3523,2019,4.0,2019-09-29 17:00:00+00:00,11,16,3,30,34,64
3524,2019,4.0,2019-09-29 17:00:00+00:00,14,26,36,24,31,55
3525,2019,4.0,2019-09-29 17:00:00+00:00,20,18,33,10,30,40
3526,2019,4.0,2019-09-29 17:00:00+00:00,24,35,40,24,3,27
3527,2019,4.0,2019-09-29 17:00:00+00:00,3,8,24,25,40,65
3528,2019,4.0,2019-09-29 17:00:00+00:00,13,5,10,10,16,26
3529,2019,4.0,2019-09-29 20:05:00+00:00,19,33,43,40,55,95
3530,2019,4.0,2019-09-29 20:05:00+00:00,1,31,12,10,27,37
3531,2019,4.0,2019-09-29 20:25:00+00:00,6,21,18,16,6,22
3532,2019,4.0,2019-09-29 20:25:00+00:00,10,15,32,24,26,50
3533,2019,4.0,2019-09-30 00:20:00+00:00,23,9,31,12,10,22
3534,2019,4.0,2019-10-01 00:15:00+00:00,28,7,1,27,3,30
3535,2019,5.0,2019-10-04 00:20:00+00:00,31,19,26,30,29,59
3536,2019,5.0,2019-10-06 17:00:00+00:00,7,1,19,23,26,49
3537,2019,5.0,2019-10-06 17:00:00+00:00,34,4,4,7,14,21
3538,2019,5.0,2019-10-06 17:00:00+00:00,26,6,49,24,21,45
3539,2019,5.0,2019-10-06 17:00:00+00:00,23,33,31,31,24,55
3540,2019,5.0,2019-10-06 17:00:00+00:00,24,21,40,10,28,38
3541,2019,5.0,2019-10-06 17:00:00+00:00,27,25,23,31,6,37
3542,2019,5.0,2019-10-06 17:00:00+00:00,28,3,1,23,26,49
3543,2019,5.0,2019-10-06 17:00:00+00:00,35,22,15,7,33,40
3544,2019,5.0,2019-10-06 17:00:00+00:00,5,15,9,34,27,61
3545,2019,5.0,2019-10-06 17:00:00+00:00,13,2,10,53,32,85
3546,2019,5.0,2019-10-06 20:05:00+00:00,18,10,47,13,20,33
3547,2019,5.0,2019-10-06 20:25:00+00:00,9,12,39,24,34,58
3548,2019,5.0,2019-10-07 00:20:00+00:00,16,14,5,13,19,32
3549,2019,5.0,2019-10-08 00:15:00+00:00,30,8,42,31,3,34
3550,2019,6.0,2019-10-11 00:20:00+00:00,22,24,7,35,14,49
3551,2019,6.0,2019-10-13 13:30:00+00:00,33,5,49,26,37,63
3552,2019,6.0,2019-10-13 17:00:00+00:00,8,31,2,28,32,60
3553,2019,6.0,2019-10-13 17:00:00+00:00,16,13,5,24,31,55
3554,2019,6.0,2019-10-13 17:00:00+00:00,20,35,33,16,17,33
3555,2019,6.0,2019-10-13 17:00:00+00:00,21,27,44,38,20,58
3556,2019,6.0,2019-10-13 17:00:00+00:00,15,23,13,6,13,19
3557,2019,6.0,2019-10-13 17:00:00+00:00,3,7,24,23,17,40
3558,2019,6.0,2019-10-13 20:05:00+00:00,19,30,43,7,20,27
3559,2019,6.0,2019-10-13 20:05:00+00:00,1,2,12,34,33,67
3560,2019,6.0,2019-10-13 20:25:00+00:00,10,34,32,16,0,16
3561,2019,6.0,2019-10-13 20:25:00+00:00,25,9,40,24,22,46
3562,2019,6.0,2019-10-14 00:20:00+00:00,18,28,47,17,24,41
3563,2019,6.0,2019-10-15 00:15:00+00:00,12,11,11,23,22,45
3564,2019,7.0,2019-10-18 00:20:00+00:00,10,16,32,6,30,36
3565,2019,7.0,2019-10-20 17:00:00+00:00,2,19,48,10,37,47
3566,2019,7.0,2019-10-20 17:00:00+00:00,4,20,30,31,21,52
3567,2019,7.0,2019-10-20 17:00:00+00:00,7,15,19,17,27,44
3568,2019,7.0,2019-10-20 17:00:00+00:00,11,21,3,30,42,72
3569,2019,7.0,2019-10-20 17:00:00+00:00,12,26,11,42,24,66
3570,2019,7.0,2019-10-20 17:00:00+00:00,14,13,36,30,23,53
3571,2019,7.0,2019-10-20 17:00:00+00:00,24,1,40,21,27,48
3572,2019,7.0,2019-10-20 17:00:00+00:00,35,30,15,0,9,9
3573,2019,7.0,2019-10-20 20:05:00+00:00,34,18,4,23,20,43
3574,2019,7.0,2019-10-20 20:25:00+00:00,6,23,18,25,36,61
3575,2019,7.0,2019-10-20 20:25:00+00:00,31,3,26,16,30,46
3576,2019,7.0,2019-10-21 00:20:00+00:00,9,27,39,37,10,47
3577,2019,7.0,2019-10-22 00:15:00+00:00,25,22,40,0,33,33
3578,2019,8.0,2019-10-25 00:20:00+00:00,21,35,44,19,9,28
3579,2019,8.0,2019-10-27 17:00:00+00:00,2,31,48,20,27,47
3580,2019,8.0,2019-10-27 17:00:00+00:00,4,27,30,13,31,44
3581,2019,8.0,2019-10-27 17:00:00+00:00,6,18,18,16,17,33
3582,2019,8.0,2019-10-27 17:00:00+00:00,11,24,3,31,26,57
3583,2019,8.0,2019-10-27 17:00:00+00:00,34,33,4,27,23,50
3584,2019,8.0,2019-10-27 17:00:00+00:00,14,10,36,15,13,28
3585,2019,8.0,2019-10-27 17:00:00+00:00,19,7,35,24,10,34
3586,2019,8.0,2019-10-27 17:00:00+00:00,23,1,31,31,9,40
3587,2019,8.0,2019-10-27 17:00:00+00:00,15,25,13,29,15,44
3588,2019,8.0,2019-10-27 20:05:00+00:00,30,5,42,51,13,64
3589,2019,8.0,2019-10-27 20:25:00+00:00,22,8,7,27,13,40
3590,2019,8.0,2019-10-27 20:25:00+00:00,13,26,10,27,24,51
3591,2019,8.0,2019-10-28 00:20:00+00:00,16,12,5,24,31,55
3592,2019,8.0,2019-10-29 00:15:00+00:00,28,20,1,27,14,41
3593,2019,9.0,2019-11-01 00:20:00+00:00,1,30,12,25,28,53
3594,2019,9.0,2019-11-03 14:30:00+00:00,15,13,35,3,26,29
3595,2019,9.0,2019-11-03 18:00:00+00:00,4,35,30,24,9,33
3596,2019,9.0,2019-11-03 18:00:00+00:00,16,21,5,26,23,49
3597,2019,9.0,2019-11-03 18:00:00+00:00,20,25,33,26,18,44
3598,2019,9.0,2019-11-03 18:00:00+00:00,27,6,23,22,14,36
3599,2019,9.0,2019-11-03 18:00:00+00:00,28,14,1,26,24,50
3600,2019,9.0,2019-11-03 18:00:00+00:00,5,34,9,30,20,50
3601,2019,9.0,2019-11-03 21:05:00+00:00,26,11,16,31,24,55
3602,2019,9.0,2019-11-03 21:05:00+00:00,31,33,26,40,34,74
3603,2019,9.0,2019-11-03 21:25:00+00:00,10,8,32,24,19,43
3604,2019,9.0,2019-11-03 21:25:00+00:00,18,12,47,26,11,37
3605,2019,9.0,2019-11-04 01:20:00+00:00,3,22,24,37,20,57
3606,2019,9.0,2019-11-05 01:15:00+00:00,24,9,40,18,37,55
3607,2019,10.0,2019-11-08 01:20:00+00:00,26,18,16,26,24,50
3608,2019,10.0,2019-11-10 18:00:00+00:00,6,11,18,20,13,33
3609,2019,10.0,2019-11-10 18:00:00+00:00,7,3,19,13,49,62
3610,2019,10.0,2019-11-10 18:00:00+00:00,8,4,2,19,16,35
3611,2019,10.0,2019-11-10 18:00:00+00:00,34,16,4,35,32,67
3612,2019,10.0,2019-11-10 18:00:00+00:00,23,2,31,9,26,35
3613,2019,10.0,2019-11-10 18:00:00+00:00,25,24,40,34,27,61
3614,2019,10.0,2019-11-10 18:00:00+00:00,33,1,8,30,27,57
3615,2019,10.0,2019-11-10 21:05:00+00:00,14,20,36,12,16,28
3616,2019,10.0,2019-11-10 21:25:00+00:00,12,5,11,24,16,40
3617,2019,10.0,2019-11-10 21:25:00+00:00,28,19,1,17,12,29
3618,2019,10.0,2019-11-11 01:20:00+00:00,9,21,39,24,28,52
3619,2019,10.0,2019-11-12 01:15:00+00:00,30,31,42,24,27,51
3620,2019,11.0,2019-11-15 01:20:00+00:00,8,28,2,21,7,28
3621,2019,11.0,2019-11-17 18:00:00+00:00,11,9,3,27,35,62
3622,2019,11.0,2019-11-17 18:00:00+00:00,14,15,36,33,13,46
3623,2019,11.0,2019-11-17 18:00:00+00:00,20,4,33,20,37,57
3624,2019,11.0,2019-11-17 18:00:00+00:00,21,10,44,27,23,50
3625,2019,11.0,2019-11-17 18:00:00+00:00,33,23,8,17,34,51
3626,2019,11.0,2019-11-17 18:00:00+00:00,35,25,15,17,34,51
3627,2019,11.0,2019-11-17 18:00:00+00:00,5,2,9,3,29,32
3628,2019,11.0,2019-11-17 18:00:00+00:00,3,13,24,41,7,48
3629,2019,11.0,2019-11-17 21:05:00+00:00,30,1,42,36,26,62
3630,2019,11.0,2019-11-17 21:25:00+00:00,26,7,16,17,10,27
3631,2019,11.0,2019-11-17 21:25:00+00:00,27,22,23,10,17,27
3632,2019,11.0,2019-11-18 01:20:00+00:00,19,6,43,17,7,24
3633,2019,11.0,2019-11-19 01:15:00+00:00,18,16,46,17,24,41
3634,2019,12.0,2019-11-22 01:20:00+00:00,13,14,10,20,17,37
3635,2019,12.0,2019-11-24 18:00:00+00:00,2,33,48,22,35,57
3636,2019,12.0,2019-11-24 18:00:00+00:00,4,10,30,20,3,23
3637,2019,12.0,2019-11-24 18:00:00+00:00,6,24,18,19,14,33
3638,2019,12.0,2019-11-24 18:00:00+00:00,7,28,19,10,16,26
3639,2019,12.0,2019-11-24 18:00:00+00:00,8,20,2,41,24,65
3640,2019,12.0,2019-11-24 18:00:00+00:00,23,5,31,34,31,65
3641,2019,12.0,2019-11-24 18:00:00+00:00,25,26,40,34,3,37
3642,2019,12.0,2019-11-24 18:00:00+00:00,27,31,23,9,17,26
3643,2019,12.0,2019-11-24 18:00:00+00:00,35,11,15,19,16,35
3644,2019,12.0,2019-11-24 21:05:00+00:00,34,15,4,42,20,62
3645,2019,12.0,2019-11-24 21:25:00+00:00,22,9,7,13,9,22
3646,2019,12.0,2019-11-25 01:20:00+00:00,30,12,42,37,8,45
3647,2019,12.0,2019-11-26 01:15:00+00:00,19,3,43,6,45,51
3648,2019,13.0,2019-11-28 17:30:00+00:00,11,6,3,20,24,44
3649,2019,13.0,2019-11-28 21:30:00+00:00,9,4,39,15,26,41
3650,2019,13.0,2019-11-29 01:20:00+00:00,2,23,48,18,26,44
3651,2019,13.0,2019-12-01 18:00:00+00:00,7,25,19,22,6,28
3652,2019,13.0,2019-12-01 18:00:00+00:00,14,34,36,17,31,48
3653,2019,13.0,2019-12-01 18:00:00+00:00,20,27,33,37,31,68
3654,2019,13.0,2019-12-01 18:00:00+00:00,24,12,40,13,31,44
3655,2019,13.0,2019-12-01 18:00:00+00:00,28,8,1,20,13,33
3656,2019,13.0,2019-12-01 18:00:00+00:00,5,35,9,21,29,50
3657,2019,13.0,2019-12-01 18:00:00+00:00,15,33,13,11,28,39
3658,2019,13.0,2019-12-01 18:00:00+00:00,3,30,24,20,17,37
3659,2019,13.0,2019-12-01 21:05:00+00:00,1,19,12,7,34,41
3660,2019,13.0,2019-12-01 21:25:00+00:00,10,18,32,23,20,43
3661,2019,13.0,2019-12-01 21:25:00+00:00,16,26,5,40,9,49
3662,2019,13.0,2019-12-02 01:20:00+00:00,13,22,10,28,22,50
3663,2019,13.0,2019-12-03 01:15:00+00:00,31,21,26,37,30,67
3664,2019,14.0,2019-12-06 01:20:00+00:00,6,9,18,31,24,55
3665,2019,14.0,2019-12-08 18:00:00+00:00,2,5,48,40,20,60
3666,2019,14.0,2019-12-08 18:00:00+00:00,4,3,30,17,24,41
3667,2019,14.0,2019-12-08 18:00:00+00:00,8,7,2,27,19,46
3668,2019,14.0,2019-12-08 18:00:00+00:00,12,35,11,20,15,35
3669,2019,14.0,2019-12-08 18:00:00+00:00,21,11,44,20,7,27
3670,2019,14.0,2019-12-08 18:00:00+00:00,23,30,31,46,48,94
3671,2019,14.0,2019-12-08 18:00:00+00:00,25,20,40,22,21,43
3672,2019,14.0,2019-12-08 18:00:00+00:00,33,14,8,38,35,73
3673,2019,14.0,2019-12-08 18:00:00+00:00,13,10,10,24,38,62
3674,2019,14.0,2019-12-08 21:05:00+00:00,15,18,13,10,45,55
3675,2019,14.0,2019-12-08 21:25:00+00:00,26,34,16,21,42,63
3676,2019,14.0,2019-12-08 21:25:00+00:00,22,16,7,16,23,39
3677,2019,14.0,2019-12-08 21:25:00+00:00,1,28,12,17,23,40
3678,2019,14.0,2019-12-09 01:20:00+00:00,19,31,43,28,12,40
3679,2019,14.0,2019-12-10 01:15:00+00:00,27,24,23,23,17,40
3680,2019,15.0,2019-12-13 01:20:00+00:00,3,25,24,42,21,63
3681,2019,15.0,2019-12-15 18:00:00+00:00,7,22,19,13,34,47
3682,2019,15.0,2019-12-15 18:00:00+00:00,11,33,3,17,38,55
3683,2019,15.0,2019-12-15 18:00:00+00:00,12,6,11,21,13,34
3684,2019,15.0,2019-12-15 18:00:00+00:00,34,13,4,21,24,45
3685,2019,15.0,2019-12-15 18:00:00+00:00,16,10,5,23,3,26
3686,2019,15.0,2019-12-15 18:00:00+00:00,24,20,40,36,20,56
3687,2019,15.0,2019-12-15 18:00:00+00:00,35,27,15,27,37,64
3688,2019,15.0,2019-12-15 18:00:00+00:00,5,31,9,24,30,54
3689,2019,15.0,2019-12-15 21:05:00+00:00,26,15,16,16,20,36
3690,2019,15.0,2019-12-15 21:05:00+00:00,1,8,12,38,24,62
3691,2019,15.0,2019-12-15 21:05:00+00:00,18,21,47,10,39,49
3692,2019,15.0,2019-12-15 21:25:00+00:00,9,19,39,44,21,65
3693,2019,15.0,2019-12-15 21:25:00+00:00,30,2,42,22,29,51
3694,2019,15.0,2019-12-16 01:20:00+00:00,28,4,1,10,17,27
3695,2019,15.0,2019-12-17 01:15:00+00:00,23,14,31,34,7,41
3696,2019,16.0,2019-12-21 18:00:00+00:00,33,13,8,20,23,43
3697,2019,16.0,2019-12-21 21:30:00+00:00,22,4,7,24,17,41
3698,2019,16.0,2019-12-22 01:15:00+00:00,30,19,42,34,31,65
3699,2019,16.0,2019-12-22 18:00:00+00:00,2,15,48,24,12,36
3700,2019,16.0,2019-12-22 18:00:00+00:00,8,3,2,15,31,46
3701,2019,16.0,2019-12-22 18:00:00+00:00,34,23,4,28,38,66
3702,2019,16.0,2019-12-22 18:00:00+00:00,14,5,36,38,6,44
3703,2019,16.0,2019-12-22 18:00:00+00:00,20,7,33,38,35,73
3704,2019,16.0,2019-12-22 18:00:00+00:00,25,28,40,16,10,26
3705,2019,16.0,2019-12-22 18:00:00+00:00,35,24,15,35,41,76
3706,2019,16.0,2019-12-22 21:05:00+00:00,10,11,32,27,17,44
3707,2019,16.0,2019-12-22 21:05:00+00:00,18,26,47,17,24,41
3708,2019,16.0,2019-12-22 21:25:00+00:00,27,9,23,17,9,26
3709,2019,16.0,2019-12-22 21:25:00+00:00,31,1,26,13,27,40
3710,2019,16.0,2019-12-23 01:20:00+00:00,6,16,18,3,26,29
3711,2019,16.0,2019-12-24 01:15:00+00:00,21,12,44,10,23,33
3712,2019,17.0,2019-12-29 18:00:00+00:00,4,25,30,6,13,19
3713,2019,17.0,2019-12-29 18:00:00+00:00,7,8,19,33,23,56
3714,2019,17.0,2019-12-29 18:00:00+00:00,11,12,3,20,23,43
3715,2019,17.0,2019-12-29 18:00:00+00:00,16,18,5,31,21,52
3716,2019,17.0,2019-12-29 18:00:00+00:00,21,6,44,19,21,40
3717,2019,17.0,2019-12-29 18:00:00+00:00,22,20,7,24,27,51
3718,2019,17.0,2019-12-29 18:00:00+00:00,33,2,8,22,28,50
3719,2019,17.0,2019-12-29 18:00:00+00:00,5,23,9,10,42,52
3720,2019,17.0,2019-12-29 21:25:00+00:00,9,35,39,47,16,63
3721,2019,17.0,2019-12-29 21:25:00+00:00,10,26,32,16,15,31
3722,2019,17.0,2019-12-29 21:25:00+00:00,19,1,43,31,24,55
3723,2019,17.0,2019-12-29 21:25:00+00:00,24,27,40,17,34,51
3724,2019,17.0,2019-12-29 21:25:00+00:00,15,14,13,38,20,58
3725,2019,17.0,2019-12-29 21:25:00+00:00,3,28,24,28,10,38
3726,2019,17.0,2019-12-29 21:25:00+00:00,13,34,10,14,35,49
3727,2019,17.0,2019-12-30 01:20:00+00:00,31,30,26,21,26,47
3728,2019,1.0,2020-01-04 21:35:00+00:00,13,4,10,22,19,41
3729,2019,1.0,2020-01-05 01:25:00+00:00,22,34,7,13,20,33
3730,2019,1.0,2020-01-05 18:05:00+00:00,23,21,31,20,26,46
3731,2019,1.0,2020-01-05 21:40:00+00:00,27,31,23,9,17,26
3732,2019,2.0,2020-01-11 21:35:00+00:00,30,21,42,27,10,37
3733,2019,2.0,2020-01-12 01:15:00+00:00,3,34,24,12,28,40
3734,2019,2.0,2020-01-12 20:05:00+00:00,16,13,5,51,31,82
3735,2019,2.0,2020-01-12 23:40:00+00:00,12,31,11,28,23,51
3736,2019,3.0,2020-01-19 20:05:00+00:00,16,34,5,35,24,59
3737,2019,3.0,2020-01-19 23:40:00+00:00,30,12,42,37,20,57
3738,2019,5.0,2020-02-02 23:30:00+00:00,16,30,33,31,20,51
3739,2020,1.0,2020-09-11 00:20:00+00:00,16,13,5,34,20,54
3740,2020,1.0,2020-09-13 17:00:00+00:00,2,31,48,25,38,63
3741,2020,1.0,2020-09-13 17:00:00+00:00,4,25,30,27,17,44
3742,2020,1.0,2020-09-13 17:00:00+00:00,11,6,3,23,27,50
3743,2020,1.0,2020-09-13 17:00:00+00:00,21,12,44,34,43,77
3744,2020,1.0,2020-09-13 17:00:00+00:00,22,20,7,21,11,32
3745,2020,1.0,2020-09-13 17:00:00+00:00,35,27,15,27,17,44
3746,2020,1.0,2020-09-13 17:00:00+00:00,5,17,9,30,34,64
3747,2020,1.0,2020-09-13 17:00:00+00:00,15,14,13,27,20,47
3748,2020,1.0,2020-09-13 17:00:00+00:00,3,8,24,38,6,44
3749,2020,1.0,2020-09-13 20:05:00+00:00,7,18,19,13,16,29
3750,2020,1.0,2020-09-13 20:25:00+00:00,23,33,31,34,23,57
3751,2020,1.0,2020-09-13 20:25:00+00:00,30,1,42,20,24,44
3752,2020,1.0,2020-09-14 00:20:00+00:00,19,9,50,20,17,37
3753,2020,1.0,2020-09-14 23:15:00+00:00,24,28,40,16,26,42
3754,2020,1.0,2020-09-15 02:10:00+00:00,10,34,32,14,16,30
3755,2020,2.0,2020-09-18 00:20:00+00:00,8,7,2,35,30,65
3756,2020,2.0,2020-09-20 17:00:00+00:00,6,24,18,17,13,30
3757,2020,2.0,2020-09-20 17:00:00+00:00,9,2,39,40,39,79
3758,2020,2.0,2020-09-20 17:00:00+00:00,12,11,11,42,21,63
3759,2020,2.0,2020-09-20 17:00:00+00:00,34,15,4,33,30,63
3760,2020,2.0,2020-09-20 17:00:00+00:00,14,21,36,28,11,39
3761,2020,2.0,2020-09-20 17:00:00+00:00,20,4,33,28,31,59
3762,2020,2.0,2020-09-20 17:00:00+00:00,25,30,40,13,31,44
3763,2020,2.0,2020-09-20 17:00:00+00:00,27,19,23,19,37,56
3764,2020,2.0,2020-09-20 17:00:00+00:00,28,10,1,26,21,47
3765,2020,2.0,2020-09-20 17:00:00+00:00,33,5,8,31,17,48
3766,2020,2.0,2020-09-20 20:05:00+00:00,1,35,12,30,15,45
3767,2020,2.0,2020-09-20 20:25:00+00:00,18,16,50,20,23,43
3768,2020,2.0,2020-09-20 20:25:00+00:00,13,3,10,16,33,49
3769,2020,2.0,2020-09-21 00:20:00+00:00,31,22,26,35,30,65
3770,2020,2.0,2020-09-22 00:15:00+00:00,17,23,51,34,24,58
3771,2020,3.0,2020-09-25 00:20:00+00:00,15,20,13,13,31,44
3772,2020,3.0,2020-09-27 17:00:00+00:00,2,6,48,26,30,56
3773,2020,3.0,2020-09-27 17:00:00+00:00,4,19,30,35,32,67
3774,2020,3.0,2020-09-27 17:00:00+00:00,8,35,2,34,20,54
3775,2020,3.0,2020-09-27 17:00:00+00:00,21,34,44,30,31,61
3776,2020,3.0,2020-09-27 17:00:00+00:00,22,17,7,36,20,56
3777,2020,3.0,2020-09-27 17:00:00+00:00,24,30,40,9,36,45
3778,2020,3.0,2020-09-27 17:00:00+00:00,27,7,23,23,23,46
3779,2020,3.0,2020-09-27 17:00:00+00:00,28,13,1,28,21,49
3780,2020,3.0,2020-09-27 20:05:00+00:00,14,25,36,36,7,43
3781,2020,3.0,2020-09-27 20:05:00+00:00,18,5,50,16,21,37
3782,2020,3.0,2020-09-27 20:25:00+00:00,10,33,32,10,28,38
3783,2020,3.0,2020-09-27 20:25:00+00:00,1,11,12,23,26,49
3784,2020,3.0,2020-09-27 20:25:00+00:00,31,9,26,38,31,69
3785,2020,3.0,2020-09-28 00:20:00+00:00,23,12,31,30,37,67
3786,2020,3.0,2020-09-29 00:15:00+00:00,3,16,24,20,34,54
3787,2020,4.0,2020-10-02 00:20:00+00:00,25,10,40,28,37,65
3788,2020,4.0,2020-10-04 17:00:00+00:00,7,15,19,33,25,58
3789,2020,4.0,2020-10-04 17:00:00+00:00,9,8,39,38,49,87
3790,2020,4.0,2020-10-04 17:00:00+00:00,11,23,3,29,35,64
3791,2020,4.0,2020-10-04 17:00:00+00:00,20,31,33,23,31,54
3792,2020,4.0,2020-10-04 17:00:00+00:00,33,18,8,38,31,69
3793,2020,4.0,2020-10-04 17:00:00+00:00,35,3,15,17,31,48
3794,2020,4.0,2020-10-04 17:00:00+00:00,5,1,9,31,21,52
3795,2020,4.0,2020-10-04 17:00:00+00:00,13,21,10,23,31,54
3796,2020,4.0,2020-10-04 20:05:00+00:00,19,24,50,17,9,26
3797,2020,4.0,2020-10-04 20:25:00+00:00,6,14,18,11,19,30
3798,2020,4.0,2020-10-04 20:25:00+00:00,17,4,51,23,30,53
3799,2020,4.0,2020-10-05 00:20:00+00:00,30,27,42,20,25,45
3800,2020,4.0,2020-10-05 23:05:00+00:00,16,22,5,26,10,36
3801,2020,4.0,2020-10-06 01:00:00+00:00,12,2,11,30,16,46
3802,2020,5.0,2020-10-09 00:20:00+00:00,6,33,18,20,19,39
3803,2020,5.0,2020-10-11 17:00:00+00:00,2,5,48,16,23,39
3804,2020,5.0,2020-10-11 17:00:00+00:00,16,17,5,32,40,72
3805,2020,5.0,2020-10-11 17:00:00+00:00,25,1,40,10,30,40
3806,2020,5.0,2020-10-11 17:00:00+00:00,28,27,1,38,29,67
3807,2020,5.0,2020-10-11 17:00:00+00:00,35,19,15,10,30,40
3808,2020,5.0,2020-10-11 17:00:00+00:00,3,7,24,27,3,30
3809,2020,5.0,2020-10-11 17:00:00+00:00,13,15,10,30,14,44
3810,2020,5.0,2020-10-11 20:05:00+00:00,30,20,42,17,43,60
3811,2020,5.0,2020-10-11 20:25:00+00:00,8,14,2,32,23,55
3812,2020,5.0,2020-10-11 20:25:00+00:00,9,24,39,37,34,71
3813,2020,5.0,2020-10-12 00:20:00+00:00,31,21,26,27,26,53
3814,2020,5.0,2020-10-13 00:15:00+00:00,23,18,31,30,27,57
3815,2020,5.0,2020-10-13 23:00:00+00:00,34,4,4,42,16,58
3816,2020,6.0,2020-10-18 17:00:00+00:00,34,13,4,42,36,78
3817,2020,6.0,2020-10-18 17:00:00+00:00,14,7,36,31,27,58
3818,2020,6.0,2020-10-18 17:00:00+00:00,21,2,44,23,40,63
3819,2020,6.0,2020-10-18 17:00:00+00:00,22,10,7,12,18,30
3820,2020,6.0,2020-10-18 17:00:00+00:00,24,35,40,20,19,39
3821,2020,6.0,2020-10-18 17:00:00+00:00,27,3,23,28,30,58
3822,2020,6.0,2020-10-18 17:00:00+00:00,28,8,1,38,7,45
3823,2020,6.0,2020-10-18 17:00:00+00:00,5,6,9,16,23,39
3824,2020,6.0,2020-10-18 17:00:00+00:00,15,11,13,16,34,50
3825,2020,6.0,2020-10-18 20:05:00+00:00,20,25,33,24,0,24
3826,2020,6.0,2020-10-18 20:25:00+00:00,33,12,8,38,10,48
3827,2020,6.0,2020-10-19 00:20:00+00:00,30,19,42,24,16,40
3828,2020,6.0,2020-10-19 21:00:00+00:00,4,16,30,17,26,43
3829,2020,6.0,2020-10-20 00:15:00+00:00,9,1,39,10,38,48
3830,2020,7.0,2020-10-23 00:20:00+00:00,27,24,23,22,21,43
3831,2020,7.0,2020-10-25 17:00:00+00:00,2,11,48,22,23,45
3832,2020,7.0,2020-10-25 17:00:00+00:00,7,8,19,34,37,71
3833,2020,7.0,2020-10-25 17:00:00+00:00,34,28,4,24,27,51
3834,2020,7.0,2020-10-25 17:00:00+00:00,23,5,31,27,24,51
3835,2020,7.0,2020-10-25 17:00:00+00:00,25,4,40,10,18,28
3836,2020,7.0,2020-10-25 17:00:00+00:00,35,9,15,25,3,28
3837,2020,7.0,2020-10-25 17:00:00+00:00,13,12,10,20,35,55
3838,2020,7.0,2020-10-25 20:05:00+00:00,17,33,51,20,45,65
3839,2020,7.0,2020-10-25 20:25:00+00:00,10,16,32,16,43,59
3840,2020,7.0,2020-10-25 20:25:00+00:00,22,30,7,6,33,39
3841,2020,7.0,2020-10-25 20:25:00+00:00,18,15,50,39,29,68
3842,2020,7.0,2020-10-26 00:20:00+00:00,1,31,12,37,34,71
3843,2020,7.0,2020-10-27 00:15:00+00:00,19,6,50,24,10,34
3844,2020,8.0,2020-10-30 00:20:00+00:00,5,2,9,17,25,42
3845,2020,8.0,2020-11-01 18:00:00+00:00,4,22,30,24,21,45
3846,2020,8.0,2020-11-01 18:00:00+00:00,7,34,19,31,20,51
3847,2020,8.0,2020-11-01 18:00:00+00:00,8,17,2,6,16,22
3848,2020,8.0,2020-11-01 18:00:00+00:00,11,14,3,21,41,62
3849,2020,8.0,2020-11-01 18:00:00+00:00,12,21,11,22,28,50
3850,2020,8.0,2020-11-01 18:00:00+00:00,16,25,5,35,9,44
3851,2020,8.0,2020-11-01 18:00:00+00:00,20,19,33,28,17,45
3852,2020,8.0,2020-11-01 18:00:00+00:00,3,28,24,24,28,52
3853,2020,8.0,2020-11-01 21:05:00+00:00,10,18,32,31,30,61
3854,2020,8.0,2020-11-01 21:25:00+00:00,6,23,18,23,26,49
3855,2020,8.0,2020-11-01 21:25:00+00:00,31,30,26,37,27,64
3856,2020,8.0,2020-11-02 01:20:00+00:00,27,9,23,23,9,32
3857,2020,8.0,2020-11-03 01:15:00+00:00,24,33,40,23,25,48
3858,2020,9.0,2020-11-06 01:20:00+00:00,30,12,42,17,34,51
3859,2020,9.0,2020-11-08 18:00:00+00:00,2,10,48,34,27,61
3860,2020,9.0,2020-11-08 18:00:00+00:00,4,31,30,44,34,78
3861,2020,9.0,2020-11-08 18:00:00+00:00,34,6,4,24,17,41
3862,2020,9.0,2020-11-08 18:00:00+00:00,14,3,36,10,24,34
3863,2020,9.0,2020-11-08 18:00:00+00:00,16,5,5,33,31,64
3864,2020,9.0,2020-11-08 18:00:00+00:00,21,11,44,34,20,54
3865,2020,9.0,2020-11-08 18:00:00+00:00,35,24,15,20,23,43
3866,2020,9.0,2020-11-08 18:00:00+00:00,15,13,13,25,27,52
3867,2020,9.0,2020-11-08 21:05:00+00:00,18,17,50,26,31,57
3868,2020,9.0,2020-11-08 21:25:00+00:00,9,28,39,19,24,43
3869,2020,9.0,2020-11-08 21:25:00+00:00,1,20,12,31,34,65
3870,2020,9.0,2020-11-09 01:20:00+00:00,33,23,8,3,38,41
3871,2020,9.0,2020-11-10 01:15:00+00:00,25,22,40,27,30,57
3872,2020,10.0,2020-11-13 01:20:00+00:00,34,14,4,17,34,51
3873,2020,10.0,2020-11-15 18:00:00+00:00,8,13,2,10,7,17
3874,2020,10.0,2020-11-15 18:00:00+00:00,11,35,3,30,27,57
3875,2020,10.0,2020-11-15 18:00:00+00:00,12,15,11,24,20,44
3876,2020,10.0,2020-11-15 18:00:00+00:00,24,27,40,27,17,44
3877,2020,10.0,2020-11-15 18:00:00+00:00,5,33,9,23,46,69
3878,2020,10.0,2020-11-15 21:05:00+00:00,17,10,51,37,12,49
3879,2020,10.0,2020-11-15 21:05:00+00:00,20,18,33,29,21,50
3880,2020,10.0,2020-11-15 21:05:00+00:00,1,4,12,32,30,62
3881,2020,10.0,2020-11-15 21:25:00+00:00,19,31,50,23,16,39
3882,2020,10.0,2020-11-15 21:25:00+00:00,23,30,31,27,13,40
3883,2020,10.0,2020-11-15 21:25:00+00:00,28,7,1,36,10,46
3884,2020,10.0,2020-11-16 01:20:00+00:00,22,3,7,23,17,40
3885,2020,10.0,2020-11-17 01:15:00+00:00,6,21,18,13,19,32
3886,2020,11.0,2020-11-20 01:20:00+00:00,31,1,26,28,21,49
3887,2020,11.0,2020-11-22 18:00:00+00:00,8,27,2,22,17,39
3888,2020,11.0,2020-11-22 18:00:00+00:00,23,2,31,24,9,33
3889,2020,11.0,2020-11-22 18:00:00+00:00,35,7,15,20,9,29
3890,2020,11.0,2020-11-22 18:00:00+00:00,5,11,9,20,0,20
3891,2020,11.0,2020-11-22 18:00:00+00:00,15,28,13,3,27,30
3892,2020,11.0,2020-11-22 18:00:00+00:00,3,34,24,24,30,54
3893,2020,11.0,2020-11-22 18:00:00+00:00,13,22,10,27,20,47
3894,2020,11.0,2020-11-22 21:05:00+00:00,10,20,32,20,13,33
3895,2020,11.0,2020-11-22 21:05:00+00:00,18,25,50,34,28,62
3896,2020,11.0,2020-11-22 21:25:00+00:00,14,12,36,34,31,65
3897,2020,11.0,2020-11-22 21:25:00+00:00,21,9,44,28,31,59
3898,2020,11.0,2020-11-23 01:20:00+00:00,17,16,51,31,35,66
3899,2020,11.0,2020-11-24 01:15:00+00:00,33,19,8,24,27,51
3900,2020,12.0,2020-11-26 17:30:00+00:00,11,13,3,25,41,66
3901,2020,12.0,2020-11-26 21:30:00+00:00,9,35,39,16,41,57
3902,2020,12.0,2020-11-29 18:00:00+00:00,2,17,48,43,6,49
3903,2020,12.0,2020-11-29 18:00:00+00:00,4,18,30,27,17,44
3904,2020,12.0,2020-11-29 18:00:00+00:00,7,24,19,17,19,36
3905,2020,12.0,2020-11-29 18:00:00+00:00,14,34,36,26,45,71
3906,2020,12.0,2020-11-29 18:00:00+00:00,21,5,44,28,27,55
3907,2020,12.0,2020-11-29 18:00:00+00:00,22,1,7,20,17,37
3908,2020,12.0,2020-11-29 18:00:00+00:00,25,20,40,3,20,23
3909,2020,12.0,2020-11-29 18:00:00+00:00,15,8,13,25,27,52
3910,2020,12.0,2020-11-29 21:05:00+00:00,10,23,32,3,31,34
3911,2020,12.0,2020-11-29 21:05:00+00:00,19,30,50,20,23,43
3912,2020,12.0,2020-11-29 21:25:00+00:00,33,16,8,24,27,51
3913,2020,12.0,2020-11-30 01:20:00+00:00,12,6,11,41,25,66
3914,2020,12.0,2020-12-01 01:15:00+00:00,27,31,23,17,23,40
3915,2020,12.0,2020-12-02 20:40:00+00:00,28,3,1,19,14,33
3916,2020,13.0,2020-12-06 18:00:00+00:00,2,23,48,16,21,37
3917,2020,13.0,2020-12-06 18:00:00+00:00,6,11,18,30,34,64
3918,2020,13.0,2020-12-06 18:00:00+00:00,34,8,4,35,41,76
3919,2020,13.0,2020-12-06 18:00:00+00:00,20,7,33,19,7,26
3920,2020,13.0,2020-12-06 18:00:00+00:00,21,15,44,27,24,51
3921,2020,13.0,2020-12-06 18:00:00+00:00,25,17,40,28,31,59
3922,2020,13.0,2020-12-06 18:00:00+00:00,13,14,10,20,26,46
3923,2020,13.0,2020-12-06 21:05:00+00:00,1,19,12,28,38,66
3924,2020,13.0,2020-12-06 21:05:00+00:00,31,24,26,12,17,29
3925,2020,13.0,2020-12-06 21:25:00+00:00,12,27,11,30,16,46
3926,2020,13.0,2020-12-06 21:25:00+00:00,18,22,50,0,45,45
3927,2020,13.0,2020-12-07 01:20:00+00:00,16,10,5,22,16,38
3928,2020,13.0,2020-12-07 22:00:00+00:00,28,35,1,17,23,40
3929,2020,13.0,2020-12-08 01:15:00+00:00,30,4,12,24,34,58
3930,2020,13.0,2020-12-09 01:05:00+00:00,3,9,24,34,17,51
3931,2020,14.0,2020-12-11 01:20:00+00:00,19,22,50,24,3,27
3932,2020,14.0,2020-12-13 18:00:00+00:00,6,13,18,36,7,43
3933,2020,14.0,2020-12-13 18:00:00+00:00,7,9,19,7,30,37
3934,2020,14.0,2020-12-13 18:00:00+00:00,20,16,33,27,33,60
3935,2020,14.0,2020-12-13 18:00:00+00:00,24,1,40,7,26,33
3936,2020,14.0,2020-12-13 18:00:00+00:00,33,21,8,26,14,40
3937,2020,14.0,2020-12-13 18:00:00+00:00,5,10,9,27,32,59
3938,2020,14.0,2020-12-13 18:00:00+00:00,15,34,13,10,31,41
3939,2020,14.0,2020-12-13 21:05:00+00:00,17,14,51,27,44,71
3940,2020,14.0,2020-12-13 21:05:00+00:00,31,25,26,40,3,43
3941,2020,14.0,2020-12-13 21:25:00+00:00,11,12,3,24,31,55
3942,2020,14.0,2020-12-13 21:25:00+00:00,27,23,23,24,21,45
3943,2020,14.0,2020-12-13 21:25:00+00:00,18,2,50,20,17,37
3944,2020,14.0,2020-12-13 21:25:00+00:00,30,35,12,15,23,38
3945,2020,14.0,2020-12-14 01:20:00+00:00,4,28,30,26,15,41
3946,2020,14.0,2020-12-15 01:15:00+00:00,8,3,2,42,47,89
3947,2020,15.0,2020-12-18 01:20:00+00:00,17,18,51,27,30,57
3948,2020,15.0,2020-12-19 21:30:00+00:00,10,4,32,19,48,67
3949,2020,15.0,2020-12-20 01:15:00+00:00,12,5,11,24,16,40
3950,2020,15.0,2020-12-20 18:00:00+00:00,2,33,48,27,31,58
3951,2020,15.0,2020-12-20 18:00:00+00:00,9,30,39,41,33,74
3952,2020,15.0,2020-12-20 18:00:00+00:00,34,11,4,46,25,71
3953,2020,15.0,2020-12-20 18:00:00+00:00,14,13,36,27,20,47
3954,2020,15.0,2020-12-20 18:00:00+00:00,20,22,33,22,12,34
3955,2020,15.0,2020-12-20 18:00:00+00:00,21,6,44,27,33,60
3956,2020,15.0,2020-12-20 18:00:00+00:00,35,31,15,15,20,35
3957,2020,15.0,2020-12-20 18:00:00+00:00,3,15,24,40,14,54
3958,2020,15.0,2020-12-20 21:05:00+00:00,19,25,50,20,23,43
3959,2020,15.0,2020-12-20 21:05:00+00:00,1,27,12,33,26,59
3960,2020,15.0,2020-12-20 21:25:00+00:00,23,16,31,29,32,61
3961,2020,15.0,2020-12-21 01:20:00+00:00,24,8,40,6,20,26
3962,2020,15.0,2020-12-22 01:15:00+00:00,7,28,19,27,17,44
3963,2020,16.0,2020-12-25 21:30:00+00:00,23,21,31,52,33,85
3964,2020,16.0,2020-12-26 18:00:00+00:00,11,33,3,7,47,54
3965,2020,16.0,2020-12-26 21:30:00+00:00,1,30,12,12,20,32
3966,2020,16.0,2020-12-27 01:15:00+00:00,17,20,51,25,26,51
3967,2020,16.0,2020-12-27 18:00:00+00:00,16,2,5,17,14,31
3968,2020,16.0,2020-12-27 18:00:00+00:00,25,8,40,23,16,39
3969,2020,16.0,2020-12-27 18:00:00+00:00,28,14,1,28,24,52
3970,2020,16.0,2020-12-27 18:00:00+00:00,15,6,13,17,41,58
3971,2020,16.0,2020-12-27 18:00:00+00:00,3,24,24,27,13,40
3972,2020,16.0,2020-12-27 18:00:00+00:00,13,7,10,31,37,68
3973,2020,16.0,2020-12-27 21:05:00+00:00,18,10,50,19,16,35
3974,2020,16.0,2020-12-27 21:05:00+00:00,35,5,15,13,20,33
3975,2020,16.0,2020-12-27 21:25:00+00:00,9,27,39,37,17,54
3976,2020,16.0,2020-12-27 21:25:00+00:00,31,19,26,20,9,29
3977,2020,16.0,2020-12-28 01:20:00+00:00,12,34,11,40,14,54
3978,2020,16.0,2020-12-29 01:15:00+00:00,22,4,7,9,38,47
3979,2020,17.0,2021-01-03 18:00:00+00:00,4,20,30,56,26,82
3980,2020,17.0,2021-01-03 18:00:00+00:00,7,3,19,3,38,41
3981,2020,17.0,2021-01-03 18:00:00+00:00,8,28,2,24,22,46
3982,2020,17.0,2021-01-03 18:00:00+00:00,11,21,3,35,37,72
3983,2020,17.0,2021-01-03 18:00:00+00:00,22,25,7,28,14,42
3984,2020,17.0,2021-01-03 18:00:00+00:00,24,9,40,23,19,42
3985,2020,17.0,2021-01-03 18:00:00+00:00,33,2,8,44,27,71
3986,2020,17.0,2021-01-03 21:25:00+00:00,6,12,18,16,35,51
3987,2020,17.0,2021-01-03 21:25:00+00:00,10,17,32,31,32,63
3988,2020,17.0,2021-01-03 21:25:00+00:00,14,15,36,28,14,42
3989,2020,17.0,2021-01-03 21:25:00+00:00,16,18,5,21,38,59
3990,2020,17.0,2021-01-03 21:25:00+00:00,19,1,50,18,7,25
3991,2020,17.0,2021-01-03 21:25:00+00:00,30,31,12,23,26,49
3992,2020,17.0,2021-01-03 21:25:00+00:00,5,23,9,7,33,40
3993,2020,17.0,2021-01-03 21:25:00+00:00,13,34,10,38,41,79
3994,2020,17.0,2021-01-04 01:20:00+00:00,27,35,23,14,20,34
3995,2020,1.0,2021-01-09 18:05:00+00:00,4,14,30,27,24,51
3996,2020,1.0,2021-01-09 21:40:00+00:00,31,19,26,20,30,50
3997,2020,1.0,2021-01-10 01:15:00+00:00,35,33,15,23,31,54
3998,2020,1.0,2021-01-10 18:05:00+00:00,34,3,4,13,20,33
3999,2020,1.0,2021-01-10 21:40:00+00:00,23,6,31,21,9,30
4000,2020,1.0,2021-01-11 01:15:00+00:00,28,8,1,37,48,85
4001,2020,2.0,2021-01-16 21:35:00+00:00,12,19,11,32,18,50
4002,2020,2.0,2021-01-17 01:15:00+00:00,4,3,30,17,3,20
4003,2020,2.0,2021-01-17 20:05:00+00:00,16,8,5,22,17,39
4004,2020,2.0,2021-01-17 23:40:00+00:00,23,33,31,20,30,50
4005,2020,3.0,2021-01-24 20:05:00+00:00,12,33,11,26,31,57
4006,2020,3.0,2021-01-24 23:40:00+00:00,16,4,5,38,24,62
4007,2020,5.0,2021-02-07 23:30:00+00:00,33,16,8,31,9,40
4008,2021,1.0,2021-09-10 00:20:00+00:00,33,9,8,31,29,60
4009,2021,1.0,2021-09-12 17:00:00+00:00,2,27,48,6,32,38
4010,2021,1.0,2021-09-12 17:00:00+00:00,4,28,30,16,23,39
4011,2021,1.0,2021-09-12 17:00:00+00:00,7,21,19,27,24,51
4012,2021,1.0,2021-09-12 17:00:00+00:00,11,30,3,33,41,74
4013,2021,1.0,2021-09-12 17:00:00+00:00,34,1,4,13,38,51
4014,2021,1.0,2021-09-12 17:00:00+00:00,14,31,36,16,28,44
4015,2021,1.0,2021-09-12 17:00:00+00:00,35,18,15,16,20,36
4016,2021,1.0,2021-09-12 17:00:00+00:00,5,25,9,19,14,33
4017,2021,1.0,2021-09-12 17:00:00+00:00,13,15,10,37,21,58
4018,2021,1.0,2021-09-12 20:25:00+00:00,16,8,5,33,29,62
4019,2021,1.0,2021-09-12 20:25:00+00:00,22,20,7,16,17,33
4020,2021,1.0,2021-09-12 20:25:00+00:00,23,12,13,38,3,41
4021,2021,1.0,2021-09-12 20:25:00+00:00,24,10,40,13,27,40
4022,2021,1.0,2021-09-13 00:20:00+00:00,19,6,50,34,14,48
4023,2021,1.0,2021-09-14 00:15:00+00:00,17,3,51,33,27,60
4024,2021,2.0,2021-09-17 00:20:00+00:00,35,24,15,30,29,59
4025,2021,2.0,2021-09-19 17:00:00+00:00,6,7,18,20,17,37
4026,2021,2.0,2021-09-19 17:00:00+00:00,8,13,2,31,21,52
4027,2021,2.0,2021-09-19 17:00:00+00:00,14,19,36,24,27,51
4028,2021,2.0,2021-09-19 17:00:00+00:00,20,4,33,0,35,35
4029,2021,2.0,2021-09-19 17:00:00+00:00,25,22,40,6,25,31
4030,2021,2.0,2021-09-19 17:00:00+00:00,27,30,23,11,17,28
4031,2021,2.0,2021-09-19 17:00:00+00:00,28,17,1,17,26,43
4032,2021,2.0,2021-09-19 17:00:00+00:00,5,23,9,26,7,33
4033,2021,2.0,2021-09-19 17:00:00+00:00,15,10,13,13,23,36
4034,2021,2.0,2021-09-19 20:05:00+00:00,1,21,12,34,33,67
4035,2021,2.0,2021-09-19 20:05:00+00:00,33,2,8,48,25,73
4036,2021,2.0,2021-09-19 20:25:00+00:00,18,9,50,17,20,37
4037,2021,2.0,2021-09-19 20:25:00+00:00,31,34,26,30,33,63
4038,2021,2.0,2021-09-20 00:20:00+00:00,3,16,24,36,35,71
4039,2021,2.0,2021-09-21 00:15:00+00:00,12,11,11,35,17,52
4040,2021,3.0,2021-09-24 00:20:00+00:00,13,5,10,9,24,33
4041,2021,3.0,2021-09-26 17:00:00+00:00,4,35,30,43,21,64
4042,2021,3.0,2021-09-26 17:00:00+00:00,8,6,2,26,6,32
4043,2021,3.0,2021-09-26 17:00:00+00:00,11,3,3,17,19,36
4044,2021,3.0,2021-09-26 17:00:00+00:00,34,14,4,25,16,41
4045,2021,3.0,2021-09-26 17:00:00+00:00,16,18,5,24,30,54
4046,2021,3.0,2021-09-26 17:00:00+00:00,22,23,7,13,28,41
4047,2021,3.0,2021-09-26 17:00:00+00:00,24,2,40,14,17,31
4048,2021,3.0,2021-09-26 17:00:00+00:00,28,7,1,10,24,34
4049,2021,3.0,2021-09-26 17:00:00+00:00,15,1,13,19,31,50
4050,2021,3.0,2021-09-26 20:05:00+00:00,10,25,32,26,0,26
4051,2021,3.0,2021-09-26 20:05:00+00:00,17,20,51,31,28,59
4052,2021,3.0,2021-09-26 20:25:00+00:00,19,33,50,34,24,58
4053,2021,3.0,2021-09-26 20:25:00+00:00,21,31,44,30,17,47
4054,2021,3.0,2021-09-27 00:20:00+00:00,30,12,42,28,30,58
4055,2021,3.0,2021-09-28 00:15:00+00:00,9,27,39,41,21,62
4056,2021,4.0,2021-10-01 00:20:00+00:00,7,15,19,24,21,45
4057,2021,4.0,2021-10-03 17:00:00+00:00,2,35,48,30,34,64
4058,2021,4.0,2021-10-03 17:00:00+00:00,4,13,30,40,0,40
4059,2021,4.0,2021-10-03 17:00:00+00:00,6,11,18,24,14,38
4060,2021,4.0,2021-10-03 17:00:00+00:00,9,5,39,36,28,64
4061,2021,4.0,2021-10-03 17:00:00+00:00,20,14,33,17,27,44
4062,2021,4.0,2021-10-03 17:00:00+00:00,21,8,44,7,14,21
4063,2021,4.0,2021-10-03 17:00:00+00:00,23,24,31,21,27,48
4064,2021,4.0,2021-10-03 17:00:00+00:00,25,34,40,27,24,51
4065,2021,4.0,2021-10-03 17:00:00+00:00,27,16,23,30,42,72
4066,2021,4.0,2021-10-03 20:05:00+00:00,19,1,50,20,37,57
4067,2021,4.0,2021-10-03 20:05:00+00:00,30,31,42,21,28,49
4068,2021,4.0,2021-10-03 20:25:00+00:00,10,3,32,7,23,30
4069,2021,4.0,2021-10-03 20:25:00+00:00,12,28,11,27,17,44
4070,2021,4.0,2021-10-04 00:20:00+00:00,22,33,7,17,19,36
4071,2021,4.0,2021-10-05 00:50:00+00:00,18,17,50,28,14,42
4072,2021,5.0,2021-10-08 00:20:00+00:00,31,19,26,17,26,43
4073,2021,5.0,2021-10-10 13:30:00+00:00,2,25,49,27,20,47
4074,2021,5.0,2021-10-10 17:00:00+00:00,7,12,19,22,25,47
4075,2021,5.0,2021-10-10 17:00:00+00:00,21,11,44,19,17,36
4076,2021,5.0,2021-10-10 17:00:00+00:00,28,10,1,27,19,46
4077,2021,5.0,2021-10-10 17:00:00+00:00,33,20,8,45,17,62
4078,2021,5.0,2021-10-10 17:00:00+00:00,35,23,15,22,33,55
4079,2021,5.0,2021-10-10 17:00:00+00:00,5,27,9,18,21,39
4080,2021,5.0,2021-10-10 17:00:00+00:00,15,34,13,19,37,56
4081,2021,5.0,2021-10-10 17:00:00+00:00,13,22,10,22,25,47
4082,2021,5.0,2021-10-10 20:05:00+00:00,17,6,51,9,20,29
4083,2021,5.0,2021-10-10 20:05:00+00:00,18,8,50,47,42,89
4084,2021,5.0,2021-10-10 20:25:00+00:00,9,24,39,44,20,64
4085,2021,5.0,2021-10-10 20:25:00+00:00,1,30,12,17,10,27
4086,2021,5.0,2021-10-11 00:20:00+00:00,16,4,5,20,38,58
4087,2021,5.0,2021-10-12 00:15:00+00:00,3,14,24,31,25,56
4088,2021,6.0,2021-10-15 00:20:00+00:00,27,33,23,22,28,50
4089,2021,6.0,2021-10-17 13:30:00+00:00,15,20,49,23,20,43
4090,2021,6.0,2021-10-17 17:00:00+00:00,6,12,18,14,24,38
4091,2021,6.0,2021-10-17 17:00:00+00:00,11,7,3,11,34,45
4092,2021,6.0,2021-10-17 17:00:00+00:00,14,13,36,31,3,34
4093,2021,6.0,2021-10-17 17:00:00+00:00,24,19,40,11,38,49
4094,2021,6.0,2021-10-17 17:00:00+00:00,35,16,15,13,31,44
4095,2021,6.0,2021-10-17 17:00:00+00:00,5,21,9,28,34,62
4096,2021,6.0,2021-10-17 17:00:00+00:00,3,18,24,34,6,40
4097,2021,6.0,2021-10-17 20:05:00+00:00,8,1,2,14,37,51
4098,2021,6.0,2021-10-17 20:25:00+00:00,10,17,32,24,34,58
4099,2021,6.0,2021-10-17 20:25:00+00:00,22,9,7,29,35,64
4100,2021,6.0,2021-10-18 00:20:00+00:00,28,31,1,23,20,43
4101,2021,6.0,2021-10-19 00:15:00+00:00,34,4,4,34,31,65
4102,2021,7.0,2021-10-22 00:20:00+00:00,8,10,2,17,14,31
4103,2021,7.0,2021-10-24 17:00:00+00:00,12,35,11,24,10,34
4104,2021,7.0,2021-10-24 17:00:00+00:00,34,16,4,27,3,30
4105,2021,7.0,2021-10-24 17:00:00+00:00,20,2,33,28,30,58
4106,2021,7.0,2021-10-24 17:00:00+00:00,22,25,7,54,13,67
4107,2021,7.0,2021-10-24 17:00:00+00:00,24,5,40,25,3,28
4108,2021,7.0,2021-10-24 17:00:00+00:00,3,7,24,17,41,58
4109,2021,7.0,2021-10-24 20:05:00+00:00,17,27,51,33,22,55
4110,2021,7.0,2021-10-24 20:05:00+00:00,19,11,50,28,19,47
4111,2021,7.0,2021-10-24 20:25:00+00:00,1,13,12,31,5,36
4112,2021,7.0,2021-10-24 20:25:00+00:00,33,6,8,38,3,41
4113,2021,7.0,2021-10-25 00:20:00+00:00,30,14,42,18,30,48
4114,2021,7.0,2021-10-26 00:15:00+00:00,31,23,26,10,13,23
4115,2021,8.0,2021-10-29 00:20:00+00:00,1,12,12,21,24,45
4116,2021,8.0,2021-10-31 17:00:00+00:00,2,5,48,13,19,32
4117,2021,8.0,2021-10-31 17:00:00+00:00,4,20,30,26,11,37
4118,2021,8.0,2021-10-31 17:00:00+00:00,6,30,18,22,33,55
4119,2021,8.0,2021-10-31 17:00:00+00:00,8,28,2,10,15,25
4120,2021,8.0,2021-10-31 17:00:00+00:00,11,27,3,6,44,50
4121,2021,8.0,2021-10-31 17:00:00+00:00,14,34,36,31,34,65
4122,2021,8.0,2021-10-31 17:00:00+00:00,25,7,40,34,31,65
4123,2021,8.0,2021-10-31 17:00:00+00:00,13,19,10,22,38,60
4124,2021,8.0,2021-10-31 20:05:00+00:00,18,22,50,24,27,51
4125,2021,8.0,2021-10-31 20:05:00+00:00,31,15,26,31,7,38
4126,2021,8.0,2021-10-31 20:25:00+00:00,10,35,32,17,10,27
4127,2021,8.0,2021-10-31 20:25:00+00:00,23,33,31,36,27,63
4128,2021,8.0,2021-11-01 00:20:00+00:00,21,9,44,16,20,36
4129,2021,8.0,2021-11-02 00:15:00+00:00,16,24,5,20,17,37
4130,2021,9.0,2021-11-05 00:20:00+00:00,14,25,36,45,30,75
4131,2021,9.0,2021-11-07 18:00:00+00:00,7,8,19,16,41,57
4132,2021,9.0,2021-11-07 18:00:00+00:00,9,10,39,16,30,46
4133,2021,9.0,2021-11-07 18:00:00+00:00,20,13,33,17,9,26
4134,2021,9.0,2021-11-07 18:00:00+00:00,23,2,31,25,27,52
4135,2021,9.0,2021-11-07 18:00:00+00:00,24,17,40,23,16,39
4136,2021,9.0,2021-11-07 18:00:00+00:00,5,22,9,6,24,30
4137,2021,9.0,2021-11-07 18:00:00+00:00,15,4,13,9,6,15
4138,2021,9.0,2021-11-07 18:00:00+00:00,3,21,24,34,31,65
4139,2021,9.0,2021-11-07 21:05:00+00:00,27,18,23,24,27,51
4140,2021,9.0,2021-11-07 21:25:00+00:00,16,12,5,13,7,20
4141,2021,9.0,2021-11-07 21:25:00+00:00,30,1,42,17,31,48
4142,2021,9.0,2021-11-08 01:20:00+00:00,19,34,50,16,28,44
4143,2021,9.0,2021-11-09 01:15:00+00:00,28,6,1,29,27,56
4144,2021,10.0,2021-11-12 01:20:00+00:00,20,3,33,22,10,32
4145,2021,10.0,2021-11-14 18:00:00+00:00,9,2,39,43,3,46
4146,2021,10.0,2021-11-14 18:00:00+00:00,34,23,4,23,21,44
4147,2021,10.0,2021-11-14 18:00:00+00:00,14,15,36,23,17,40
4148,2021,10.0,2021-11-14 18:00:00+00:00,22,8,7,45,7,52
4149,2021,10.0,2021-11-14 18:00:00+00:00,25,4,40,17,45,62
4150,2021,10.0,2021-11-14 18:00:00+00:00,28,11,1,16,16,32
4151,2021,10.0,2021-11-14 18:00:00+00:00,35,33,15,29,19,48
4152,2021,10.0,2021-11-14 21:05:00+00:00,1,5,12,10,34,44
4153,2021,10.0,2021-11-14 21:05:00+00:00,18,21,50,20,27,47
4154,2021,10.0,2021-11-14 21:25:00+00:00,10,27,32,13,30,43
4155,2021,10.0,2021-11-14 21:25:00+00:00,12,31,11,17,0,17
4156,2021,10.0,2021-11-15 01:20:00+00:00,17,16,51,14,41,55
4157,2021,10.0,2021-11-16 01:15:00+00:00,30,19,42,31,10,41
4158,2021,11.0,2021-11-19 01:20:00+00:00,2,22,48,0,25,25
4159,2021,11.0,2021-11-21 18:00:00+00:00,4,14,30,15,41,56
4160,2021,11.0,2021-11-21 18:00:00+00:00,6,3,18,13,16,29
4161,2021,11.0,2021-11-21 18:00:00+00:00,8,11,2,13,10,23
4162,2021,11.0,2021-11-21 18:00:00+00:00,34,13,4,13,22,35
4163,2021,11.0,2021-11-21 18:00:00+00:00,21,12,44,34,31,65
4164,2021,11.0,2021-11-21 18:00:00+00:00,25,20,40,17,24,41
4165,2021,11.0,2021-11-21 18:00:00+00:00,27,23,23,40,29,69
4166,2021,11.0,2021-11-21 18:00:00+00:00,5,35,9,21,27,48
4167,2021,11.0,2021-11-21 18:00:00+00:00,15,30,13,10,30,40
4168,2021,11.0,2021-11-21 21:05:00+00:00,17,7,51,13,32,45
4169,2021,11.0,2021-11-21 21:25:00+00:00,16,9,5,19,9,28
4170,2021,11.0,2021-11-21 21:25:00+00:00,31,1,26,13,23,36
4171,2021,11.0,2021-11-22 01:20:00+00:00,18,28,50,41,37,78
4172,2021,11.0,2021-11-23 01:15:00+00:00,33,24,8,30,10,40
4173,2021,12.0,2021-11-25 17:30:00+00:00,11,6,3,14,16,30
4174,2021,12.0,2021-11-25 21:30:00+00:00,9,17,39,33,36,69
4175,2021,12.0,2021-11-26 01:20:00+00:00,23,4,31,6,31,37
4176,2021,12.0,2021-11-28 18:00:00+00:00,7,28,19,41,10,51
4177,2021,12.0,2021-11-28 18:00:00+00:00,14,33,36,31,38,69
4178,2021,12.0,2021-11-28 18:00:00+00:00,20,5,33,33,10,43
4179,2021,12.0,2021-11-28 18:00:00+00:00,22,34,7,36,13,49
4180,2021,12.0,2021-11-28 18:00:00+00:00,24,27,40,13,7,20
4181,2021,12.0,2021-11-28 18:00:00+00:00,15,2,13,14,21,35
4182,2021,12.0,2021-11-28 18:00:00+00:00,13,25,10,14,21,35
4183,2021,12.0,2021-11-28 21:05:00+00:00,10,18,32,28,13,41
4184,2021,12.0,2021-11-28 21:25:00+00:00,12,19,11,36,28,64
4185,2021,12.0,2021-11-28 21:25:00+00:00,30,21,42,34,26,60
4186,2021,12.0,2021-11-29 01:20:00+00:00,3,8,24,16,10,26
4187,2021,12.0,2021-11-30 01:15:00+00:00,35,31,15,17,15,32
4188,2021,13.0,2021-12-03 01:20:00+00:00,23,9,31,17,27,44
4189,2021,13.0,2021-12-05 18:00:00+00:00,2,33,48,17,30,47
4190,2021,13.0,2021-12-05 18:00:00+00:00,6,1,18,22,33,55
4191,2021,13.0,2021-12-05 18:00:00+00:00,7,18,19,22,41,63
4192,2021,13.0,2021-12-05 18:00:00+00:00,11,21,3,29,27,56
4193,2021,13.0,2021-12-05 18:00:00+00:00,20,24,33,20,9,29
4194,2021,13.0,2021-12-05 18:00:00+00:00,25,27,40,18,33,51
4195,2021,13.0,2021-12-05 18:00:00+00:00,13,14,10,0,31,31
4196,2021,13.0,2021-12-05 21:05:00+00:00,17,35,51,15,17,32
4197,2021,13.0,2021-12-05 21:05:00+00:00,19,15,50,37,7,44
4198,2021,13.0,2021-12-05 21:25:00+00:00,28,3,1,20,19,39
4199,2021,13.0,2021-12-05 21:25:00+00:00,31,30,26,30,23,53
4200,2021,13.0,2021-12-06 01:20:00+00:00,16,10,5,22,9,31
4201,2021,13.0,2021-12-07 01:15:00+00:00,4,22,30,10,14,24
4202,2021,14.0,2021-12-10 01:20:00+00:00,21,28,44,36,28,64
4203,2021,14.0,2021-12-12 18:00:00+00:00,8,3,2,24,22,46
4204,2021,14.0,2021-12-12 18:00:00+00:00,34,15,4,20,0,20
4205,2021,14.0,2021-12-12 18:00:00+00:00,16,17,5,48,9,57
4206,2021,14.0,2021-12-12 18:00:00+00:00,25,23,40,9,30,39
4207,2021,14.0,2021-12-12 18:00:00+00:00,35,9,15,20,27,47
4208,2021,14.0,2021-12-12 18:00:00+00:00,5,2,9,21,29,50
4209,2021,14.0,2021-12-12 18:00:00+00:00,13,31,10,13,33,46
4210,2021,14.0,2021-12-12 21:05:00+00:00,10,11,32,38,10,48
4211,2021,14.0,2021-12-12 21:05:00+00:00,18,24,50,37,21,58
4212,2021,14.0,2021-12-12 21:25:00+00:00,7,30,19,23,26,49
4213,2021,14.0,2021-12-12 21:25:00+00:00,33,4,8,33,27,60
4214,2021,14.0,2021-12-13 01:20:00+00:00,12,6,11,45,30,75
4215,2021,14.0,2021-12-14 01:15:00+00:00,1,19,12,23,30,53
4216,2021,15.0,2021-12-17 01:20:00+00:00,18,16,50,28,34,62
4217,2021,15.0,2021-12-19 01:15:00+00:00,14,22,36,27,17,44
4218,2021,15.0,2021-12-19 18:00:00+00:00,4,5,30,31,14,45
4219,2021,15.0,2021-12-19 18:00:00+00:00,11,1,3,30,12,42
4220,2021,15.0,2021-12-19 18:00:00+00:00,20,25,33,31,24,55
4221,2021,15.0,2021-12-19 18:00:00+00:00,24,9,40,6,21,27
4222,2021,15.0,2021-12-19 18:00:00+00:00,28,34,1,19,13,32
4223,2021,15.0,2021-12-19 18:00:00+00:00,15,13,13,16,30,46
4224,2021,15.0,2021-12-19 21:05:00+00:00,10,7,32,10,15,25
4225,2021,15.0,2021-12-19 21:05:00+00:00,30,2,42,31,13,44
4226,2021,15.0,2021-12-19 21:25:00+00:00,3,12,24,30,31,61
4227,2021,15.0,2021-12-20 01:20:00+00:00,33,23,8,0,9,9
4228,2021,15.0,2021-12-20 22:00:00+00:00,8,17,2,14,16,30
4229,2021,15.0,2021-12-21 01:15:00+00:00,6,21,18,9,17,26
4230,2021,15.0,2021-12-22 00:00:00+00:00,19,31,50,20,10,30
4231,2021,15.0,2021-12-22 00:00:00+00:00,27,35,23,27,17,44
4232,2021,16.0,2021-12-24 01:20:00+00:00,34,30,4,20,17,37
4233,2021,16.0,2021-12-25 21:30:00+00:00,12,8,11,24,22,46
4234,2021,16.0,2021-12-26 01:15:00+00:00,1,14,12,16,22,38
4235,2021,16.0,2021-12-26 18:00:00+00:00,2,11,48,20,16,36
4236,2021,16.0,2021-12-26 18:00:00+00:00,7,3,19,41,21,62
4237,2021,16.0,2021-12-26 18:00:00+00:00,21,19,44,23,30,53
4238,2021,16.0,2021-12-26 18:00:00+00:00,22,4,7,21,33,54
4239,2021,16.0,2021-12-26 18:00:00+00:00,25,15,40,26,21,47
4240,2021,16.0,2021-12-26 18:00:00+00:00,27,24,23,34,10,44
4241,2021,16.0,2021-12-26 18:00:00+00:00,5,33,9,6,32,38
4242,2021,16.0,2021-12-26 18:00:00+00:00,13,18,10,41,29,70
4243,2021,16.0,2021-12-26 21:05:00+00:00,31,6,26,24,25,49
4244,2021,16.0,2021-12-26 21:25:00+00:00,16,28,5,36,10,46
4245,2021,16.0,2021-12-26 21:25:00+00:00,17,10,51,17,13,30
4246,2021,16.0,2021-12-27 01:20:00+00:00,9,35,39,56,14,70
4247,2021,16.0,2021-12-28 01:15:00+00:00,23,20,31,3,20,23
4248,2021,17.0,2022-01-02 18:00:00+00:00,4,2,30,29,15,44
4249,2021,17.0,2022-01-02 18:00:00+00:00,6,24,18,29,3,32
4250,2021,17.0,2022-01-02 18:00:00+00:00,7,16,19,34,31,65
4251,2021,17.0,2022-01-02 18:00:00+00:00,34,20,4,34,3,37
4252,2021,17.0,2022-01-02 18:00:00+00:00,14,17,36,20,23,43
4253,2021,17.0,2022-01-02 18:00:00+00:00,22,15,7,50,10,60
4254,2021,17.0,2022-01-02 18:00:00+00:00,25,33,40,24,28,52
4255,2021,17.0,2022-01-02 18:00:00+00:00,35,27,15,16,20,36
4256,2021,17.0,2022-01-02 18:00:00+00:00,3,19,24,19,20,39
4257,2021,17.0,2022-01-02 21:05:00+00:00,18,10,50,34,13,47
4258,2021,17.0,2022-01-02 21:05:00+00:00,30,13,42,23,7,30
4259,2021,17.0,2022-01-02 21:25:00+00:00,9,1,39,22,25,47
4260,2021,17.0,2022-01-02 21:25:00+00:00,23,5,31,18,10,28
4261,2021,17.0,2022-01-02 21:25:00+00:00,31,11,26,51,29,80
4262,2021,17.0,2022-01-03 01:20:00+00:00,12,21,11,37,10,47
4263,2021,17.0,2022-01-04 01:15:00+00:00,28,8,1,26,14,40
4264,2021,18.0,2022-01-08 21:30:00+00:00,10,16,32,24,28,52
4265,2021,18.0,2022-01-09 01:15:00+00:00,27,9,23,26,51,77
4266,2021,18.0,2022-01-09 18:00:00+00:00,8,7,2,21,16,37
4267,2021,18.0,2022-01-09 18:00:00+00:00,11,12,3,37,30,67
4268,2021,18.0,2022-01-09 18:00:00+00:00,21,6,44,31,17,48
4269,2021,18.0,2022-01-09 18:00:00+00:00,24,35,40,7,22,29
4270,2021,18.0,2022-01-09 18:00:00+00:00,15,14,13,26,11,37
4271,2021,18.0,2022-01-09 18:00:00+00:00,3,28,24,13,16,29
4272,2021,18.0,2022-01-09 18:00:00+00:00,13,34,10,25,28,53
4273,2021,18.0,2022-01-09 21:25:00+00:00,2,23,48,20,30,50
4274,2021,18.0,2022-01-09 21:25:00+00:00,4,25,30,27,10,37
4275,2021,18.0,2022-01-09 21:25:00+00:00,19,30,50,24,27,51
4276,2021,18.0,2022-01-09 21:25:00+00:00,20,22,33,33,24,57
4277,2021,18.0,2022-01-09 21:25:00+00:00,1,31,12,30,38,68
4278,2021,18.0,2022-01-09 21:25:00+00:00,33,5,8,41,17,58
4279,2021,18.0,2022-01-10 01:20:00+00:00,17,18,51,35,32,67
4280,2021,1.0,2022-01-15 21:30:00+00:00,7,17,19,26,19,45
4281,2021,1.0,2022-01-16 01:15:00+00:00,4,22,30,47,17,64
4282,2021,1.0,2022-01-16 18:00:00+00:00,33,27,8,31,15,46
4283,2021,1.0,2022-01-16 21:30:00+00:00,9,30,39,17,23,40
4284,2021,1.0,2022-01-17 01:15:00+00:00,16,28,5,42,21,63
4285,2021,1.0,2022-01-18 01:15:00+00:00,19,1,50,34,11,45
4286,2021,2.0,2022-01-22 21:30:00+00:00,34,7,4,16,19,35
4287,2021,2.0,2022-01-23 01:15:00+00:00,12,30,11,10,13,23
4288,2021,2.0,2022-01-23 20:00:00+00:00,33,19,8,27,30,57
4289,2021,2.0,2022-01-23 23:30:00+00:00,16,4,5,42,36,78
4290,2021,3.0,2022-01-30 20:00:00+00:00,16,7,5,24,27,51
4291,2021,3.0,2022-01-30 23:30:00+00:00,19,30,50,20,17,37
4292,2021,5.0,2022-02-13 23:30:00+00:00,7,19,50,20,23,43
4293,2022,1.0,2022-09-09 00:20:00+00:00,19,4,50,10,31,41
4294,2022,1.0,2022-09-11 17:00:00+00:00,2,23,48,26,27,53
4295,2022,1.0,2022-09-11 17:00:00+00:00,6,30,18,19,10,29
4296,2022,1.0,2022-09-11 17:00:00+00:00,7,28,19,20,23,43
4297,2022,1.0,2022-09-11 17:00:00+00:00,11,27,3,35,38,73
4298,2022,1.0,2022-09-11 17:00:00+00:00,20,22,33,20,7,27
4299,2022,1.0,2022-09-11 17:00:00+00:00,25,3,40,9,24,33
4300,2022,1.0,2022-09-11 17:00:00+00:00,36,15,15,28,22,50
4301,2022,1.0,2022-09-11 17:00:00+00:00,5,8,9,24,26,50
4302,2022,1.0,2022-09-11 17:00:00+00:00,13,14,10,20,20,40
4303,2022,1.0,2022-09-11 20:25:00+00:00,34,24,4,20,21,41
4304,2022,1.0,2022-09-11 20:25:00+00:00,21,12,44,23,7,30
4305,2022,1.0,2022-09-11 20:25:00+00:00,1,16,12,21,44,65
4306,2022,1.0,2022-09-11 20:25:00+00:00,18,17,50,24,19,43
4307,2022,1.0,2022-09-12 00:20:00+00:00,9,33,39,3,19,22
4308,2022,1.0,2022-09-13 00:15:00+00:00,31,10,26,17,16,33
4309,2022,2.0,2022-09-16 00:15:00+00:00,16,18,5,27,24,51
4310,2022,2.0,2022-09-18 17:00:00+00:00,8,25,2,30,31,61
4311,2022,2.0,2022-09-18 17:00:00+00:00,11,36,3,36,27,63
4312,2022,2.0,2022-09-18 17:00:00+00:00,23,33,31,10,20,30
4313,2022,2.0,2022-09-18 17:00:00+00:00,24,5,40,19,16,35
4314,2022,2.0,2022-09-18 17:00:00+00:00,28,22,1,14,17,31
4315,2022,2.0,2022-09-18 17:00:00+00:00,15,14,13,24,0,24
4316,2022,2.0,2022-09-18 17:00:00+00:00,3,20,24,38,42,80
4317,2022,2.0,2022-09-18 20:05:00+00:00,19,2,50,31,27,58
4318,2022,2.0,2022-09-18 20:05:00+00:00,30,31,42,27,7,34
4319,2022,2.0,2022-09-18 20:25:00+00:00,9,7,39,20,17,37
4320,2022,2.0,2022-09-18 20:25:00+00:00,10,13,32,16,9,25
4321,2022,2.0,2022-09-18 20:25:00+00:00,17,1,51,23,29,52
4322,2022,2.0,2022-09-19 00:20:00+00:00,12,6,11,27,10,37
4323,2022,2.0,2022-09-19 23:15:00+00:00,4,34,30,41,7,48
4324,2022,2.0,2022-09-20 00:30:00+00:00,27,21,23,24,7,31
4325,2022,3.0,2022-09-23 00:15:00+00:00,8,28,2,29,17,46
4326,2022,3.0,2022-09-25 17:00:00+00:00,6,13,18,23,20,43
4327,2022,3.0,2022-09-25 17:00:00+00:00,34,17,4,24,22,46
4328,2022,3.0,2022-09-25 17:00:00+00:00,14,16,36,20,17,37
4329,2022,3.0,2022-09-25 17:00:00+00:00,20,4,33,21,19,40
4330,2022,3.0,2022-09-25 17:00:00+00:00,21,11,44,28,24,52
4331,2022,3.0,2022-09-25 17:00:00+00:00,22,3,7,26,37,63
4332,2022,3.0,2022-09-25 17:00:00+00:00,25,7,40,12,27,39
4333,2022,3.0,2022-09-25 17:00:00+00:00,36,27,15,8,24,32
4334,2022,3.0,2022-09-25 17:00:00+00:00,5,23,9,22,14,36
4335,2022,3.0,2022-09-25 20:05:00+00:00,18,15,50,10,38,48
4336,2022,3.0,2022-09-25 20:25:00+00:00,1,19,12,12,20,32
4337,2022,3.0,2022-09-25 20:25:00+00:00,31,2,26,23,27,50
4338,2022,3.0,2022-09-25 20:25:00+00:00,33,12,8,12,14,26
4339,2022,3.0,2022-09-26 00:20:00+00:00,10,30,32,11,10,21
4340,2022,3.0,2022-09-27 00:15:00+00:00,24,9,40,16,23,39
4341,2022,4.0,2022-09-30 00:15:00+00:00,7,20,19,27,15,42
4342,2022,4.0,2022-10-02 13:30:00+00:00,23,21,49,25,28,53
4343,2022,4.0,2022-10-02 17:00:00+00:00,2,8,48,23,20,43
4344,2022,4.0,2022-10-02 17:00:00+00:00,9,36,39,25,10,35
4345,2022,4.0,2022-10-02 17:00:00+00:00,11,31,3,45,48,93
4346,2022,4.0,2022-10-02 17:00:00+00:00,14,34,36,17,24,41
4347,2022,4.0,2022-10-02 17:00:00+00:00,24,6,40,20,12,32
4348,2022,4.0,2022-10-02 17:00:00+00:00,27,15,23,29,21,50
4349,2022,4.0,2022-10-02 17:00:00+00:00,28,25,1,20,24,44
4350,2022,4.0,2022-10-02 17:00:00+00:00,3,4,24,20,23,43
4351,2022,4.0,2022-10-02 17:00:00+00:00,13,18,10,24,34,58
4352,2022,4.0,2022-10-02 20:05:00+00:00,5,1,9,16,26,42
4353,2022,4.0,2022-10-02 20:25:00+00:00,12,22,11,27,24,51
4354,2022,4.0,2022-10-02 20:25:00+00:00,17,10,51,32,23,55
4355,2022,4.0,2022-10-03 00:20:00+00:00,33,16,8,31,41,72
4356,2022,4.0,2022-10-04 00:15:00+00:00,30,19,42,24,9,33
4357,2022,5.0,2022-10-07 00:15:00+00:00,10,14,32,9,12,21
4358,2022,5.0,2022-10-09 13:30:00+00:00,12,24,49,22,27,49
4359,2022,5.0,2022-10-09 17:00:00+00:00,4,28,30,38,3,41
4360,2022,5.0,2022-10-09 17:00:00+00:00,8,18,2,28,30,58
4361,2022,5.0,2022-10-09 17:00:00+00:00,21,6,44,29,22,51
4362,2022,5.0,2022-10-09 17:00:00+00:00,22,11,7,29,0,29
4363,2022,5.0,2022-10-09 17:00:00+00:00,23,31,31,39,32,71
4364,2022,5.0,2022-10-09 17:00:00+00:00,25,20,40,40,17,57
4365,2022,5.0,2022-10-09 17:00:00+00:00,33,2,8,21,15,36
4366,2022,5.0,2022-10-09 17:00:00+00:00,36,34,15,17,21,38
4367,2022,5.0,2022-10-09 17:00:00+00:00,15,13,13,6,13,19
4368,2022,5.0,2022-10-09 20:05:00+00:00,5,30,9,15,37,52
4369,2022,5.0,2022-10-09 20:25:00+00:00,19,9,50,10,22,32
4370,2022,5.0,2022-10-09 20:25:00+00:00,1,27,12,17,20,37
4371,2022,5.0,2022-10-10 00:20:00+00:00,3,7,24,19,17,36
4372,2022,5.0,2022-10-11 00:15:00+00:00,16,17,5,30,29,59
4373,2022,6.0,2022-10-14 00:15:00+00:00,6,36,18,7,12,19
4374,2022,6.0,2022-10-16 17:00:00+00:00,2,30,48,28,14,42
4375,2022,6.0,2022-10-16 17:00:00+00:00,8,22,2,15,38,53
4376,2022,6.0,2022-10-16 17:00:00+00:00,12,25,11,10,27,37
4377,2022,6.0,2022-10-16 17:00:00+00:00,14,15,36,34,27,61
4378,2022,6.0,2022-10-16 17:00:00+00:00,20,21,33,16,24,40
4379,2022,6.0,2022-10-16 17:00:00+00:00,23,7,31,26,30,56
4380,2022,6.0,2022-10-16 17:00:00+00:00,24,3,40,24,20,44
4381,2022,6.0,2022-10-16 17:00:00+00:00,28,33,1,20,18,38
4382,2022,6.0,2022-10-16 20:05:00+00:00,19,5,50,24,10,34
4383,2022,6.0,2022-10-16 20:05:00+00:00,31,1,26,19,9,28
4384,2022,6.0,2022-10-16 20:25:00+00:00,16,4,5,20,24,44
4385,2022,6.0,2022-10-17 00:20:00+00:00,27,9,23,26,17,43
4386,2022,6.0,2022-10-18 00:15:00+00:00,18,10,50,19,16,35
4387,2022,7.0,2022-10-21 00:15:00+00:00,1,23,12,42,34,76
4388,2022,7.0,2022-10-23 17:00:00+00:00,7,2,19,35,17,52
4389,2022,7.0,2022-10-23 17:00:00+00:00,9,11,39,24,6,30
4390,2022,7.0,2022-10-23 17:00:00+00:00,34,14,4,19,10,29
4391,2022,7.0,2022-10-23 17:00:00+00:00,36,12,15,23,21,44
4392,2022,7.0,2022-10-23 17:00:00+00:00,5,33,9,21,3,24
4393,2022,7.0,2022-10-23 17:00:00+00:00,15,24,13,17,23,40
4394,2022,7.0,2022-10-23 17:00:00+00:00,3,8,24,23,20,43
4395,2022,7.0,2022-10-23 20:05:00+00:00,10,25,32,9,16,25
4396,2022,7.0,2022-10-23 20:05:00+00:00,17,13,51,38,20,58
4397,2022,7.0,2022-10-23 20:25:00+00:00,18,31,50,23,37,60
4398,2022,7.0,2022-10-23 20:25:00+00:00,30,16,42,23,44,67
4399,2022,7.0,2022-10-24 00:20:00+00:00,20,28,33,16,10,26
4400,2022,7.0,2022-10-25 00:15:00+00:00,22,6,7,14,33,47
4401,2022,8.0,2022-10-28 00:15:00+00:00,33,3,8,22,27,49
4402,2022,8.0,2022-10-30 13:30:00+00:00,15,10,35,17,21,38
4403,2022,8.0,2022-10-30 17:00:00+00:00,2,5,48,37,34,71
4404,2022,8.0,2022-10-30 17:00:00+00:00,9,6,39,49,29,78
4405,2022,8.0,2022-10-30 17:00:00+00:00,11,20,3,27,31,58
4406,2022,8.0,2022-10-30 17:00:00+00:00,21,1,44,34,26,60
4407,2022,8.0,2022-10-30 17:00:00+00:00,23,17,31,24,0,24
4408,2022,8.0,2022-10-30 17:00:00+00:00,25,22,40,17,22,39
4409,2022,8.0,2022-10-30 17:00:00+00:00,27,28,23,35,13,48
4410,2022,8.0,2022-10-30 20:05:00+00:00,13,34,10,10,17,27
4411,2022,8.0,2022-10-30 20:25:00+00:00,14,36,36,16,17,33
4412,2022,8.0,2022-10-30 20:25:00+00:00,19,30,50,14,31,45
4413,2022,8.0,2022-10-30 20:25:00+00:00,31,24,26,27,13,40
4414,2022,8.0,2022-10-31 00:20:00+00:00,4,12,30,27,17,44
4415,2022,8.0,2022-11-01 00:15:00+00:00,8,7,2,32,13,45
4416,2022,9.0,2022-11-04 00:15:00+00:00,13,27,10,17,29,46
4417,2022,9.0,2022-11-06 18:00:00+00:00,2,18,48,17,20,37
4418,2022,9.0,2022-11-06 18:00:00+00:00,6,20,18,32,35,67
4419,2022,9.0,2022-11-06 18:00:00+00:00,7,5,19,42,21,63
4420,2022,9.0,2022-11-06 18:00:00+00:00,11,12,3,15,9,24
4421,2022,9.0,2022-11-06 18:00:00+00:00,22,14,7,26,3,29
4422,2022,9.0,2022-11-06 18:00:00+00:00,25,4,40,20,17,37
4423,2022,9.0,2022-11-06 18:00:00+00:00,36,21,15,17,20,37
4424,2022,9.0,2022-11-06 18:00:00+00:00,15,17,13,27,20,47
4425,2022,9.0,2022-11-06 21:05:00+00:00,1,31,12,21,31,52
4426,2022,9.0,2022-11-06 21:25:00+00:00,33,19,8,16,13,29
4427,2022,9.0,2022-11-07 01:20:00+00:00,16,34,5,20,17,37
4428,2022,9.0,2022-11-08 01:15:00+00:00,23,3,31,13,27,40
4429,2022,10.0,2022-11-11 01:15:00+00:00,5,2,9,25,15,40
4430,2022,10.0,2022-11-13 14:30:00+00:00,33,31,52,21,16,37
4431,2022,10.0,2022-11-13 18:00:00+00:00,4,21,30,30,33,63
4432,2022,10.0,2022-11-13 18:00:00+00:00,6,11,18,30,31,61
4433,2022,10.0,2022-11-13 18:00:00+00:00,34,10,4,17,10,27
4434,2022,10.0,2022-11-13 18:00:00+00:00,16,15,5,27,17,44
4435,2022,10.0,2022-11-13 18:00:00+00:00,20,8,33,39,17,56
4436,2022,10.0,2022-11-13 18:00:00+00:00,24,13,40,24,16,40
4437,2022,10.0,2022-11-13 18:00:00+00:00,28,23,1,20,10,30
4438,2022,10.0,2022-11-13 21:05:00+00:00,17,14,51,20,25,45
4439,2022,10.0,2022-11-13 21:25:00+00:00,12,9,11,31,28,59
4440,2022,10.0,2022-11-13 21:25:00+00:00,19,1,50,17,27,44
4441,2022,10.0,2022-11-14 01:20:00+00:00,30,18,42,22,16,38
4442,2022,10.0,2022-11-15 01:15:00+00:00,27,36,23,21,32,53
4443,2022,11.0,2022-11-18 01:15:00+00:00,12,34,11,17,27,44
4444,2022,11.0,2022-11-20 18:00:00+00:00,2,6,48,27,24,51
4445,2022,11.0,2022-11-20 18:00:00+00:00,4,8,3,31,23,54
4446,2022,11.0,2022-11-20 18:00:00+00:00,14,27,36,16,17,33
4447,2022,11.0,2022-11-20 18:00:00+00:00,22,25,7,10,3,13
4448,2022,11.0,2022-11-20 18:00:00+00:00,23,19,31,27,20,47
4449,2022,11.0,2022-11-20 18:00:00+00:00,24,11,40,18,31,49
4450,2022,11.0,2022-11-20 18:00:00+00:00,3,5,24,13,3,16
4451,2022,11.0,2022-11-20 18:00:00+00:00,13,36,10,10,23,33
4452,2022,11.0,2022-11-20 21:05:00+00:00,10,17,32,16,22,38
4453,2022,11.0,2022-11-20 21:25:00+00:00,21,9,44,3,40,43
4454,2022,11.0,2022-11-20 21:25:00+00:00,28,7,1,30,37,67
4455,2022,11.0,2022-11-21 01:20:00+00:00,18,16,50,27,30,57
4456,2022,11.0,2022-11-22 01:15:00+00:00,1,30,46,10,38,48
4457,2022,12.0,2022-11-24 17:30:00+00:00,11,4,3,25,28,53
4458,2022,12.0,2022-11-24 21:30:00+00:00,9,24,39,28,20,48
4459,2022,12.0,2022-11-25 01:20:00+00:00,21,22,44,33,26,59
4460,2022,12.0,2022-11-27 18:00:00+00:00,8,33,2,23,17,40
4461,2022,12.0,2022-11-27 18:00:00+00:00,34,7,4,16,20,36
4462,2022,12.0,2022-11-27 18:00:00+00:00,20,13,33,30,15,45
4463,2022,12.0,2022-11-27 18:00:00+00:00,25,6,40,31,10,41
4464,2022,12.0,2022-11-27 18:00:00+00:00,36,2,15,19,13,32
4465,2022,12.0,2022-11-27 18:00:00+00:00,5,10,9,23,10,33
4466,2022,12.0,2022-11-27 18:00:00+00:00,15,3,13,28,27,55
4467,2022,12.0,2022-11-27 21:05:00+00:00,1,18,12,24,25,49
4468,2022,12.0,2022-11-27 21:05:00+00:00,31,17,26,34,40,74
4469,2022,12.0,2022-11-27 21:25:00+00:00,16,19,5,26,10,36
4470,2022,12.0,2022-11-27 21:25:00+00:00,30,23,42,13,0,13
4471,2022,12.0,2022-11-28 01:20:00+00:00,27,12,23,40,33,73
4472,2022,12.0,2022-11-29 01:15:00+00:00,14,28,36,17,24,41
4473,2022,13.0,2022-12-02 01:15:00+00:00,22,4,7,10,24,34
4474,2022,13.0,2022-12-04 18:00:00+00:00,2,28,48,16,19,35
4475,2022,13.0,2022-12-04 18:00:00+00:00,6,12,18,19,28,47
4476,2022,13.0,2022-12-04 18:00:00+00:00,11,15,3,40,14,54
4477,2022,13.0,2022-12-04 18:00:00+00:00,21,25,44,27,22,49
4478,2022,13.0,2022-12-04 18:00:00+00:00,24,36,40,20,20,40
4479,2022,13.0,2022-12-04 18:00:00+00:00,27,34,23,35,10,45
4480,2022,13.0,2022-12-04 18:00:00+00:00,3,10,24,10,9,19
4481,2022,13.0,2022-12-04 18:00:00+00:00,13,8,10,14,27,41
4482,2022,13.0,2022-12-04 21:05:00+00:00,19,31,50,23,27,50
4483,2022,13.0,2022-12-04 21:05:00+00:00,30,20,42,33,17,50
4484,2022,13.0,2022-12-04 21:25:00+00:00,7,16,19,27,24,51
4485,2022,13.0,2022-12-04 21:25:00+00:00,17,18,51,27,20,47
4486,2022,13.0,2022-12-05 01:20:00+00:00,9,14,39,54,19,73
4487,2022,13.0,2022-12-06 01:15:00+00:00,33,23,8,17,16,33
4488,2022,14.0,2022-12-09 01:15:00+00:00,19,17,50,17,16,33
4489,2022,14.0,2022-12-11 18:00:00+00:00,4,25,30,20,12,32
4490,2022,14.0,2022-12-11 18:00:00+00:00,7,8,19,23,10,33
4491,2022,14.0,2022-12-11 18:00:00+00:00,9,13,39,27,23,50
4492,2022,14.0,2022-12-11 18:00:00+00:00,11,21,3,34,23,57
4493,2022,14.0,2022-12-11 18:00:00+00:00,34,15,4,22,36,58
4494,2022,14.0,2022-12-11 18:00:00+00:00,24,27,40,22,48,70
4495,2022,14.0,2022-12-11 18:00:00+00:00,28,3,1,14,16,30
4496,2022,14.0,2022-12-11 21:05:00+00:00,10,16,32,28,34,62
4497,2022,14.0,2022-12-11 21:25:00+00:00,30,33,42,35,7,42
4498,2022,14.0,2022-12-11 21:25:00+00:00,31,5,26,24,30,54
4499,2022,14.0,2022-12-12 01:20:00+00:00,18,20,50,23,17,40
4500,2022,14.0,2022-12-13 01:15:00+00:00,1,22,12,13,27,40
4501,2022,15.0,2022-12-16 01:15:00+00:00,31,30,26,13,21,34
4502,2022,15.0,2022-12-17 18:00:00+00:00,21,14,44,39,36,75
4503,2022,15.0,2022-12-17 21:40:00+00:00,8,3,2,13,3,16
4504,2022,15.0,2022-12-18 01:15:00+00:00,4,20,30,32,29,61
4505,2022,15.0,2022-12-18 18:00:00+00:00,6,27,18,20,25,45
4506,2022,15.0,2022-12-18 18:00:00+00:00,23,2,31,21,18,39
4507,2022,15.0,2022-12-18 18:00:00+00:00,25,11,40,17,20,37
4508,2022,15.0,2022-12-18 18:00:00+00:00,5,28,9,16,24,40
4509,2022,15.0,2022-12-18 18:00:00+00:00,15,9,13,40,34,74
4510,2022,15.0,2022-12-18 18:00:00+00:00,13,16,10,24,30,54
4511,2022,15.0,2022-12-18 21:05:00+00:00,10,1,32,24,15,39
4512,2022,15.0,2022-12-18 21:05:00+00:00,17,22,51,30,24,54
4513,2022,15.0,2022-12-18 21:25:00+00:00,18,34,50,17,14,31
4514,2022,15.0,2022-12-18 21:25:00+00:00,33,7,8,23,34,57
4515,2022,15.0,2022-12-19 01:20:00+00:00,36,24,15,12,20,32
4516,2022,15.0,2022-12-20 01:15:00+00:00,12,19,11,24,12,36
4517,2022,16.0,2022-12-23 01:15:00+00:00,25,15,40,3,19,22
4518,2022,16.0,2022-12-24 18:00:00+00:00,6,4,18,13,35,48
4519,2022,16.0,2022-12-24 18:00:00+00:00,8,23,2,10,17,27
4520,2022,16.0,2022-12-24 18:00:00+00:00,16,31,5,24,10,34
4521,2022,16.0,2022-12-24 18:00:00+00:00,21,24,44,27,24,51
4522,2022,16.0,2022-12-24 18:00:00+00:00,22,7,7,18,22,40
4523,2022,16.0,2022-12-24 18:00:00+00:00,5,11,9,37,23,60
4524,2022,16.0,2022-12-24 18:00:00+00:00,3,2,24,17,9,26
4525,2022,16.0,2022-12-24 19:00:00+00:00,34,13,4,14,19,33
4526,2022,16.0,2022-12-24 21:05:00+00:00,30,36,42,37,20,57
4527,2022,16.0,2022-12-24 21:25:00+00:00,9,27,39,40,34,74
4528,2022,16.0,2022-12-25 01:15:00+00:00,28,17,1,13,10,23
4529,2022,16.0,2022-12-25 18:00:00+00:00,20,12,33,20,26,46
4530,2022,16.0,2022-12-25 21:30:00+00:00,19,10,50,51,14,65
4531,2022,16.0,2022-12-26 01:20:00+00:00,1,33,12,16,19,35
4532,2022,16.0,2022-12-27 01:15:00+00:00,14,18,36,3,20,23
4533,2022,17.0,2022-12-30 01:15:00+00:00,34,9,4,13,27,40
4534,2022,17.0,2023-01-01 18:00:00+00:00,2,1,48,20,19,39
4535,2022,17.0,2023-01-01 18:00:00+00:00,11,6,3,41,10,51
4536,2022,17.0,2023-01-01 18:00:00+00:00,16,10,5,27,24,51
4537,2022,17.0,2023-01-01 18:00:00+00:00,22,20,7,23,21,44
4538,2022,17.0,2023-01-01 18:00:00+00:00,24,14,40,38,10,48
4539,2022,17.0,2023-01-01 18:00:00+00:00,27,23,23,10,20,30
4540,2022,17.0,2023-01-01 18:00:00+00:00,33,5,8,30,24,54
4541,2022,17.0,2023-01-01 18:00:00+00:00,36,8,15,10,24,34
4542,2022,17.0,2023-01-01 18:00:00+00:00,13,15,10,3,31,34
4543,2022,17.0,2023-01-01 21:05:00+00:00,17,30,51,34,37,71
4544,2022,17.0,2023-01-01 21:05:00+00:00,31,25,26,23,6,29
4545,2022,17.0,2023-01-01 21:25:00+00:00,12,21,11,41,17,58
4546,2022,17.0,2023-01-01 21:25:00+00:00,18,19,50,31,10,41
4547,2022,17.0,2023-01-02 01:20:00+00:00,3,28,24,13,16,29
4548,2022,18.0,2023-01-07 21:30:00+00:00,17,16,51,13,31,44
4549,2022,18.0,2023-01-08 01:15:00+00:00,15,34,13,20,16,36
4550,2022,18.0,2023-01-08 18:00:00+00:00,2,33,48,30,17,47
4551,2022,18.0,2023-01-08 18:00:00+00:00,4,22,30,35,23,58
4552,2022,18.0,2023-01-08 18:00:00+00:00,6,21,18,13,29,42
4553,2022,18.0,2023-01-08 18:00:00+00:00,7,3,19,27,16,43
4554,2022,18.0,2023-01-08 18:00:00+00:00,14,13,36,31,32,63
4555,2022,18.0,2023-01-08 18:00:00+00:00,20,25,33,11,6,17
4556,2022,18.0,2023-01-08 18:00:00+00:00,23,5,31,7,10,17
4557,2022,18.0,2023-01-08 18:00:00+00:00,28,8,1,28,14,42
4558,2022,18.0,2023-01-08 21:25:00+00:00,10,18,32,31,28,59
4559,2022,18.0,2023-01-08 21:25:00+00:00,27,24,23,22,16,38
4560,2022,18.0,2023-01-08 21:25:00+00:00,30,1,42,38,13,51
4561,2022,18.0,2023-01-08 21:25:00+00:00,31,19,26,19,16,35
4562,2022,18.0,2023-01-08 21:25:00+00:00,36,9,15,26,6,32
4563,2022,18.0,2023-01-09 01:20:00+00:00,12,11,11,16,20,36
4564,2022,1.0,2023-01-14 21:30:00+00:00,30,31,42,41,23,64
4565,2022,1.0,2023-01-15 01:15:00+00:00,15,18,13,31,30,61
4566,2022,1.0,2023-01-15 18:00:00+00:00,4,20,30,34,31,65
4567,2022,1.0,2023-01-15 21:50:00+00:00,21,24,44,24,31,55
4568,2022,1.0,2023-01-16 01:15:00+00:00,7,3,19,24,17,41
4569,2022,1.0,2023-01-17 01:15:00+00:00,33,9,8,14,31,45
4570,2022,2.0,2023-01-21 21:30:00+00:00,16,15,5,27,20,47
4571,2022,2.0,2023-01-22 01:15:00+00:00,27,24,23,38,7,45
4572,2022,2.0,2023-01-22 20:00:00+00:00,4,7,30,10,27,37
4573,2022,2.0,2023-01-22 23:30:00+00:00,30,9,42,19,12,31
4574,2022,3.0,2023-01-29 20:00:00+00:00,27,30,23,31,7,38
4575,2022,3.0,2023-01-29 23:30:00+00:00,16,7,5,23,20,43
4576,2022,5.0,2023-02-12 23:30:00+00:00,27,16,12,35,38,73
4577,2023,1.0,2023-09-08 00:20:00+00:00,16,11,5,20,21,41
4578,2023,1.0,2023-09-10 17:00:00+00:00,2,5,48,24,10,34
4579,2023,1.0,2023-09-10 17:00:00+00:00,8,7,2,24,3,27
4580,2023,1.0,2023-09-10 17:00:00+00:00,14,15,36,21,31,52
4581,2023,1.0,2023-09-10 17:00:00+00:00,21,33,44,17,20,37
4582,2023,1.0,2023-09-10 17:00:00+00:00,23,34,31,16,15,31
4583,2023,1.0,2023-09-10 17:00:00+00:00,28,30,1,7,30,37
4584,2023,1.0,2023-09-10 17:00:00+00:00,36,1,15,20,16,36
4585,2023,1.0,2023-09-10 17:00:00+00:00,3,13,24,25,9,34
4586,2023,1.0,2023-09-10 20:25:00+00:00,6,12,18,20,38,58
4587,2023,1.0,2023-09-10 20:25:00+00:00,10,17,32,16,17,33
4588,2023,1.0,2023-09-10 20:25:00+00:00,22,27,7,20,25,45
4589,2023,1.0,2023-09-10 20:25:00+00:00,18,20,50,34,36,70
4590,2023,1.0,2023-09-10 20:25:00+00:00,31,19,26,13,30,43
4591,2023,1.0,2023-09-11 00:20:00+00:00,24,9,40,0,40,40
4592,2023,1.0,2023-09-12 00:15:00+00:00,25,4,40,22,16,38
4593,2023,2.0,2023-09-15 00:15:00+00:00,27,21,23,34,28,62
4594,2023,2.0,2023-09-17 17:00:00+00:00,2,12,48,25,24,49
4595,2023,2.0,2023-09-17 17:00:00+00:00,4,17,30,38,10,48
4596,2023,2.0,2023-09-17 17:00:00+00:00,7,3,19,24,27,51
4597,2023,2.0,2023-09-17 17:00:00+00:00,11,31,3,31,37,68
4598,2023,2.0,2023-09-17 17:00:00+00:00,34,18,4,27,24,51
4599,2023,2.0,2023-09-17 17:00:00+00:00,33,6,8,27,17,44
4600,2023,2.0,2023-09-17 17:00:00+00:00,15,16,13,9,17,26
4601,2023,2.0,2023-09-17 17:00:00+00:00,13,14,10,20,31,51
4602,2023,2.0,2023-09-17 20:05:00+00:00,19,30,50,23,30,53
4603,2023,2.0,2023-09-17 20:05:00+00:00,1,24,12,28,31,59
4604,2023,2.0,2023-09-17 20:25:00+00:00,9,25,39,30,10,40
4605,2023,2.0,2023-09-17 20:25:00+00:00,10,36,32,33,35,68
4606,2023,2.0,2023-09-18 00:20:00+00:00,22,20,7,17,24,41
4607,2023,2.0,2023-09-18 23:15:00+00:00,5,23,9,17,20,37
4608,2023,2.0,2023-09-19 00:15:00+00:00,28,8,1,26,22,48
4609,2023,3.0,2023-09-22 00:15:00+00:00,30,24,42,30,12,42
4610,2023,3.0,2023-09-24 17:00:00+00:00,8,34,2,27,3,30
4611,2023,3.0,2023-09-24 17:00:00+00:00,11,2,3,20,6,26
4612,2023,3.0,2023-09-24 17:00:00+00:00,12,23,11,18,17,35
4613,2023,3.0,2023-09-24 17:00:00+00:00,20,10,33,70,20,90
4614,2023,3.0,2023-09-24 17:00:00+00:00,21,18,44,24,28,52
4615,2023,3.0,2023-09-24 17:00:00+00:00,25,22,40,10,15,25
4616,2023,3.0,2023-09-24 17:00:00+00:00,36,4,15,3,37,40
4617,2023,3.0,2023-09-24 17:00:00+00:00,15,13,13,17,37,54
4618,2023,3.0,2023-09-24 17:00:00+00:00,3,14,24,19,22,41
4619,2023,3.0,2023-09-24 20:05:00+00:00,31,5,26,37,27,64
4620,2023,3.0,2023-09-24 20:25:00+00:00,16,6,5,41,10,51
4621,2023,3.0,2023-09-24 20:25:00+00:00,1,9,12,28,16,44
4622,2023,3.0,2023-09-25 00:20:00+00:00,17,28,51,18,23,41
4623,2023,3.0,2023-09-25 23:15:00+00:00,33,27,8,11,25,36
4624,2023,3.0,2023-09-26 00:15:00+00:00,7,19,19,19,16,35
4625,2023,4.0,2023-09-29 00:15:00+00:00,12,11,11,20,34,54
4626,2023,4.0,2023-10-01 13:30:00+00:00,15,2,35,23,7,30
4627,2023,4.0,2023-10-01 17:00:00+00:00,4,20,30,48,20,68
4628,2023,4.0,2023-10-01 17:00:00+00:00,6,10,18,28,31,59
4629,2023,4.0,2023-10-01 17:00:00+00:00,8,3,2,3,28,31
4630,2023,4.0,2023-10-01 17:00:00+00:00,34,7,4,27,3,30
4631,2023,4.0,2023-10-01 17:00:00+00:00,14,19,36,23,29,52
4632,2023,4.0,2023-10-01 17:00:00+00:00,23,33,31,9,26,35
4633,2023,4.0,2023-10-01 17:00:00+00:00,27,36,23,34,31,65
4634,2023,4.0,2023-10-01 17:00:00+00:00,5,21,9,13,21,34
4635,2023,4.0,2023-10-01 17:00:00+00:00,13,28,10,30,6,36
4636,2023,4.0,2023-10-01 20:05:00+00:00,18,17,50,24,17,41
4637,2023,4.0,2023-10-01 20:25:00+00:00,9,22,39,38,3,41
4638,2023,4.0,2023-10-01 20:25:00+00:00,30,1,42,35,16,51
4639,2023,4.0,2023-10-02 00:20:00+00:00,25,16,40,20,23,43
4640,2023,4.0,2023-10-03 00:15:00+00:00,24,31,40,3,24,27
4641,2023,5.0,2023-10-06 00:15:00+00:00,36,6,15,20,40,60
4642,2023,5.0,2023-10-08 13:30:00+00:00,4,15,49,20,25,45
4643,2023,5.0,2023-10-08 17:00:00+00:00,2,13,48,21,19,40
4644,2023,5.0,2023-10-08 17:00:00+00:00,11,5,3,42,24,66
4645,2023,5.0,2023-10-08 17:00:00+00:00,14,34,36,23,16,39
4646,2023,5.0,2023-10-08 17:00:00+00:00,20,24,33,31,16,47
4647,2023,5.0,2023-10-08 17:00:00+00:00,22,23,7,0,34,34
4648,2023,5.0,2023-10-08 17:00:00+00:00,28,3,1,17,10,27
4649,2023,5.0,2023-10-08 20:05:00+00:00,19,27,50,14,23,37
4650,2023,5.0,2023-10-08 20:05:00+00:00,1,7,12,20,34,54
4651,2023,5.0,2023-10-08 20:25:00+00:00,10,25,32,21,31,52
4652,2023,5.0,2023-10-08 20:25:00+00:00,21,16,44,20,27,47
4653,2023,5.0,2023-10-09 00:20:00+00:00,30,9,42,42,10,52
4654,2023,5.0,2023-10-10 00:15:00+00:00,17,12,51,17,13,30
4655,2023,6.0,2023-10-13 00:15:00+00:00,16,10,5,19,8,27
4656,2023,6.0,2023-10-15 13:30:00+00:00,34,3,49,16,24,40
4657,2023,6.0,2023-10-15 17:00:00+00:00,2,36,48,16,24,40
4658,2023,6.0,2023-10-15 17:00:00+00:00,6,21,18,13,19,32
4659,2023,6.0,2023-10-15 17:00:00+00:00,7,31,19,17,13,30
4660,2023,6.0,2023-10-15 17:00:00+00:00,8,30,2,19,17,36
4661,2023,6.0,2023-10-15 17:00:00+00:00,20,5,33,42,21,63
4662,2023,6.0,2023-10-15 17:00:00+00:00,15,14,13,37,20,57
4663,2023,6.0,2023-10-15 17:00:00+00:00,13,23,10,20,13,33
4664,2023,6.0,2023-10-15 20:05:00+00:00,17,22,51,21,17,38
4665,2023,6.0,2023-10-15 20:25:00+00:00,19,1,50,26,9,35
4666,2023,6.0,2023-10-15 20:25:00+00:00,25,27,40,20,14,34
4667,2023,6.0,2023-10-15 20:25:00+00:00,33,11,8,6,20,26
4668,2023,6.0,2023-10-16 00:20:00+00:00,4,24,30,14,9,23
4669,2023,6.0,2023-10-17 00:15:00+00:00,18,9,50,17,20,37
4670,2023,7.0,2023-10-20 00:15:00+00:00,23,15,31,24,31,55
4671,2023,7.0,2023-10-22 17:00:00+00:00,6,17,18,30,12,42
4672,2023,7.0,2023-10-22 17:00:00+00:00,14,8,36,38,39,77
4673,2023,7.0,2023-10-22 17:00:00+00:00,22,4,7,29,25,54
4674,2023,7.0,2023-10-22 17:00:00+00:00,24,36,40,14,7,21
4675,2023,7.0,2023-10-22 17:00:00+00:00,33,2,8,13,16,29
4676,2023,7.0,2023-10-22 17:00:00+00:00,3,11,24,38,6,44
4677,2023,7.0,2023-10-22 20:05:00+00:00,19,28,50,17,24,41
4678,2023,7.0,2023-10-22 20:05:00+00:00,31,1,26,20,10,30
4679,2023,7.0,2023-10-22 20:25:00+00:00,10,12,32,19,17,36
4680,2023,7.0,2023-10-22 20:25:00+00:00,16,18,5,31,17,48
4681,2023,7.0,2023-10-23 00:20:00+00:00,27,20,23,31,17,48
4682,2023,7.0,2023-10-24 00:15:00+00:00,21,30,44,22,17,39
4683,2023,8.0,2023-10-27 00:15:00+00:00,4,33,30,24,18,42
4684,2023,8.0,2023-10-29 17:00:00+00:00,9,19,39,43,20,63
4685,2023,8.0,2023-10-29 17:00:00+00:00,12,21,11,10,24,34
4686,2023,8.0,2023-10-29 17:00:00+00:00,34,2,4,28,23,51
4687,2023,8.0,2023-10-29 17:00:00+00:00,14,23,36,27,38,65
4688,2023,8.0,2023-10-29 17:00:00+00:00,20,22,33,31,17,48
4689,2023,8.0,2023-10-29 17:00:00+00:00,24,25,40,10,13,23
4690,2023,8.0,2023-10-29 17:00:00+00:00,28,15,1,10,20,30
4691,2023,8.0,2023-10-29 17:00:00+00:00,36,27,15,31,38,69
4692,2023,8.0,2023-10-29 17:00:00+00:00,5,13,9,15,13,28
4693,2023,8.0,2023-10-29 20:05:00+00:00,31,8,26,24,20,44
4694,2023,8.0,2023-10-29 20:25:00+00:00,10,16,32,24,9,33
4695,2023,8.0,2023-10-29 20:25:00+00:00,1,3,12,24,31,55
4696,2023,8.0,2023-10-29 20:25:00+00:00,30,7,42,17,31,48
4697,2023,8.0,2023-10-30 00:20:00+00:00,18,6,50,30,13,43
4698,2023,8.0,2023-10-31 00:15:00+00:00,11,17,3,26,14,40
4699,2023,9.0,2023-11-03 00:15:00+00:00,28,34,1,20,16,36
4700,2023,9.0,2023-11-05 14:30:00+00:00,16,20,53,21,14,35
4701,2023,9.0,2023-11-05 18:00:00+00:00,2,21,48,28,31,59
4702,2023,9.0,2023-11-05 18:00:00+00:00,8,1,2,27,0,27
4703,2023,9.0,2023-11-05 18:00:00+00:00,12,19,11,20,3,23
4704,2023,9.0,2023-11-05 18:00:00+00:00,22,36,7,17,20,37
4705,2023,9.0,2023-11-05 18:00:00+00:00,23,6,31,24,17,41
4706,2023,9.0,2023-11-05 18:00:00+00:00,3,31,24,37,3,40
4707,2023,9.0,2023-11-05 18:00:00+00:00,13,33,10,39,37,76
4708,2023,9.0,2023-11-05 21:05:00+00:00,5,14,9,13,27,40
4709,2023,9.0,2023-11-05 21:25:00+00:00,17,24,51,30,6,36
4710,2023,9.0,2023-11-05 21:25:00+00:00,27,9,23,28,23,51
4711,2023,9.0,2023-11-06 01:20:00+00:00,7,4,19,24,18,42
4712,2023,9.0,2023-11-07 01:15:00+00:00,25,18,40,6,27,33
4713,2023,10.0,2023-11-10 01:15:00+00:00,6,5,18,16,13,29
4714,2023,10.0,2023-11-12 14:30:00+00:00,22,14,53,6,10,16
4715,2023,10.0,2023-11-12 18:00:00+00:00,7,13,19,27,30,57
4716,2023,10.0,2023-11-12 18:00:00+00:00,21,23,44,27,19,46
4717,2023,10.0,2023-11-12 18:00:00+00:00,28,12,1,23,19,42
4718,2023,10.0,2023-11-12 18:00:00+00:00,33,34,8,20,6,26
4719,2023,10.0,2023-11-12 18:00:00+00:00,15,30,13,3,34,37
4720,2023,10.0,2023-11-12 18:00:00+00:00,3,8,24,31,33,64
4721,2023,10.0,2023-11-12 21:05:00+00:00,1,2,12,25,23,48
4722,2023,10.0,2023-11-12 21:05:00+00:00,18,11,50,38,41,79
4723,2023,10.0,2023-11-12 21:25:00+00:00,9,24,39,49,17,66
4724,2023,10.0,2023-11-12 21:25:00+00:00,31,36,26,29,26,55
4725,2023,10.0,2023-11-13 01:20:00+00:00,17,25,51,16,12,28
4726,2023,10.0,2023-11-14 01:15:00+00:00,4,10,30,22,24,46
4727,2023,11.0,2023-11-17 01:15:00+00:00,3,7,24,34,20,54
4728,2023,11.0,2023-11-19 18:00:00+00:00,8,28,2,13,10,23
4729,2023,11.0,2023-11-19 18:00:00+00:00,11,6,3,31,26,57
4730,2023,11.0,2023-11-19 18:00:00+00:00,12,18,11,23,20,43
4731,2023,11.0,2023-11-19 18:00:00+00:00,20,17,33,20,13,33
4732,2023,11.0,2023-11-19 18:00:00+00:00,36,24,15,19,31,50
4733,2023,11.0,2023-11-19 18:00:00+00:00,5,9,9,10,33,43
4734,2023,11.0,2023-11-19 18:00:00+00:00,15,34,13,34,14,48
4735,2023,11.0,2023-11-19 18:00:00+00:00,13,1,10,21,16,37
4736,2023,11.0,2023-11-19 21:05:00+00:00,30,33,42,27,14,41
4737,2023,11.0,2023-11-19 21:25:00+00:00,4,25,30,32,6,38
4738,2023,11.0,2023-11-19 21:25:00+00:00,19,31,50,17,16,33
4739,2023,11.0,2023-11-20 01:20:00+00:00,10,21,32,21,20,41
4740,2023,11.0,2023-11-21 01:15:00+00:00,16,27,5,17,21,38
4741,2023,12.0,2023-11-23 17:30:00+00:00,11,12,3,22,29,51
4742,2023,12.0,2023-11-23 21:30:00+00:00,9,36,39,45,10,55
4743,2023,12.0,2023-11-24 01:20:00+00:00,31,30,26,13,31,44
4744,2023,12.0,2023-11-24 20:00:00+00:00,25,20,40,13,34,47
4745,2023,12.0,2023-11-26 18:00:00+00:00,2,23,48,24,15,39
4746,2023,12.0,2023-11-26 18:00:00+00:00,7,28,19,10,16,26
4747,2023,12.0,2023-11-26 18:00:00+00:00,34,5,4,17,10,27
4748,2023,12.0,2023-11-26 18:00:00+00:00,14,33,36,27,20,47
4749,2023,12.0,2023-11-26 18:00:00+00:00,24,22,40,10,7,17
4750,2023,12.0,2023-11-26 18:00:00+00:00,13,15,10,21,24,45
4751,2023,12.0,2023-11-26 21:05:00+00:00,10,8,32,29,12,41
4752,2023,12.0,2023-11-26 21:05:00+00:00,1,19,12,14,37,51
4753,2023,12.0,2023-11-26 21:25:00+00:00,17,16,51,17,31,48
4754,2023,12.0,2023-11-26 21:25:00+00:00,27,4,23,37,34,71
4755,2023,12.0,2023-11-27 01:20:00+00:00,18,3,50,10,20,30
4756,2023,12.0,2023-11-28 01:15:00+00:00,21,6,44,10,12,22
4757,2023,13.0,2023-12-01 01:15:00+00:00,9,31,39,41,35,76
4758,2023,13.0,2023-12-03 18:00:00+00:00,34,14,4,28,31,59
4759,2023,13.0,2023-12-03 18:00:00+00:00,22,18,7,0,6,6
4760,2023,13.0,2023-12-03 18:00:00+00:00,23,11,31,28,33,61
4761,2023,13.0,2023-12-03 18:00:00+00:00,25,2,40,8,13,21
4762,2023,13.0,2023-12-03 18:00:00+00:00,28,1,1,10,24,34
4763,2023,13.0,2023-12-03 18:00:00+00:00,36,20,15,15,45,60
4764,2023,13.0,2023-12-03 18:00:00+00:00,13,10,10,22,17,39
4765,2023,13.0,2023-12-03 21:05:00+00:00,33,5,8,21,18,39
4766,2023,13.0,2023-12-03 21:25:00+00:00,19,8,50,36,19,55
4767,2023,13.0,2023-12-03 21:25:00+00:00,27,30,23,19,42,61
4768,2023,13.0,2023-12-04 01:20:00+00:00,12,16,11,27,19,46
4769,2023,13.0,2023-12-05 01:15:00+00:00,15,7,13,31,34,65
4770,2023,14.0,2023-12-08 01:15:00+00:00,28,22,1,18,21,39
4771,2023,14.0,2023-12-10 18:00:00+00:00,2,33,48,25,29,54
4772,2023,14.0,2023-12-10 18:00:00+00:00,6,11,18,28,13,41
4773,2023,14.0,2023-12-10 18:00:00+00:00,7,14,19,34,14,48
4774,2023,14.0,2023-12-10 18:00:00+00:00,8,15,2,31,27,58
4775,2023,14.0,2023-12-10 18:00:00+00:00,23,5,31,28,6,34
4776,2023,14.0,2023-12-10 18:00:00+00:00,25,13,40,30,6,36
4777,2023,14.0,2023-12-10 18:00:00+00:00,3,19,24,37,31,68
4778,2023,14.0,2023-12-10 21:05:00+00:00,17,21,51,0,3,3
4779,2023,14.0,2023-12-10 21:05:00+00:00,30,31,42,28,16,44
4780,2023,14.0,2023-12-10 21:25:00+00:00,16,4,5,17,20,37
4781,2023,14.0,2023-12-10 21:25:00+00:00,18,10,50,7,24,31
4782,2023,14.0,2023-12-11 01:20:00+00:00,9,27,39,33,13,46
4783,2023,14.0,2023-12-12 01:15:00+00:00,20,34,33,27,28,55
4784,2023,14.0,2023-12-12 01:15:00+00:00,24,12,40,24,22,46
4785,2023,15.0,2023-12-15 01:15:00+00:00,17,18,51,63,21,84
4786,2023,15.0,2023-12-16 18:00:00+00:00,7,21,19,27,24,51
4787,2023,15.0,2023-12-16 21:30:00+00:00,14,28,36,30,13,43
4788,2023,15.0,2023-12-17 01:15:00+00:00,11,10,3,42,17,59
4789,2023,15.0,2023-12-17 18:00:00+00:00,8,6,2,20,17,37
4790,2023,15.0,2023-12-17 18:00:00+00:00,12,33,11,20,34,54
4791,2023,15.0,2023-12-17 18:00:00+00:00,34,13,4,16,19,35
4792,2023,15.0,2023-12-17 18:00:00+00:00,20,25,33,30,0,30
4793,2023,15.0,2023-12-17 18:00:00+00:00,22,16,7,17,27,44
4794,2023,15.0,2023-12-17 18:00:00+00:00,23,24,31,24,6,30
4795,2023,15.0,2023-12-17 18:00:00+00:00,5,2,9,9,7,16
4796,2023,15.0,2023-12-17 21:05:00+00:00,19,36,50,28,20,48
4797,2023,15.0,2023-12-17 21:05:00+00:00,1,30,12,29,45,74
4798,2023,15.0,2023-12-17 21:25:00+00:00,4,9,30,31,10,41
4799,2023,15.0,2023-12-18 01:20:00+00:00,15,3,13,7,23,30
4800,2023,15.0,2023-12-19 01:15:00+00:00,31,27,26,20,17,37
4801,2023,16.0,2023-12-22 01:15:00+00:00,19,23,50,30,22,52
4802,2023,16.0,2023-12-23 21:30:00+00:00,28,7,1,34,11,45
4803,2023,16.0,2023-12-24 01:00:00+00:00,18,4,50,22,24,46
4804,2023,16.0,2023-12-24 18:00:00+00:00,2,14,48,29,10,39
4805,2023,16.0,2023-12-24 18:00:00+00:00,34,31,4,17,20,37
4806,2023,16.0,2023-12-24 18:00:00+00:00,21,11,44,24,30,54
4807,2023,16.0,2023-12-24 18:00:00+00:00,25,36,40,30,28,58
4808,2023,16.0,2023-12-24 18:00:00+00:00,5,12,9,30,33,63
4809,2023,16.0,2023-12-24 18:00:00+00:00,13,8,10,22,36,58
4810,2023,16.0,2023-12-24 21:05:00+00:00,33,15,8,30,12,42
4811,2023,16.0,2023-12-24 21:25:00+00:00,6,1,18,27,16,43
4812,2023,16.0,2023-12-24 21:25:00+00:00,20,9,33,22,20,42
4813,2023,16.0,2023-12-25 01:15:00+00:00,10,22,32,23,26,49
4814,2023,16.0,2023-12-25 18:00:00+00:00,16,17,5,14,20,34
4815,2023,16.0,2023-12-25 21:30:00+00:00,27,24,23,33,25,58
4816,2023,16.0,2023-12-26 01:15:00+00:00,30,3,42,19,33,52
4817,2023,17.0,2023-12-29 01:15:00+00:00,8,25,2,37,20,57
4818,2023,17.0,2023-12-31 01:15:00+00:00,9,11,39,20,19,39
4819,2023,17.0,2023-12-31 18:00:00+00:00,4,22,30,27,21,48
4820,2023,17.0,2023-12-31 18:00:00+00:00,6,2,18,37,17,54
4821,2023,17.0,2023-12-31 18:00:00+00:00,14,17,36,23,20,43
4822,2023,17.0,2023-12-31 18:00:00+00:00,24,19,40,25,26,51
4823,2023,17.0,2023-12-31 18:00:00+00:00,27,1,23,31,35,66
4824,2023,17.0,2023-12-31 18:00:00+00:00,33,23,8,13,23,36
4825,2023,17.0,2023-12-31 18:00:00+00:00,36,30,15,10,27,37
4826,2023,17.0,2023-12-31 18:00:00+00:00,15,5,13,26,0,26
4827,2023,17.0,2023-12-31 18:00:00+00:00,3,20,24,56,19,75
4828,2023,17.0,2023-12-31 18:00:00+00:00,13,34,10,26,3,29
4829,2023,17.0,2023-12-31 21:05:00+00:00,31,28,26,23,30,53
4830,2023,17.0,2023-12-31 21:25:00+00:00,10,18,32,16,9,25
4831,2023,17.0,2023-12-31 21:25:00+00:00,16,7,5,25,17,42
4832,2023,17.0,2024-01-01 01:20:00+00:00,21,12,44,10,33,43
4833,2023,18.0,2024-01-06 21:30:00+00:00,3,28,24,10,17,27
4834,2023,18.0,2024-01-07 01:15:00+00:00,14,13,36,19,23,42
4835,2023,18.0,2024-01-07 18:00:00+00:00,7,8,19,31,14,45
4836,2023,18.0,2024-01-07 18:00:00+00:00,11,21,3,30,20,50
4837,2023,18.0,2024-01-07 18:00:00+00:00,34,15,4,28,20,48
4838,2023,18.0,2024-01-07 18:00:00+00:00,22,25,7,3,17,20
4839,2023,18.0,2024-01-07 18:00:00+00:00,23,2,31,48,17,65
4840,2023,18.0,2024-01-07 18:00:00+00:00,5,33,9,0,9,9
4841,2023,18.0,2024-01-07 21:25:00+00:00,12,6,11,17,9,26
4842,2023,18.0,2024-01-07 21:25:00+00:00,17,10,51,27,14,41
4843,2023,18.0,2024-01-07 21:25:00+00:00,24,27,40,27,10,37
4844,2023,18.0,2024-01-07 21:25:00+00:00,1,31,12,20,21,41
4845,2023,18.0,2024-01-07 21:25:00+00:00,18,16,50,12,13,25
4846,2023,18.0,2024-01-07 21:25:00+00:00,30,19,42,20,21,41
4847,2023,18.0,2024-01-07 21:25:00+00:00,36,9,15,10,38,48
4848,2023,18.0,2024-01-08 01:20:00+00:00,20,4,33,14,21,35
4849,2023,1.0,2024-01-13 21:30:00+00:00,13,8,10,45,14,59
4850,2023,1.0,2024-01-14 01:00:00+00:00,16,20,5,26,7,33
4851,2023,1.0,2024-01-14 21:30:00+00:00,9,12,39,32,48,80
4852,2023,1.0,2024-01-15 01:15:00+00:00,11,19,3,24,23,47
4853,2023,1.0,2024-01-15 21:30:00+00:00,4,28,30,31,17,48
4854,2023,1.0,2024-01-16 01:15:00+00:00,33,27,8,32,9,41
4855,2023,2.0,2024-01-20 21:30:00+00:00,3,13,24,34,10,44
4856,2023,2.0,2024-01-21 01:15:00+00:00,30,12,42,24,21,45
4857,2023,2.0,2024-01-21 20:00:00+00:00,11,33,3,31,23,54
4858,2023,2.0,2024-01-21 23:30:00+00:00,4,16,30,24,27,51
4859,2023,3.0,2024-01-28 20:00:00+00:00,3,16,24,10,17,27
4860,2023,3.0,2024-01-28 23:30:00+00:00,30,11,42,34,31,65
4861,2023,5.0,2024-02-11 23:30:00+00:00,16,30,51,25,22,47
4862,2024,1.0,2024-09-06 00:40:00+00:00,16,3,5,27,20,47
4863,2024,1.0,2024-09-07 00:15:00+00:00,27,12,54,34,29,63
4864,2024,1.0,2024-09-08 17:00:00+00:00,2,28,48,10,18,28
4865,2024,1.0,2024-09-08 17:00:00+00:00,4,1,30,34,28,62
4866,2024,1.0,2024-09-08 17:00:00+00:00,6,34,18,24,17,41
4867,2024,1.0,2024-09-08 17:00:00+00:00,7,22,19,10,16,26
4868,2024,1.0,2024-09-08 17:00:00+00:00,14,13,36,27,29,56
4869,2024,1.0,2024-09-08 17:00:00+00:00,20,15,33,20,17,37
4870,2024,1.0,2024-09-08 17:00:00+00:00,23,5,31,47,10,57
4871,2024,1.0,2024-09-08 17:00:00+00:00,24,21,40,6,28,34
4872,2024,1.0,2024-09-08 20:05:00+00:00,18,17,50,22,10,32
4873,2024,1.0,2024-09-08 20:05:00+00:00,31,10,26,26,20,46
4874,2024,1.0,2024-09-08 20:25:00+00:00,8,9,2,17,33,50
4875,2024,1.0,2024-09-08 20:25:00+00:00,33,36,8,37,20,57
4876,2024,1.0,2024-09-09 00:20:00+00:00,11,19,3,26,20,46
4877,2024,1.0,2024-09-10 00:15:00+00:00,30,25,42,32,19,51
4878,2024,2.0,2024-09-13 00:15:00+00:00,20,4,33,10,31,41
4879,2024,2.0,2024-09-15 17:00:00+00:00,9,23,39,19,44,63
4880,2024,2.0,2024-09-15 17:00:00+00:00,11,33,3,16,20,36
4881,2024,2.0,2024-09-15 17:00:00+00:00,12,14,11,16,10,26
4882,2024,2.0,2024-09-15 17:00:00+00:00,34,25,4,17,24,41
4883,2024,2.0,2024-09-15 17:00:00+00:00,21,30,44,23,17,40
4884,2024,2.0,2024-09-15 17:00:00+00:00,22,31,7,20,23,43
4885,2024,2.0,2024-09-15 17:00:00+00:00,36,24,15,21,18,39
4886,2024,2.0,2024-09-15 17:00:00+00:00,5,18,9,3,26,29
4887,2024,2.0,2024-09-15 17:00:00+00:00,15,8,13,13,18,31
4888,2024,2.0,2024-09-15 17:00:00+00:00,3,17,24,23,26,49
4889,2024,2.0,2024-09-15 20:05:00+00:00,1,19,12,41,10,51
4890,2024,2.0,2024-09-15 20:25:00+00:00,10,28,32,6,13,19
4891,2024,2.0,2024-09-15 20:25:00+00:00,16,7,5,26,25,51
4892,2024,2.0,2024-09-16 00:20:00+00:00,13,6,10,19,13,32
4893,2024,2.0,2024-09-17 00:15:00+00:00,27,2,23,21,22,43
4894,2024,3.0,2024-09-20 00:15:00+00:00,25,22,40,24,3,27
4895,2024,3.0,2024-09-22 17:00:00+00:00,8,24,2,15,21,36
4896,2024,3.0,2024-09-22 17:00:00+00:00,34,12,4,14,30,44
4897,2024,3.0,2024-09-22 17:00:00+00:00,14,6,36,21,16,37
4898,2024,3.0,2024-09-22 17:00:00+00:00,21,13,44,34,7,41
4899,2024,3.0,2024-09-22 17:00:00+00:00,23,27,31,12,15,27
4900,2024,3.0,2024-09-22 17:00:00+00:00,28,18,1,20,10,30
4901,2024,3.0,2024-09-22 17:00:00+00:00,33,10,8,7,26,33
4902,2024,3.0,2024-09-22 20:05:00+00:00,17,5,51,22,36,58
4903,2024,3.0,2024-09-22 20:05:00+00:00,31,20,26,24,3,27
4904,2024,3.0,2024-09-22 20:25:00+00:00,9,3,39,25,28,53
4905,2024,3.0,2024-09-22 20:25:00+00:00,19,30,50,27,24,51
4906,2024,3.0,2024-09-22 20:25:00+00:00,1,11,12,13,20,33
4907,2024,3.0,2024-09-23 00:20:00+00:00,2,16,48,17,22,39
4908,2024,3.0,2024-09-23 23:30:00+00:00,4,15,30,47,10,57
4909,2024,3.0,2024-09-24 00:15:00+00:00,7,36,19,33,38,71
4910,2024,4.0,2024-09-27 00:15:00+00:00,24,9,40,15,20,35
4911,2024,4.0,2024-09-29 17:00:00+00:00,2,23,48,26,24,50
4912,2024,4.0,2024-09-29 17:00:00+00:00,6,19,18,24,18,42
4913,2024,4.0,2024-09-29 17:00:00+00:00,12,21,11,29,31,60
4914,2024,4.0,2024-09-29 17:00:00+00:00,14,28,36,27,24,51
4915,2024,4.0,2024-09-29 17:00:00+00:00,25,10,40,9,10,19
4916,2024,4.0,2024-09-29 17:00:00+00:00,33,27,8,33,16,49
4917,2024,4.0,2024-09-29 17:00:00+00:00,5,7,9,24,34,58
4918,2024,4.0,2024-09-29 17:00:00+00:00,13,15,10,24,20,44
4919,2024,4.0,2024-09-29 20:05:00+00:00,1,36,12,14,42,56
4920,2024,4.0,2024-09-29 20:05:00+00:00,30,22,42,30,13,43
4921,2024,4.0,2024-09-29 20:25:00+00:00,17,8,51,20,16,36
4922,2024,4.0,2024-09-29 20:25:00+00:00,18,16,50,10,17,27
4923,2024,4.0,2024-09-30 00:20:00+00:00,3,4,24,35,10,45
4924,2024,4.0,2024-09-30 23:30:00+00:00,20,34,33,12,31,43
4925,2024,4.0,2024-10-01 00:15:00+00:00,11,31,3,42,29,71
4926,2024,5.0,2024-10-04 00:15:00+00:00,2,33,48,36,30,66
4927,2024,5.0,2024-10-06 13:30:00+00:00,21,25,49,23,17,40
4928,2024,5.0,2024-10-06 17:00:00+00:00,6,5,18,36,10,46
4929,2024,5.0,2024-10-06 17:00:00+00:00,7,3,19,38,41,79
4930,2024,5.0,2024-10-06 17:00:00+00:00,22,20,7,10,15,25
4931,2024,5.0,2024-10-06 17:00:00+00:00,36,8,15,34,13,47
4932,2024,5.0,2024-10-06 17:00:00+00:00,15,14,13,37,34,71
4933,2024,5.0,2024-10-06 17:00:00+00:00,13,4,10,23,20,43
4934,2024,5.0,2024-10-06 20:05:00+00:00,10,17,32,34,18,52
4935,2024,5.0,2024-10-06 20:05:00+00:00,30,1,42,23,24,47
4936,2024,5.0,2024-10-06 20:25:00+00:00,19,12,50,19,24,43
4937,2024,5.0,2024-10-06 20:25:00+00:00,31,24,26,20,29,49
4938,2024,5.0,2024-10-07 01:45:00+00:00,28,9,1,17,20,37
4939,2024,5.0,2024-10-08 00:15:00+00:00,16,23,5,26,13,39
4940,2024,6.0,2024-10-11 00:15:00+00:00,31,30,26,24,36,60
4941,2024,6.0,2024-10-13 13:30:00+00:00,6,15,49,35,16,51
4942,2024,6.0,2024-10-13 17:00:00+00:00,12,1,11,34,13,47
4943,2024,6.0,2024-10-13 17:00:00+00:00,34,14,4,17,20,37
4944,2024,6.0,2024-10-13 17:00:00+00:00,22,13,7,21,41,62
4945,2024,6.0,2024-10-13 17:00:00+00:00,23,33,31,27,51,78
4946,2024,6.0,2024-10-13 17:00:00+00:00,27,8,23,20,16,36
4947,2024,6.0,2024-10-13 17:00:00+00:00,3,36,24,30,23,53
4948,2024,6.0,2024-10-13 20:05:00+00:00,10,18,32,16,23,39
4949,2024,6.0,2024-10-13 20:05:00+00:00,17,28,51,13,32,45
4950,2024,6.0,2024-10-13 20:25:00+00:00,9,11,39,9,47,56
4951,2024,6.0,2024-10-13 20:25:00+00:00,5,2,9,20,38,58
4952,2024,6.0,2024-10-14 00:20:00+00:00,24,7,40,7,17,24
4953,2024,6.0,2024-10-15 00:15:00+00:00,25,4,40,20,23,43
4954,2024,7.0,2024-10-18 00:15:00+00:00,23,10,31,10,33,43
4955,2024,7.0,2024-10-20 13:30:00+00:00,15,22,35,32,16,48
4956,2024,7.0,2024-10-20 17:00:00+00:00,2,31,48,14,34,48
4957,2024,7.0,2024-10-20 17:00:00+00:00,4,34,30,34,10,44
4958,2024,7.0,2024-10-20 17:00:00+00:00,8,7,2,14,21,35
4959,2024,7.0,2024-10-20 17:00:00+00:00,12,13,11,24,22,46
4960,2024,7.0,2024-10-20 17:00:00+00:00,14,20,36,16,10,26
4961,2024,7.0,2024-10-20 17:00:00+00:00,21,11,44,29,31,60
4962,2024,7.0,2024-10-20 17:00:00+00:00,24,27,40,3,28,31
4963,2024,7.0,2024-10-20 20:05:00+00:00,19,17,50,20,15,35
4964,2024,7.0,2024-10-20 20:05:00+00:00,36,5,15,40,7,47
4965,2024,7.0,2024-10-20 20:25:00+00:00,30,16,42,18,28,46
4966,2024,7.0,2024-10-21 00:20:00+00:00,28,25,1,37,15,52
4967,2024,7.0,2024-10-22 00:15:00+00:00,33,3,8,31,41,72
4968,2024,7.0,2024-10-22 01:00:00+00:00,1,18,12,17,15,32
4969,2024,8.0,2024-10-25 00:15:00+00:00,19,21,50,30,20,50
4970,2024,8.0,2024-10-27 17:00:00+00:00,7,27,19,17,37,54
4971,2024,8.0,2024-10-27 17:00:00+00:00,8,3,2,29,24,53
4972,2024,8.0,2024-10-27 17:00:00+00:00,11,34,3,52,14,66
4973,2024,8.0,2024-10-27 17:00:00+00:00,20,1,33,27,28,55
4974,2024,8.0,2024-10-27 17:00:00+00:00,22,25,7,25,22,47
4975,2024,8.0,2024-10-27 17:00:00+00:00,33,2,8,26,31,57
4976,2024,8.0,2024-10-27 17:00:00+00:00,15,12,13,27,30,57
4977,2024,8.0,2024-10-27 17:00:00+00:00,13,14,10,23,20,43
4978,2024,8.0,2024-10-27 20:05:00+00:00,18,23,50,26,8,34
4979,2024,8.0,2024-10-27 20:05:00+00:00,31,4,26,10,31,41
4980,2024,8.0,2024-10-27 20:25:00+00:00,10,5,32,28,14,42
4981,2024,8.0,2024-10-27 20:25:00+00:00,17,16,51,20,27,47
4982,2024,8.0,2024-10-27 20:25:00+00:00,36,6,15,18,15,33
4983,2024,8.0,2024-10-28 00:20:00+00:00,30,9,42,30,24,54
4984,2024,8.0,2024-10-29 00:15:00+00:00,28,24,1,26,18,44
4985,2024,9.0,2024-11-01 00:15:00+00:00,25,13,40,21,13,34
4986,2024,9.0,2024-11-03 18:00:00+00:00,2,9,48,27,21,48
4987,2024,9.0,2024-11-03 18:00:00+00:00,4,20,30,30,27,57
4988,2024,9.0,2024-11-03 18:00:00+00:00,7,17,19,41,24,65
4989,2024,9.0,2024-11-03 18:00:00+00:00,8,18,2,10,27,37
4990,2024,9.0,2024-11-03 18:00:00+00:00,34,22,4,20,17,37
4991,2024,9.0,2024-11-03 18:00:00+00:00,24,36,40,22,27,49
4992,2024,9.0,2024-11-03 18:00:00+00:00,5,23,9,23,22,45
4993,2024,9.0,2024-11-03 18:00:00+00:00,3,10,24,41,10,51
4994,2024,9.0,2024-11-03 21:05:00+00:00,27,15,23,28,23,51
4995,2024,9.0,2024-11-03 21:05:00+00:00,1,6,12,29,9,38
4996,2024,9.0,2024-11-03 21:25:00+00:00,12,11,11,14,24,38
4997,2024,9.0,2024-11-03 21:25:00+00:00,31,19,26,20,26,46
4998,2024,9.0,2024-11-04 01:20:00+00:00,21,14,44,21,13,34
4999,2024,9.0,2024-11-05 01:15:00+00:00,16,33,5,30,24,54
5000,2024,10.0,2024-11-08 01:15:00+00:00,3,7,24,35,34,69
5001,2024,10.0,2024-11-10 14:30:00+00:00,5,24,52,20,17,37
5002,2024,10.0,2024-11-10 18:00:00+00:00,6,22,18,3,19,22
5003,2024,10.0,2024-11-10 18:00:00+00:00,14,4,36,20,30,50
5004,2024,10.0,2024-11-10 18:00:00+00:00,16,10,5,16,14,30
5005,2024,10.0,2024-11-10 18:00:00+00:00,23,2,31,20,17,37
5006,2024,10.0,2024-11-10 18:00:00+00:00,33,30,8,20,23,43
5007,2024,10.0,2024-11-10 18:00:00+00:00,36,28,15,27,28,55
5008,2024,10.0,2024-11-10 18:00:00+00:00,15,21,13,7,12,19
5009,2024,10.0,2024-11-10 21:05:00+00:00,18,34,50,27,17,44
5010,2024,10.0,2024-11-10 21:25:00+00:00,9,27,39,6,34,40
5011,2024,10.0,2024-11-10 21:25:00+00:00,1,25,12,31,6,37
5012,2024,10.0,2024-11-11 01:20:00+00:00,13,11,10,23,26,49
5013,2024,10.0,2024-11-12 01:15:00+00:00,19,20,50,15,23,38
5014,2024,11.0,2024-11-15 01:15:00+00:00,27,36,23,26,18,44
5015,2024,11.0,2024-11-17 18:00:00+00:00,6,12,18,19,20,39
5016,2024,11.0,2024-11-17 18:00:00+00:00,11,15,3,52,6,58
5017,2024,11.0,2024-11-17 18:00:00+00:00,34,21,4,13,23,36
5018,2024,11.0,2024-11-17 18:00:00+00:00,20,17,33,34,19,53
5019,2024,11.0,2024-11-17 18:00:00+00:00,22,19,7,22,28,50
5020,2024,11.0,2024-11-17 18:00:00+00:00,23,8,31,35,14,49
5021,2024,11.0,2024-11-17 18:00:00+00:00,25,14,40,27,28,55
5022,2024,11.0,2024-11-17 18:00:00+00:00,28,3,1,18,16,34
5023,2024,11.0,2024-11-17 21:05:00+00:00,10,2,32,38,6,44
5024,2024,11.0,2024-11-17 21:05:00+00:00,30,31,42,17,20,37
5025,2024,11.0,2024-11-17 21:25:00+00:00,4,16,30,30,21,51
5026,2024,11.0,2024-11-18 01:20:00+00:00,18,7,50,34,27,61
5027,2024,11.0,2024-11-19 01:15:00+00:00,9,13,39,10,34,44
5028,2024,12.0,2024-11-22 01:15:00+00:00,8,28,2,24,19,43
5029,2024,12.0,2024-11-24 18:00:00+00:00,6,21,18,27,30,57
5030,2024,12.0,2024-11-24 18:00:00+00:00,14,11,36,6,24,30
5031,2024,12.0,2024-11-24 18:00:00+00:00,20,22,33,34,15,49
5032,2024,12.0,2024-11-24 18:00:00+00:00,24,33,40,7,30,37
5033,2024,12.0,2024-11-24 18:00:00+00:00,36,9,15,26,34,60
5034,2024,12.0,2024-11-24 18:00:00+00:00,5,16,9,27,30,57
5035,2024,12.0,2024-11-24 18:00:00+00:00,13,34,10,27,32,59
5036,2024,12.0,2024-11-24 21:05:00+00:00,17,10,51,19,29,48
5037,2024,12.0,2024-11-24 21:25:00+00:00,12,30,11,38,10,48
5038,2024,12.0,2024-11-24 21:25:00+00:00,31,1,26,16,6,22
5039,2024,12.0,2024-11-25 01:20:00+00:00,19,27,50,20,37,57
5040,2024,12.0,2024-11-26 01:15:00+00:00,18,3,50,23,30,53
5041,2024,13.0,2024-11-28 17:30:00+00:00,11,6,3,23,20,43
5042,2024,13.0,2024-11-28 21:30:00+00:00,9,24,39,27,20,47
5043,2024,13.0,2024-11-29 01:20:00+00:00,12,20,11,30,17,47
5044,2024,13.0,2024-11-29 20:00:00+00:00,16,17,5,19,17,36
5045,2024,13.0,2024-12-01 18:00:00+00:00,2,18,48,13,17,30
5046,2024,13.0,2024-12-01 18:00:00+00:00,7,28,19,38,44,82
5047,2024,13.0,2024-12-01 18:00:00+00:00,21,1,44,23,22,45
5048,2024,13.0,2024-12-01 18:00:00+00:00,22,14,7,24,25,49
5049,2024,13.0,2024-12-01 18:00:00+00:00,25,31,40,21,26,47
5050,2024,13.0,2024-12-01 18:00:00+00:00,36,34,15,42,19,61
5051,2024,13.0,2024-12-01 18:00:00+00:00,15,13,13,20,23,43
5052,2024,13.0,2024-12-01 21:05:00+00:00,23,19,31,14,21,35
5053,2024,13.0,2024-12-01 21:05:00+00:00,5,33,9,23,26,49
5054,2024,13.0,2024-12-01 21:25:00+00:00,3,27,24,19,24,43
5055,2024,13.0,2024-12-02 01:20:00+00:00,4,30,30,35,10,45
5056,2024,13.0,2024-12-03 01:15:00+00:00,10,8,32,41,32,73
5057,2024,14.0,2024-12-06 01:15:00+00:00,11,12,3,34,31,65
5058,2024,14.0,2024-12-08 18:00:00+00:00,34,15,4,6,10,16
5059,2024,14.0,2024-12-08 18:00:00+00:00,20,25,33,32,26,58
5060,2024,14.0,2024-12-08 18:00:00+00:00,21,2,44,42,21,63
5061,2024,14.0,2024-12-08 18:00:00+00:00,24,23,40,11,14,25
5062,2024,14.0,2024-12-08 18:00:00+00:00,27,5,23,22,16,38
5063,2024,14.0,2024-12-08 18:00:00+00:00,28,8,1,27,14,41
5064,2024,14.0,2024-12-08 18:00:00+00:00,33,17,8,28,13,41
5065,2024,14.0,2024-12-08 21:05:00+00:00,1,31,12,18,30,48
5066,2024,14.0,2024-12-08 21:25:00+00:00,19,4,50,44,42,86
5067,2024,14.0,2024-12-08 21:25:00+00:00,30,6,42,38,13,51
5068,2024,14.0,2024-12-09 01:20:00+00:00,16,18,5,19,17,36
5069,2024,14.0,2024-12-10 01:15:00+00:00,9,7,39,20,27,47
5070,2024,15.0,2024-12-13 01:15:00+00:00,30,19,42,6,12,18
5071,2024,15.0,2024-12-15 18:00:00+00:00,8,16,2,7,21,28
5072,2024,15.0,2024-12-15 18:00:00+00:00,34,7,4,27,37,64
5073,2024,15.0,2024-12-15 18:00:00+00:00,23,36,31,19,20,39
5074,2024,15.0,2024-12-15 18:00:00+00:00,24,3,40,14,35,49
5075,2024,15.0,2024-12-15 18:00:00+00:00,5,9,9,14,30,44
5076,2024,15.0,2024-12-15 18:00:00+00:00,15,25,13,25,32,57
5077,2024,15.0,2024-12-15 18:00:00+00:00,13,20,10,20,12,32
5078,2024,15.0,2024-12-15 21:25:00+00:00,10,14,32,31,13,44
5079,2024,15.0,2024-12-15 21:25:00+00:00,11,4,3,42,48,90
5080,2024,15.0,2024-12-15 21:25:00+00:00,27,28,23,27,13,40
5081,2024,15.0,2024-12-15 21:25:00+00:00,1,22,12,30,17,47
5082,2024,15.0,2024-12-15 21:25:00+00:00,18,33,50,17,40,57
5083,2024,15.0,2024-12-16 01:20:00+00:00,31,12,26,13,30,43
5084,2024,15.0,2024-12-17 01:00:00+00:00,21,6,44,30,12,42
5085,2024,15.0,2024-12-17 01:30:00+00:00,17,2,51,9,15,24
5086,2024,16.0,2024-12-20 01:15:00+00:00,18,10,50,34,27,61
5087,2024,16.0,2024-12-21 18:00:00+00:00,16,13,5,27,19,46
5088,2024,16.0,2024-12-21 21:30:00+00:00,3,28,24,34,17,51
5089,2024,16.0,2024-12-22 18:00:00+00:00,2,24,48,34,7,41
5090,2024,16.0,2024-12-22 18:00:00+00:00,6,11,18,17,34,51
5091,2024,16.0,2024-12-22 18:00:00+00:00,7,8,19,24,6,30
5092,2024,16.0,2024-12-22 18:00:00+00:00,14,34,36,38,30,68
5093,2024,16.0,2024-12-22 18:00:00+00:00,25,19,40,9,19,28
5094,2024,16.0,2024-12-22 18:00:00+00:00,36,27,15,36,33,69
5095,2024,16.0,2024-12-22 18:00:00+00:00,5,1,9,36,30,66
5096,2024,16.0,2024-12-22 21:05:00+00:00,31,21,26,24,27,51
5097,2024,16.0,2024-12-22 21:25:00+00:00,4,22,30,24,21,45
5098,2024,16.0,2024-12-22 21:25:00+00:00,17,15,51,19,14,33
5099,2024,16.0,2024-12-22 21:25:00+00:00,20,30,33,29,17,46
5100,2024,16.0,2024-12-23 01:20:00+00:00,9,33,39,26,24,50
5101,2024,16.0,2024-12-24 01:15:00+00:00,12,23,11,34,0,34
5102,2024,17.0,2024-12-25 18:00:00+00:00,28,16,1,10,29,39
5103,2024,17.0,2024-12-25 21:30:00+00:00,13,3,10,2,31,33
5104,2024,17.0,2024-12-27 01:15:00+00:00,6,31,18,3,6,9
5105,2024,17.0,2024-12-28 18:00:00+00:00,22,18,7,7,40,47
5106,2024,17.0,2024-12-28 21:30:00+00:00,7,10,19,30,24,54
5107,2024,17.0,2024-12-29 01:00:00+00:00,19,1,50,13,9,22
5108,2024,17.0,2024-12-29 18:00:00+00:00,4,25,30,40,14,54
5109,2024,17.0,2024-12-29 18:00:00+00:00,23,17,31,10,25,35
5110,2024,17.0,2024-12-29 18:00:00+00:00,24,14,40,45,33,78
5111,2024,17.0,2024-12-29 18:00:00+00:00,27,9,23,41,7,48
5112,2024,17.0,2024-12-29 18:00:00+00:00,33,5,8,48,14,62
5113,2024,17.0,2024-12-29 18:00:00+00:00,15,34,13,20,13,33
5114,2024,17.0,2024-12-29 21:05:00+00:00,8,20,2,3,20,23
5115,2024,17.0,2024-12-29 21:25:00+00:00,21,12,44,27,25,52
5116,2024,17.0,2024-12-30 01:20:00+00:00,36,2,15,30,24,54
5117,2024,17.0,2024-12-31 01:15:00+00:00,30,11,42,34,40,74
5118,2024,18.0,2025-01-04 21:30:00+00:00,3,8,24,35,10,45
5119,2024,18.0,2025-01-05 01:00:00+00:00,28,7,1,17,19,36
5120,2024,18.0,2025-01-05 18:00:00+00:00,2,5,48,38,44,82
5121,2024,18.0,2025-01-05 18:00:00+00:00,9,36,39,19,23,42
5122,2024,18.0,2025-01-05 18:00:00+00:00,12,6,11,22,24,46
5123,2024,18.0,2025-01-05 18:00:00+00:00,34,13,4,14,23,37
5124,2024,18.0,2025-01-05 18:00:00+00:00,14,15,36,26,23,49
5125,2024,18.0,2025-01-05 18:00:00+00:00,22,4,7,23,16,39
5126,2024,18.0,2025-01-05 18:00:00+00:00,27,24,23,20,13,33
5127,2024,18.0,2025-01-05 18:00:00+00:00,33,23,8,27,19,46
5128,2024,18.0,2025-01-05 21:25:00+00:00,10,16,32,38,0,38
5129,2024,18.0,2025-01-05 21:25:00+00:00,17,18,51,20,34,54
5130,2024,18.0,2025-01-05 21:25:00+00:00,19,31,50,25,30,55
5131,2024,18.0,2025-01-05 21:25:00+00:00,25,20,40,32,20,52
5132,2024,18.0,2025-01-05 21:25:00+00:00,1,30,12,47,24,71
5133,2024,18.0,2025-01-06 01:20:00+00:00,11,21,3,31,9,40
5134,2024,1.0,2025-01-11 21:30:00+00:00,13,18,10,32,12,44
5135,2024,1.0,2025-01-12 01:00:00+00:00,3,28,24,28,14,42
5136,2024,1.0,2025-01-12 18:00:00+00:00,4,10,30,31,7,38
5137,2024,1.0,2025-01-12 21:30:00+00:00,27,12,23,22,10,32
5138,2024,1.0,2025-01-13 01:00:00+00:00,33,36,8,20,23,43
5139,2024,1.0,2025-01-14 01:00:00+00:00,19,21,12,27,9,36
5140,2024,2.0,2025-01-18 21:30:00+00:00,16,13,5,23,14,37
5141,2024,2.0,2025-01-19 01:00:00+00:00,11,36,3,31,45,76
5142,2024,2.0,2025-01-19 20:00:00+00:00,27,19,23,28,22,50
5143,2024,2.0,2025-01-19 23:30:00+00:00,4,3,30,27,25,52
5144,2024,3.0,2025-01-26 20:00:00+00:00,27,36,23,55,23,78
5145,2024,3.0,2025-01-26 23:30:00+00:00,16,4,5,32,29,61
5146,2024,5.0,2025-02-09 23:30:00+00:00,27,16,31,40,22,62
5147,2025,1.0,2025-09-05 00:20:00+00:00,27,9,23,24,20,44
5148,2025,1.0,2025-09-06 00:00:00+00:00,18,16,54,27,21,48
5149,2025,1.0,2025-09-07 17:00:00+00:00,2,33,48,20,23,43
5150,2025,1.0,2025-09-07 17:00:00+00:00,8,7,2,16,17,33
5151,2025,1.0,2025-09-07 17:00:00+00:00,14,20,36,33,8,41
5152,2025,1.0,2025-09-07 17:00:00+00:00,22,17,7,13,20,33
5153,2025,1.0,2025-09-07 17:00:00+00:00,23,1,31,13,20,33
5154,2025,1.0,2025-09-07 17:00:00+00:00,25,28,40,32,34,66
5155,2025,1.0,2025-09-07 17:00:00+00:00,36,24,15,21,6,27
5156,2025,1.0,2025-09-07 17:00:00+00:00,15,5,13,26,10,36
5157,2025,1.0,2025-09-07 20:05:00+00:00,10,34,32,20,12,32
5158,2025,1.0,2025-09-07 20:05:00+00:00,31,30,26,13,17,30
5159,2025,1.0,2025-09-07 20:25:00+00:00,12,11,11,27,13,40
5160,2025,1.0,2025-09-07 20:25:00+00:00,19,13,50,14,9,23
5161,2025,1.0,2025-09-08 00:20:00+00:00,4,3,30,41,40,81
5162,2025,1.0,2025-09-09 00:15:00+00:00,6,21,18,24,27,51
5163,2025,2.0,2025-09-12 00:15:00+00:00,12,36,11,27,18,45
5164,2025,2.0,2025-09-14 17:00:00+00:00,7,15,19,31,27,58
5165,2025,2.0,2025-09-14 17:00:00+00:00,9,24,39,40,37,77
5166,2025,2.0,2025-09-14 17:00:00+00:00,11,6,3,52,21,73
5167,2025,2.0,2025-09-14 17:00:00+00:00,34,19,4,19,33,52
5168,2025,2.0,2025-09-14 17:00:00+00:00,20,22,33,27,33,60
5169,2025,2.0,2025-09-14 17:00:00+00:00,23,30,31,21,26,47
5170,2025,2.0,2025-09-14 17:00:00+00:00,25,4,40,10,30,40
5171,2025,2.0,2025-09-14 17:00:00+00:00,28,31,1,17,31,48
5172,2025,2.0,2025-09-14 17:00:00+00:00,3,8,24,41,17,58
5173,2025,2.0,2025-09-14 20:05:00+00:00,14,10,36,29,28,57
5174,2025,2.0,2025-09-14 20:05:00+00:00,1,5,12,27,22,49
5175,2025,2.0,2025-09-14 20:25:00+00:00,16,27,5,17,20,37
5176,2025,2.0,2025-09-15 00:20:00+00:00,21,2,44,6,22,28
5177,2025,2.0,2025-09-15 23:00:00+00:00,13,33,10,19,20,39
5178,2025,2.0,2025-09-16 02:00:00+00:00,17,18,51,9,20,29
5179,2025,3.0,2025-09-19 00:15:00+00:00,4,20,30,31,21,52
5180,2025,3.0,2025-09-21 17:00:00+00:00,8,12,2,13,10,23
5181,2025,3.0,2025-09-21 17:00:00+00:00,34,14,4,20,41,61
5182,2025,3.0,2025-09-21 17:00:00+00:00,21,7,44,48,10,58
5183,2025,3.0,2025-09-21 17:00:00+00:00,22,28,7,14,21,35
5184,2025,3.0,2025-09-21 17:00:00+00:00,27,19,23,33,26,59
5185,2025,3.0,2025-09-21 17:00:00+00:00,33,25,8,29,27,56
5186,2025,3.0,2025-09-21 17:00:00+00:00,36,17,15,41,24,65
5187,2025,3.0,2025-09-21 17:00:00+00:00,5,2,9,30,0,30
5188,2025,3.0,2025-09-21 17:00:00+00:00,15,13,13,17,10,27
5189,2025,3.0,2025-09-21 20:05:00+00:00,18,10,50,23,20,43
5190,2025,3.0,2025-09-21 20:05:00+00:00,31,23,26,44,13,57
5191,2025,3.0,2025-09-21 20:25:00+00:00,6,9,18,31,14,45
5192,2025,3.0,2025-09-21 20:25:00+00:00,30,1,42,16,15,31
5193,2025,3.0,2025-09-22 00:20:00+00:00,24,16,40,9,22,31
5194,2025,3.0,2025-09-23 00:15:00+00:00,3,11,24,30,38,68
5195,2025,4.0,2025-09-26 00:15:00+00:00,1,31,12,20,23,43
5196,2025,4.0,2025-09-28 13:30:00+00:00,28,21,55,24,21,45
5197,2025,4.0,2025-09-28 17:00:00+00:00,2,36,48,34,27,61
5198,2025,4.0,2025-09-28 17:00:00+00:00,4,23,30,31,19,50
5199,2025,4.0,2025-09-28 17:00:00+00:00,11,8,3,34,10,44
5200,2025,4.0,2025-09-28 17:00:00+00:00,22,5,7,42,13,55
5201,2025,4.0,2025-09-28 17:00:00+00:00,24,18,40,21,18,39
5202,2025,4.0,2025-09-28 17:00:00+00:00,33,27,8,25,31,56
5203,2025,4.0,2025-09-28 17:00:00+00:00,13,34,10,26,0,26
5204,2025,4.0,2025-09-28 20:05:00+00:00,19,14,50,27,20,47
5205,2025,4.0,2025-09-28 20:05:00+00:00,30,15,42,21,26,47
5206,2025,4.0,2025-09-28 20:25:00+00:00,16,3,5,37,20,57
5207,2025,4.0,2025-09-28 20:25:00+00:00,17,6,51,24,25,49
5208,2025,4.0,2025-09-29 00:20:00+00:00,9,12,39,40,40,80
5209,2025,4.0,2025-09-29 23:15:00+00:00,20,25,33,27,21,48
5210,2025,4.0,2025-09-30 00:15:00+00:00,10,7,32,28,3,31
5211,2025,5.0,2025-10-03 00:15:00+00:00,19,30,50,23,26,49
5212,2025,5.0,2025-10-05 13:30:00+00:00,8,21,49,17,21,38
5213,2025,5.0,2025-10-05 17:00:00+00:00,14,17,36,40,6,46
5214,2025,5.0,2025-10-05 17:00:00+00:00,23,24,31,26,14,40
5215,2025,5.0,2025-10-05 17:00:00+00:00,25,9,40,22,37,59
5216,2025,5.0,2025-10-05 17:00:00+00:00,27,10,23,17,21,38
5217,2025,5.0,2025-10-05 17:00:00+00:00,5,20,9,27,24,51
5218,2025,5.0,2025-10-05 17:00:00+00:00,3,13,24,10,44,54
5219,2025,5.0,2025-10-05 20:05:00+00:00,1,34,12,21,22,43
5220,2025,5.0,2025-10-05 20:05:00+00:00,31,33,26,35,38,73
5221,2025,5.0,2025-10-05 20:25:00+00:00,7,11,19,24,37,61
5222,2025,5.0,2025-10-05 20:25:00+00:00,18,36,50,10,27,37
5223,2025,5.0,2025-10-06 00:20:00+00:00,4,22,30,20,23,43
5224,2025,5.0,2025-10-07 00:15:00+00:00,15,16,13,31,28,59
5225,2025,6.0,2025-10-10 00:15:00+00:00,24,27,40,34,17,51
5226,2025,6.0,2025-10-12 13:30:00+00:00,25,10,49,11,13,24
5227,2025,6.0,2025-10-12 17:00:00+00:00,14,1,36,31,27,58
5228,2025,6.0,2025-10-12 17:00:00+00:00,20,18,33,27,29,56
5229,2025,6.0,2025-10-12 17:00:00+00:00,23,22,31,19,25,44
5230,2025,6.0,2025-10-12 17:00:00+00:00,28,8,1,23,9,32
5231,2025,6.0,2025-10-12 17:00:00+00:00,5,9,9,30,27,57
5232,2025,6.0,2025-10-12 17:00:00+00:00,15,31,13,12,20,32
5233,2025,6.0,2025-10-12 17:00:00+00:00,3,19,24,3,17,20
5234,2025,6.0,2025-10-12 20:05:00+00:00,17,34,51,20,10,30
5235,2025,6.0,2025-10-12 20:25:00+00:00,12,7,11,27,18,45
5236,2025,6.0,2025-10-12 20:25:00+00:00,33,30,8,30,19,49
5237,2025,6.0,2025-10-13 00:20:00+00:00,16,11,5,30,17,47
5238,2025,6.0,2025-10-13 23:15:00+00:00,2,4,48,24,14,38
5239,2025,6.0,2025-10-14 00:15:00+00:00,36,6,15,24,25,49
5240,2025,7.0,2025-10-17 00:15:00+00:00,7,28,19,33,31,64
5241,2025,7.0,2025-10-19 13:30:00+00:00,15,19,35,7,35,42
5242,2025,7.0,2025-10-19 17:00:00+00:00,6,23,18,26,14,40
5243,2025,7.0,2025-10-19 17:00:00+00:00,8,20,2,31,6,37
5244,2025,7.0,2025-10-19 17:00:00+00:00,34,22,4,13,31,44
5245,2025,7.0,2025-10-19 17:00:00+00:00,16,17,5,31,0,31
5246,2025,7.0,2025-10-19 17:00:00+00:00,21,27,44,22,28,50
5247,2025,7.0,2025-10-19 17:00:00+00:00,25,5,40,6,13,19
5248,2025,7.0,2025-10-19 20:05:00+00:00,10,24,32,33,32,65
5249,2025,7.0,2025-10-19 20:05:00+00:00,18,14,50,24,38,62
5250,2025,7.0,2025-10-19 20:25:00+00:00,9,36,39,44,22,66
5251,2025,7.0,2025-10-19 20:25:00+00:00,1,12,12,23,27,50
5252,2025,7.0,2025-10-20 00:20:00+00:00,30,2,42,20,10,30
5253,2025,7.0,2025-10-20 23:00:00+00:00,11,33,3,24,9,33
5254,2025,7.0,2025-10-21 02:00:00+00:00,31,13,26,27,19,46
5255,2025,8.0,2025-10-24 00:15:00+00:00,18,21,50,37,10,47
5256,2025,8.0,2025-10-26 17:00:00+00:00,2,20,48,10,34,44
5257,2025,8.0,2025-10-26 17:00:00+00:00,7,25,19,38,39,77
5258,2025,8.0,2025-10-26 17:00:00+00:00,22,8,7,32,13,45
5259,2025,8.0,2025-10-26 17:00:00+00:00,27,24,23,38,20,58
5260,2025,8.0,2025-10-26 17:00:00+00:00,5,4,9,9,40,49
5261,2025,8.0,2025-10-26 17:00:00+00:00,3,6,24,30,16,46
5262,2025,8.0,2025-10-26 17:00:00+00:00,13,30,10,26,15,41
5263,2025,8.0,2025-10-26 20:05:00+00:00,23,33,31,3,23,26
5264,2025,8.0,2025-10-26 20:25:00+00:00,10,9,32,44,24,68
5265,2025,8.0,2025-10-26 20:25:00+00:00,14,34,36,38,14,52
5266,2025,8.0,2025-10-27 00:20:00+00:00,28,12,1,25,35,60
5267,2025,8.0,2025-10-28 00:15:00+00:00,16,36,5,28,7,35
5268,2025,9.0,2025-10-31 00:15:00+00:00,20,3,33,6,28,34
5269,2025,9.0,2025-11-02 18:00:00+00:00,7,6,19,42,47,89
5270,2025,9.0,2025-11-02 18:00:00+00:00,11,21,3,24,27,51
5271,2025,9.0,2025-11-02 18:00:00+00:00,12,5,11,13,16,29
5272,2025,9.0,2025-11-02 18:00:00+00:00,34,18,4,20,27,47
5273,2025,9.0,2025-11-02 18:00:00+00:00,22,2,7,24,23,47
5274,2025,9.0,2025-11-02 18:00:00+00:00,24,30,40,24,34,58
5275,2025,9.0,2025-11-02 18:00:00+00:00,28,14,1,27,20,47
5276,2025,9.0,2025-11-02 18:00:00+00:00,13,10,10,15,18,33
5277,2025,9.0,2025-11-02 21:05:00+00:00,17,15,51,29,30,59
5278,2025,9.0,2025-11-02 21:05:00+00:00,19,23,50,34,10,44
5279,2025,9.0,2025-11-02 21:25:00+00:00,4,16,30,28,21,49
5280,2025,9.0,2025-11-03 01:20:00+00:00,36,31,15,14,38,52
5281,2025,9.0,2025-11-04 01:15:00+00:00,9,1,39,17,27,44
5282,2025,10.0,2025-11-07 01:15:00+00:00,10,17,32,10,7,17
5283,2025,10.0,2025-11-09 14:30:00+00:00,14,2,56,31,25,56
5284,2025,10.0,2025-11-09 18:00:00+00:00,6,24,18,24,20,44
5285,2025,10.0,2025-11-09 18:00:00+00:00,20,4,33,30,13,43
5286,2025,10.0,2025-11-09 18:00:00+00:00,21,3,44,19,27,46
5287,2025,10.0,2025-11-09 18:00:00+00:00,25,8,40,27,20,47
5288,2025,10.0,2025-11-09 18:00:00+00:00,33,22,8,23,28,51
5289,2025,10.0,2025-11-09 18:00:00+00:00,5,23,9,7,17,24
5290,2025,10.0,2025-11-09 18:00:00+00:00,13,15,10,36,29,65
5291,2025,10.0,2025-11-09 21:05:00+00:00,31,1,26,44,22,66
5292,2025,10.0,2025-11-09 21:25:00+00:00,30,19,42,26,42,68
5293,2025,10.0,2025-11-09 21:25:00+00:00,36,11,15,22,44,66
5294,2025,10.0,2025-11-10 01:20:00+00:00,18,28,50,25,10,35
5295,2025,10.0,2025-11-11 01:15:00+00:00,12,27,11,7,10,17
5296,2025,11.0,2025-11-14 01:15:00+00:00,22,25,7,27,14,41
5297,2025,11.0,2025-11-16 14:30:00+00:00,20,36,57,16,13,29
5298,2025,11.0,2025-11-16 18:00:00+00:00,2,5,48,27,30,57
5299,2025,11.0,2025-11-16 18:00:00+00:00,4,33,30,44,32,76
5300,2025,11.0,2025-11-16 18:00:00+00:00,34,13,4,13,16,29
5301,2025,11.0,2025-11-16 18:00:00+00:00,21,6,44,17,19,36
5302,2025,11.0,2025-11-16 18:00:00+00:00,24,12,40,20,27,47
5303,2025,11.0,2025-11-16 18:00:00+00:00,28,7,1,34,12,46
5304,2025,11.0,2025-11-16 18:00:00+00:00,15,18,13,35,6,41
5305,2025,11.0,2025-11-16 21:05:00+00:00,19,31,50,21,19,40
5306,2025,11.0,2025-11-16 21:05:00+00:00,1,30,12,22,41,63
5307,2025,11.0,2025-11-16 21:25:00+00:00,8,3,2,16,23,39
5308,2025,11.0,2025-11-16 21:25:00+00:00,10,16,32,22,19,41
5309,2025,11.0,2025-11-17 01:20:00+00:00,27,11,23,16,9,25
5310,2025,11.0,2025-11-18 01:15:00+00:00,17,9,51,16,33,49
5311,2025,12.0,2025-11-21 01:15:00+00:00,13,4,10,23,19,42
5312,2025,12.0,2025-11-23 18:00:00+00:00,6,28,18,31,28,59
5313,2025,12.0,2025-11-23 18:00:00+00:00,7,22,19,20,26,46
5314,2025,12.0,2025-11-23 18:00:00+00:00,11,24,3,34,27,61
5315,2025,12.0,2025-11-23 18:00:00+00:00,12,21,11,23,6,29
5316,2025,12.0,2025-11-23 18:00:00+00:00,34,31,4,24,30,54
5317,2025,12.0,2025-11-23 18:00:00+00:00,16,14,5,23,20,43
5318,2025,12.0,2025-11-23 18:00:00+00:00,3,25,24,23,10,33
5319,2025,12.0,2025-11-23 21:05:00+00:00,17,8,51,10,24,34
5320,2025,12.0,2025-11-23 21:05:00+00:00,1,15,12,24,27,51
5321,2025,12.0,2025-11-23 21:25:00+00:00,9,27,39,24,21,45
5322,2025,12.0,2025-11-23 21:25:00+00:00,23,2,31,10,24,34
5323,2025,12.0,2025-11-24 01:20:00+00:00,19,33,50,34,7,41
5324,2025,12.0,2025-11-25 01:15:00+00:00,30,5,42,20,9,29
5325,2025,13.0,2025-11-27 18:00:00+00:00,11,12,3,24,31,55
5326,2025,13.0,2025-11-27 21:30:00+00:00,9,16,39,31,28,59
5327,2025,13.0,2025-11-28 01:20:00+00:00,3,7,24,14,32,46
5328,2025,13.0,2025-11-28 20:00:00+00:00,27,6,23,15,24,39
5329,2025,13.0,2025-11-30 18:00:00+00:00,8,30,2,8,26,34
5330,2025,13.0,2025-11-30 18:00:00+00:00,34,15,4,3,25,28
5331,2025,13.0,2025-11-30 18:00:00+00:00,14,13,36,16,20,36
5332,2025,13.0,2025-11-30 18:00:00+00:00,20,23,33,21,17,38
5333,2025,13.0,2025-11-30 18:00:00+00:00,25,2,40,27,24,51
5334,2025,13.0,2025-11-30 18:00:00+00:00,33,1,8,20,17,37
5335,2025,13.0,2025-11-30 18:00:00+00:00,5,19,9,31,28,59
5336,2025,13.0,2025-11-30 21:05:00+00:00,31,21,26,26,0,26
5337,2025,13.0,2025-11-30 21:25:00+00:00,28,4,1,7,26,33
5338,2025,13.0,2025-11-30 21:25:00+00:00,18,17,50,31,14,45
5339,2025,13.0,2025-12-01 01:20:00+00:00,36,10,15,26,27,53
5340,2025,13.0,2025-12-02 01:15:00+00:00,22,24,7,33,15,48
5341,2025,14.0,2025-12-05 01:15:00+00:00,11,9,3,44,30,74
5342,2025,14.0,2025-12-07 18:00:00+00:00,2,31,48,9,37,46
5343,2025,14.0,2025-12-07 18:00:00+00:00,4,7,30,39,34,73
5344,2025,14.0,2025-12-07 18:00:00+00:00,8,34,2,29,31,60
5345,2025,14.0,2025-12-07 18:00:00+00:00,21,36,44,31,0,31
5346,2025,14.0,2025-12-07 18:00:00+00:00,25,20,40,10,34,44
5347,2025,14.0,2025-12-07 18:00:00+00:00,33,23,8,20,24,44
5348,2025,14.0,2025-12-07 18:00:00+00:00,15,14,13,36,19,55
5349,2025,14.0,2025-12-07 18:00:00+00:00,3,28,24,22,27,49
5350,2025,14.0,2025-12-07 21:05:00+00:00,17,10,51,17,24,41
5351,2025,14.0,2025-12-07 21:25:00+00:00,12,6,11,28,21,49
5352,2025,14.0,2025-12-07 21:25:00+00:00,1,19,12,17,45,62
5353,2025,14.0,2025-12-08 01:20:00+00:00,16,13,5,10,20,30
5354,2025,14.0,2025-12-09 01:15:00+00:00,18,27,50,22,19,41
5355,2025,15.0,2025-12-12 01:15:00+00:00,33,2,8,28,29,57
5356,2025,15.0,2025-12-14 18:00:00+00:00,6,8,18,31,3,34
5357,2025,15.0,2025-12-14 18:00:00+00:00,7,3,19,0,24,24
5358,2025,15.0,2025-12-14 18:00:00+00:00,16,18,5,13,16,29
5359,2025,15.0,2025-12-14 18:00:00+00:00,22,4,7,31,35,66
5360,2025,15.0,2025-12-14 18:00:00+00:00,24,36,40,21,29,50
5361,2025,15.0,2025-12-14 18:00:00+00:00,27,17,23,31,0,31
5362,2025,15.0,2025-12-14 18:00:00+00:00,15,25,13,48,20,68
5363,2025,15.0,2025-12-14 18:00:00+00:00,13,1,10,40,20,60
5364,2025,15.0,2025-12-14 21:25:00+00:00,10,12,32,34,26,60
5365,2025,15.0,2025-12-14 21:25:00+00:00,19,11,50,41,34,75
5366,2025,15.0,2025-12-14 21:25:00+00:00,23,5,31,20,17,37
5367,2025,15.0,2025-12-14 21:25:00+00:00,30,34,42,37,24,61
5368,2025,15.0,2025-12-14 21:25:00+00:00,31,14,26,18,16,34
5369,2025,15.0,2025-12-15 01:20:00+00:00,9,21,39,26,34,60
5370,2025,15.0,2025-12-16 01:15:00+00:00,28,20,1,28,15,43
5371,2025,16.0,2025-12-19 01:15:00+00:00,31,19,26,38,37,75
5372,2025,16.0,2025-12-20 22:00:00+00:00,36,27,15,18,29,47
5373,2025,16.0,2025-12-21 01:20:00+00:00,6,12,18,22,16,38
5374,2025,16.0,2025-12-21 18:00:00+00:00,8,4,2,20,23,43
5375,2025,16.0,2025-12-21 18:00:00+00:00,9,18,39,17,34,51
5376,2025,16.0,2025-12-21 18:00:00+00:00,34,16,4,26,9,35
5377,2025,16.0,2025-12-21 18:00:00+00:00,20,7,33,21,45,66
5378,2025,16.0,2025-12-21 18:00:00+00:00,23,25,31,29,6,35
5379,2025,16.0,2025-12-21 18:00:00+00:00,24,21,40,13,16,29
5380,2025,16.0,2025-12-21 18:00:00+00:00,5,33,9,23,20,43
5381,2025,16.0,2025-12-21 21:05:00+00:00,10,15,32,20,34,54
5382,2025,16.0,2025-12-21 21:05:00+00:00,1,2,12,19,26,45
5383,2025,16.0,2025-12-21 21:25:00+00:00,11,28,3,24,29,53
5384,2025,16.0,2025-12-21 21:25:00+00:00,13,17,10,23,21,44
5385,2025,16.0,2025-12-22 01:20:00+00:00,3,22,24,24,28,52
5386,2025,16.0,2025-12-23 01:15:00+00:00,14,30,36,27,48,75
5387,2025,17.0,2025-12-25 18:00:00+00:00,36,9,15,23,30,53
5388,2025,17.0,2025-12-25 21:30:00+00:00,21,11,44,23,10,33
5389,2025,17.0,2025-12-26 01:15:00+00:00,16,10,5,13,20,33
5390,2025,17.0,2025-12-27 21:30:00+00:00,18,13,50,16,20,36
5391,2025,17.0,2025-12-28 01:00:00+00:00,12,3,11,24,41,65
5392,2025,17.0,2025-12-28 18:00:00+00:00,7,1,19,37,14,51
5393,2025,17.0,2025-12-28 18:00:00+00:00,8,28,2,13,6,19
5394,2025,17.0,2025-12-28 18:00:00+00:00,34,23,4,26,34,60
5395,2025,17.0,2025-12-28 18:00:00+00:00,14,15,36,17,23,40
5396,2025,17.0,2025-12-28 18:00:00+00:00,20,33,33,20,17,37
5397,2025,17.0,2025-12-28 18:00:00+00:00,25,22,40,10,42,52
5398,2025,17.0,2025-12-28 18:00:00+00:00,5,31,9,10,27,37
5399,2025,17.0,2025-12-28 21:05:00+00:00,17,24,51,10,34,44
5400,2025,17.0,2025-12-28 21:25:00+00:00,4,27,30,12,13,25
5401,2025,17.0,2025-12-29 01:20:00+00:00,30,6,42,42,38,80
5402,2025,17.0,2025-12-30 01:15:00+00:00,2,19,48,27,24,51
5403,2025,18.0,2026-01-03 21:30:00+00:00,33,5,8,16,14,30
5404,2025,18.0,2026-01-04 01:00:00+00:00,30,31,42,3,13,16
5405,2025,18.0,2026-01-04 18:00:00+00:00,2,23,48,19,17,36
5406,2025,18.0,2026-01-04 18:00:00+00:00,7,8,19,18,20,38
5407,2025,18.0,2026-01-04 18:00:00+00:00,21,12,44,16,3,19
5408,2025,18.0,2026-01-04 18:00:00+00:00,24,9,40,34,17,51
5409,2025,18.0,2026-01-04 18:00:00+00:00,15,34,13,41,7,48
5410,2025,18.0,2026-01-04 18:00:00+00:00,13,14,10,38,30,68
5411,2025,18.0,2026-01-04 21:25:00+00:00,4,25,30,35,8,43
5412,2025,18.0,2026-01-04 21:25:00+00:00,6,11,18,16,19,35
5413,2025,18.0,2026-01-04 21:25:00+00:00,10,18,32,19,3,22
5414,2025,18.0,2026-01-04 21:25:00+00:00,17,16,51,14,12,26
5415,2025,18.0,2026-01-04 21:25:00+00:00,19,1,50,37,20,57
5416,2025,18.0,2026-01-04 21:25:00+00:00,22,20,7,38,10,48
5417,2025,18.0,2026-01-04 21:25:00+00:00,27,36,23,17,24,41
5418,2025,18.0,2026-01-05 01:20:00+00:00,28,3,1,26,24,50
5419,2025,1.0,2026-01-10 21:30:00+00:00,5,19,9,31,34,65
5420,2025,1.0,2026-01-11 01:00:00+00:00,6,12,18,31,27,58
5421,2025,1.0,2026-01-11 18:00:00+00:00,15,4,13,24,27,51
5422,2025,1.0,2026-01-11 21:30:00+00:00,27,30,23,19,23,42
5423,2025,1.0,2026-01-12 01:15:00+00:00,22,18,7,16,3,19
5424,2025,1.0,2026-01-13 01:15:00+00:00,28,13,1,6,30,36
5425,2025,2.0,2026-01-17 21:30:00+00:00,10,4,32,33,30,63
5426,2025,2.0,2026-01-18 01:00:00+00:00,31,30,26,41,6,47
5427,2025,2.0,2026-01-18 20:00:00+00:00,22,13,7,28,16,44
5428,2025,2.0,2026-01-18 23:30:00+00:00,6,19,18,17,20,37
5429,2025,3.0,2026-01-25 20:00:00+00:00,10,22,32,7,10,17
5430,2025,3.0,2026-01-25 23:30:00+00:00,31,19,26,31,27,58
